/* Generated by tools/gen_fonts.py from DejaVu Sans Mono and DejaVu Sans Condensed Bold
 * (Bitstream Vera licence). 2-bit alpha glyphs, MSB first, rows of ceil(w/4) bytes. Do not edit. */
#ifndef FONTS_H
#define FONTS_H
#include <stdint.h>
typedef struct { uint8_t w, adv; int8_t dx; uint16_t off; } glyph_t;
typedef struct { const uint8_t *bits; const glyph_t *g; uint8_t h; uint8_t base; } font_t;
static const uint8_t mono16_bits[5130] = {
    0x00, 0x00, 0x00, 0x00, 0x00, 0x00, 0x00, 0x00, 0x00, 0x00, 0x00, 0x00, 0x00, 0x00, 0x00, 0x00, 0x00, 0x00, 0x00, 0x00, 0x00, 0x00, 0x00, 0x00,
    0x00, 0x00, 0x00, 0x00, 0x00, 0x00, 0x00, 0x00, 0x00, 0x00, 0x00, 0x00, 0x00, 0x00, 0x00, 0x00, 0x00, 0x00, 0x00, 0x00, 0x00, 0x00, 0x00, 0x00,
    0x00, 0x00, 0x00, 0x00, 0x00, 0x00, 0x00, 0x00, 0x00, 0x00, 0x00, 0x00, 0x00, 0x00, 0x00, 0x00, 0xd0, 0x00, 0x00, 0xd0, 0x00, 0x00, 0xd0, 0x00,
    0x00, 0xd0, 0x00, 0x00, 0xd0, 0x00, 0x00, 0xc0, 0x00, 0x00, 0xc0, 0x00, 0x00, 0x00, 0x00, 0x00, 0x00, 0x00, 0x00, 0xd0, 0x00, 0x00, 0xd0, 0x00,
    0x00, 0x00, 0x00, 0x00, 0x00, 0x00, 0x00, 0x00, 0x00, 0x00, 0x00, 0x00, 0x00, 0x00, 0x00, 0x00, 0x00, 0x00, 0x00, 0x00, 0x00, 0x0b, 0x28, 0x00,
    0x0b, 0x28, 0x00, 0x0b, 0x28, 0x00, 0x0b, 0x28, 0x00, 0x00, 0x00, 0x00, 0x00, 0x00, 0x00, 0x00, 0x00, 0x00, 0x00, 0x00, 0x00, 0x00, 0x00, 0x00,
    0x00, 0x00, 0x00, 0x00, 0x00, 0x00, 0x00, 0x00, 0x00, 0x00, 0x00, 0x00, 0x00, 0x00, 0x00, 0x00, 0x00, 0x00, 0x00, 0x00, 0x00, 0x00, 0x00, 0x00,
    0x00, 0x00, 0x00, 0x01, 0xc7, 0x00, 0x02, 0x8a, 0x00, 0x03, 0x4d, 0x00, 0x3f, 0xff, 0xc0, 0x07, 0x1c, 0x00, 0x0a, 0x28, 0x00, 0x09, 0x24, 0x00,
    0xff, 0xff, 0x00, 0x0c, 0x70, 0x00, 0x18, 0xa0, 0x00, 0x24, 0xd0, 0x00, 0x00, 0x00, 0x00, 0x00, 0x00, 0x00, 0x00, 0x00, 0x00, 0x00, 0x00, 0x00,
    0x00, 0x00, 0x00, 0x00, 0x00, 0x00, 0x00, 0x80, 0x00, 0x00, 0x80, 0x00, 0x07, 0xf8, 0x00, 0x1d, 0x85, 0x00, 0x2c, 0x80, 0x00, 0x1c, 0x80, 0x00,
    0x0f, 0xd0, 0x00, 0x01, 0xfd, 0x00, 0x00, 0x8b, 0x00, 0x00, 0x87, 0x00, 0x24, 0x8b, 0x00, 0x0b, 0xf8, 0x00, 0x00, 0x80, 0x00, 0x00, 0x80, 0x00,
    0x00, 0x00, 0x00, 0x00, 0x00, 0x00, 0x00, 0x00, 0x00, 0x00, 0x00, 0x00, 0x00, 0x00, 0x00, 0x2e, 0x00, 0x00, 0xa1, 0x80, 0x00, 0x90, 0xc0, 0x00,
    0xa1, 0x80, 0x00, 0x2e, 0x1a, 0x00, 0x02, 0xe0, 0x00, 0x29, 0x2e, 0x00, 0x00, 0xa2, 0x80, 0x00, 0xc1, 0x80, 0x00, 0x92, 0x80, 0x00, 0x2e, 0x00,
    0x00, 0x00, 0x00, 0x00, 0x00, 0x00, 0x00, 0x00, 0x00, 0x00, 0x00, 0x00, 0x00, 0x00, 0x00, 0x00, 0x00, 0x00, 0x00, 0x00, 0x00, 0x07, 0xf4, 0x00,
    0x0d, 0x00, 0x00, 0x0c, 0x00, 0x00, 0x0e, 0x00, 0x00, 0x1f, 0x40, 0x00, 0x35, 0xc1, 0xc0, 0x70, 0xb1, 0x80, 0xb0, 0x3a, 0x80, 0x70, 0x1f, 0x00,
    0x3c, 0x1f, 0x00, 0x0b, 0xe7, 0x80, 0x00, 0x00, 0x00, 0x00, 0x00, 0x00, 0x00, 0x00, 0x00, 0x00, 0x00, 0x00, 0x00, 0x00, 0x00, 0x00, 0x00, 0x00,
    0x00, 0x00, 0x00, 0x00, 0xc0, 0x00, 0x00, 0xc0, 0x00, 0x00, 0xc0, 0x00, 0x00, 0xc0, 0x00, 0x00, 0x00, 0x00, 0x00, 0x00, 0x00, 0x00, 0x00, 0x00,
    0x00, 0x00, 0x00, 0x00, 0x00, 0x00, 0x00, 0x00, 0x00, 0x00, 0x00, 0x00, 0x00, 0x00, 0x00, 0x00, 0x00, 0x00, 0x00, 0x00, 0x00, 0x00, 0x00, 0x00,
    0x00, 0x00, 0x00, 0x00, 0x00, 0x00, 0x00, 0x00, 0x00, 0x00, 0x30, 0x00, 0x00, 0xa0, 0x00, 0x00, 0xd0, 0x00, 0x01, 0xc0, 0x00, 0x02, 0xc0, 0x00,
    0x03, 0x80, 0x00, 0x03, 0x80, 0x00, 0x03, 0x80, 0x00, 0x02, 0xc0, 0x00, 0x01, 0xc0, 0x00, 0x00, 0xd0, 0x00, 0x00, 0xa0, 0x00, 0x00, 0x30, 0x00,
    0x00, 0x00, 0x00, 0x00, 0x00, 0x00, 0x00, 0x00, 0x00, 0x00, 0x00, 0x00, 0x00, 0x00, 0x00, 0x03, 0x00, 0x00, 0x02, 0x80, 0x00, 0x01, 0xc0, 0x00,
    0x00, 0xd0, 0x00, 0x00, 0xa0, 0x00, 0x00, 0xb0, 0x00, 0x00, 0xb0, 0x00, 0x00, 0xb0, 0x00, 0x00, 0xa0, 0x00, 0x00, 0xd0, 0x00, 0x01, 0xc0, 0x00,
    0x02, 0x80, 0x00, 0x03, 0x00, 0x00, 0x00, 0x00, 0x00, 0x00, 0x00, 0x00, 0x00, 0x00, 0x00, 0x00, 0x00, 0x00, 0x00, 0x00, 0x00, 0x00, 0xc0, 0x00,
    0x18, 0xc6, 0x00, 0x06, 0xe4, 0x00, 0x06, 0xe4, 0x00, 0x18, 0xc6, 0x00, 0x00, 0xc0, 0x00, 0x00, 0x00, 0x00, 0x00, 0x00, 0x00, 0x00, 0x00, 0x00,
    0x00, 0x00, 0x00, 0x00, 0x00, 0x00, 0x00, 0x00, 0x00, 0x00, 0x00, 0x00, 0x00, 0x00, 0x00, 0x00, 0x00, 0x00, 0x00, 0x00, 0x00, 0x00, 0x00, 0x00,
    0x00, 0x00, 0x00, 0x00, 0x00, 0x00, 0x00, 0x00, 0x00, 0x00, 0x00, 0x00, 0x00, 0xc0, 0x00, 0x00, 0xc0, 0x00, 0x00, 0xc0, 0x00, 0x7f, 0xff, 0x40,
    0x00, 0xc0, 0x00, 0x00, 0xc0, 0x00, 0x00, 0xc0, 0x00, 0x00, 0x00, 0x00, 0x00, 0x00, 0x00, 0x00, 0x00, 0x00, 0x00, 0x00, 0x00, 0x00, 0x00, 0x00,
    0x00, 0x00, 0x00, 0x00, 0x00, 0x00, 0x00, 0x00, 0x00, 0x00, 0x00, 0x00, 0x00, 0x00, 0x00, 0x00, 0x00, 0x00, 0x00, 0x00, 0x00, 0x00, 0x00, 0x00,
    0x00, 0x00, 0x00, 0x00, 0x00, 0x00, 0x00, 0x00, 0x00, 0x00, 0x00, 0x00, 0x01, 0xe0, 0x00, 0x01, 0xd0, 0x00, 0x02, 0xc0, 0x00, 0x03, 0x40, 0x00,
    0x00, 0x00, 0x00, 0x00, 0x00, 0x00, 0x00, 0x00, 0x00, 0x00, 0x00, 0x00, 0x00, 0x00, 0x00, 0x00, 0x00, 0x00, 0x00, 0x00, 0x00, 0x00, 0x00, 0x00,
    0x00, 0x00, 0x00, 0x00, 0x00, 0x00, 0x00, 0x00, 0x00, 0x07, 0xf4, 0x00, 0x00, 0x00, 0x00, 0x00, 0x00, 0x00, 0x00, 0x00, 0x00, 0x00, 0x00, 0x00,
    0x00, 0x00, 0x00, 0x00, 0x00, 0x00, 0x00, 0x00, 0x00, 0x00, 0x00, 0x00, 0x00, 0x00, 0x00, 0x00, 0x00, 0x00, 0x00, 0x00, 0x00, 0x00, 0x00, 0x00,
    0x00, 0x00, 0x00, 0x00, 0x00, 0x00, 0x00, 0x00, 0x00, 0x00, 0x00, 0x00, 0x00, 0x00, 0x00, 0x00, 0x00, 0x00, 0x00, 0x00, 0x00, 0x00, 0x00, 0x00,
    0x01, 0xd0, 0x00, 0x01, 0xd0, 0x00, 0x00, 0x00, 0x00, 0x00, 0x00, 0x00, 0x00, 0x00, 0x00, 0x00, 0x00, 0x00, 0x00, 0x00, 0x00, 0x00, 0x00, 0x00,
    0x00, 0x00, 0x00, 0x00, 0x0a, 0x00, 0x00, 0x0c, 0x00, 0x00, 0x28, 0x00, 0x00, 0x30, 0x00, 0x00, 0xa0, 0x00, 0x00, 0xd0, 0x00, 0x02, 0xc0, 0x00,
    0x03, 0x40, 0x00, 0x0b, 0x00, 0x00, 0x0d, 0x00, 0x00, 0x2c, 0x00, 0x00, 0x34, 0x00, 0x00, 0x00, 0x00, 0x00, 0x00, 0x00, 0x00, 0x00, 0x00, 0x00,
    0x00, 0x00, 0x00, 0x00, 0x00, 0x00, 0x00, 0x00, 0x00, 0x07, 0xf4, 0x00, 0x0d, 0x1c, 0x00, 0x2c, 0x0e, 0x00, 0x38, 0x0b, 0x00, 0x39, 0xd7, 0x00,
    0x35, 0xd7, 0x00, 0x38, 0x07, 0x00, 0x38, 0x0b, 0x00, 0x2c, 0x0e, 0x00, 0x0d, 0x1c, 0x00, 0x07, 0xf4, 0x00, 0x00, 0x00, 0x00, 0x00, 0x00, 0x00,
    0x00, 0x00, 0x00, 0x00, 0x00, 0x00, 0x00, 0x00, 0x00, 0x00, 0x00, 0x00, 0x00, 0x00, 0x00, 0x06, 0xf0, 0x00, 0x09, 0xb0, 0x00, 0x00, 0xb0, 0x00,
    0x00, 0xb0, 0x00, 0x00, 0xb0, 0x00, 0x00, 0xb0, 0x00, 0x00, 0xb0, 0x00, 0x00, 0xb0, 0x00, 0x00, 0xb0, 0x00, 0x00, 0xb0, 0x00, 0x0f, 0xff, 0x00,
    0x00, 0x00, 0x00, 0x00, 0x00, 0x00, 0x00, 0x00, 0x00, 0x00, 0x00, 0x00, 0x00, 0x00, 0x00, 0x00, 0x00, 0x00, 0x00, 0x00, 0x00, 0x0b, 0xf0, 0x00,
    0x38, 0x2c, 0x00, 0x10, 0x0e, 0x00, 0x00, 0x0e, 0x00, 0x00, 0x1d, 0x00, 0x00, 0x3c, 0x00, 0x00, 0xb0, 0x00, 0x02, 0xc0, 0x00, 0x0b, 0x00, 0x00,
    0x1c, 0x00, 0x00, 0x3f, 0xff, 0x00, 0x00, 0x00, 0x00, 0x00, 0x00, 0x00, 0x00, 0x00, 0x00, 0x00, 0x00, 0x00, 0x00, 0x00, 0x00, 0x00, 0x00, 0x00,
    0x00, 0x00, 0x00, 0x0b, 0xf4, 0x00, 0x24, 0x1c, 0x00, 0x00, 0x0e, 0x00, 0x00, 0x0e, 0x00, 0x00, 0x2c, 0x00, 0x03, 0xf4, 0x00, 0x00, 0x1d, 0x00,
    0x00, 0x0b, 0x00, 0x00, 0x0b, 0x00, 0x24, 0x1d, 0x00, 0x0b, 0xf4, 0x00, 0x00, 0x00, 0x00, 0x00, 0x00, 0x00, 0x00, 0x00, 0x00, 0x00, 0x00, 0x00,
    0x00, 0x00, 0x00, 0x00, 0x00, 0x00, 0x00, 0x00, 0x00, 0x00, 0x3c, 0x00, 0x00, 0xfc, 0x00, 0x02, 0xac, 0x00, 0x03, 0x2c, 0x00, 0x0d, 0x2c, 0x00,
    0x1c, 0x2c, 0x00, 0x30, 0x2c, 0x00, 0x7f, 0xff, 0x40, 0x00, 0x2c, 0x00, 0x00, 0x2c, 0x00, 0x00, 0x2c, 0x00, 0x00, 0x00, 0x00, 0x00, 0x00, 0x00,
    0x00, 0x00, 0x00, 0x00, 0x00, 0x00, 0x00, 0x00, 0x00, 0x00, 0x00, 0x00, 0x00, 0x00, 0x00, 0x1f, 0xfc, 0x00, 0x1c, 0x00, 0x00, 0x1c, 0x00, 0x00,
    0x1c, 0x00, 0x00, 0x1f, 0xf0, 0x00, 0x14, 0x2c, 0x00, 0x00, 0x0e, 0x00, 0x00, 0x0b, 0x00, 0x00, 0x0e, 0x00, 0x24, 0x2c, 0x00, 0x1f, 0xe0, 0x00,
    0x00, 0x00, 0x00, 0x00, 0x00, 0x00, 0x00, 0x00, 0x00, 0x00, 0x00, 0x00, 0x00, 0x00, 0x00, 0x00, 0x00, 0x00, 0x00, 0x00, 0x00, 0x02, 0xf8, 0x00,
    0x0e, 0x04, 0x00, 0x2c, 0x00, 0x00, 0x38, 0x00, 0x00, 0x36, 0xf8, 0x00, 0x3d, 0x0e, 0x00, 0x3c, 0x0b, 0x00, 0x38, 0x07, 0x00, 0x2c, 0x0b, 0x00,
    0x0d, 0x0e, 0x00, 0x07, 0xf8, 0x00, 0x00, 0x00, 0x00, 0x00, 0x00, 0x00, 0x00, 0x00, 0x00, 0x00, 0x00, 0x00, 0x00, 0x00, 0x00, 0x00, 0x00, 0x00,
    0x00, 0x00, 0x00, 0x3f, 0xff, 0x00, 0x00, 0x0e, 0x00, 0x00, 0x1c, 0x00, 0x00, 0x2c, 0x00, 0x00, 0x34, 0x00, 0x00, 0x70, 0x00, 0x00, 0xe0, 0x00,
    0x00, 0xd0, 0x00, 0x02, 0xc0, 0x00, 0x03, 0x80, 0x00, 0x07, 0x00, 0x00, 0x00, 0x00, 0x00, 0x00, 0x00, 0x00, 0x00, 0x00, 0x00, 0x00, 0x00, 0x00,
    0x00, 0x00, 0x00, 0x00, 0x00, 0x00, 0x00, 0x00, 0x00, 0x07, 0xf4, 0x00, 0x1d, 0x1d, 0x00, 0x2c, 0x0a, 0x00, 0x2c, 0x0a, 0x00, 0x0d, 0x1d, 0x00,
    0x07, 0xf4, 0x00, 0x1c, 0x0e, 0x00, 0x38, 0x0b, 0x00, 0x38, 0x0b, 0x00, 0x2d, 0x0e, 0x00, 0x0b, 0xf8, 0x00, 0x00, 0x00, 0x00, 0x00, 0x00, 0x00,
    0x00, 0x00, 0x00, 0x00, 0x00, 0x00, 0x00, 0x00, 0x00, 0x00, 0x00, 0x00, 0x00, 0x00, 0x00, 0x0b, 0xf4, 0x00, 0x2c, 0x1c, 0x00, 0x38, 0x0e, 0x00,
    0x34, 0x0b, 0x00, 0x38, 0x0f, 0x00, 0x2c, 0x1f, 0x00, 0x0b, 0xe7, 0x00, 0x00, 0x0b, 0x00, 0x00, 0x0e, 0x00, 0x04, 0x2c, 0x00, 0x0b, 0xe0, 0x00,
    0x00, 0x00, 0x00, 0x00, 0x00, 0x00, 0x00, 0x00, 0x00, 0x00, 0x00, 0x00, 0x00, 0x00, 0x00, 0x00, 0x00, 0x00, 0x00, 0x00, 0x00, 0x00, 0x00, 0x00,
    0x00, 0x00, 0x00, 0x00, 0x00, 0x00, 0x01, 0xd0, 0x00, 0x01, 0xd0, 0x00, 0x00, 0x00, 0x00, 0x00, 0x00, 0x00, 0x00, 0x00, 0x00, 0x00, 0x00, 0x00,
    0x01, 0xd0, 0x00, 0x01, 0xd0, 0x00, 0x00, 0x00, 0x00, 0x00, 0x00, 0x00, 0x00, 0x00, 0x00, 0x00, 0x00, 0x00, 0x00, 0x00, 0x00, 0x00, 0x00, 0x00,
    0x00, 0x00, 0x00, 0x00, 0x00, 0x00, 0x00, 0x00, 0x00, 0x00, 0x00, 0x00, 0x01, 0xd0, 0x00, 0x01, 0xd0, 0x00, 0x00, 0x00, 0x00, 0x00, 0x00, 0x00,
    0x00, 0x00, 0x00, 0x00, 0x00, 0x00, 0x01, 0xe0, 0x00, 0x01, 0xd0, 0x00, 0x02, 0xc0, 0x00, 0x03, 0x40, 0x00, 0x00, 0x00, 0x00, 0x00, 0x00, 0x00,
    0x00, 0x00, 0x00, 0x00, 0x00, 0x00, 0x00, 0x00, 0x00, 0x00, 0x00, 0x00, 0x00, 0x00, 0x00, 0x00, 0x00, 0x00, 0x00, 0x06, 0x40, 0x00, 0xbe, 0x00,
    0x1f, 0x90, 0x00, 0x78, 0x00, 0x00, 0x1f, 0x90, 0x00, 0x00, 0xbe, 0x00, 0x00, 0x06, 0x40, 0x00, 0x00, 0x00, 0x00, 0x00, 0x00, 0x00, 0x00, 0x00,
    0x00, 0x00, 0x00, 0x00, 0x00, 0x00, 0x00, 0x00, 0x00, 0x00, 0x00, 0x00, 0x00, 0x00, 0x00, 0x00, 0x00, 0x00, 0x00, 0x00, 0x00, 0x00, 0x00, 0x00,
    0x00, 0x00, 0x00, 0x7f, 0xff, 0x40, 0x00, 0x00, 0x00, 0x00, 0x00, 0x00, 0x7f, 0xff, 0x40, 0x00, 0x00, 0x00, 0x00, 0x00, 0x00, 0x00, 0x00, 0x00,
    0x00, 0x00, 0x00, 0x00, 0x00, 0x00, 0x00, 0x00, 0x00, 0x00, 0x00, 0x00, 0x00, 0x00, 0x00, 0x00, 0x00, 0x00, 0x00, 0x00, 0x00, 0x00, 0x00, 0x00,
    0x00, 0x00, 0x00, 0x00, 0x00, 0x00, 0x64, 0x00, 0x00, 0x2f, 0x80, 0x00, 0x01, 0xbd, 0x00, 0x00, 0x0b, 0x40, 0x01, 0xbd, 0x00, 0x2f, 0x80, 0x00,
    0x64, 0x00, 0x00, 0x00, 0x00, 0x00, 0x00, 0x00, 0x00, 0x00, 0x00, 0x00, 0x00, 0x00, 0x00, 0x00, 0x00, 0x00, 0x00, 0x00, 0x00, 0x00, 0x00, 0x00,
    0x00, 0x00, 0x00, 0x07, 0xf4, 0x00, 0x08, 0x1d, 0x00, 0x00, 0x0e, 0x00, 0x00, 0x1d, 0x00, 0x00, 0x78, 0x00, 0x00, 0xe0, 0x00, 0x01, 0xc0, 0x00,
    0x01, 0xc0, 0x00, 0x00, 0x00, 0x00, 0x01, 0xc0, 0x00, 0x01, 0xc0, 0x00, 0x00, 0x00, 0x00, 0x00, 0x00, 0x00, 0x00, 0x00, 0x00, 0x00, 0x00, 0x00,
    0x00, 0x00, 0x00, 0x00, 0x00, 0x00, 0x00, 0x00, 0x00, 0x00, 0x00, 0x00, 0x02, 0xfc, 0x00, 0x1d, 0x07, 0x00, 0x34, 0x02, 0x40, 0x60, 0xbe, 0x80,
    0x92, 0x83, 0x80, 0xd3, 0x01, 0x80, 0xd3, 0x01, 0x80, 0x92, 0x83, 0x80, 0x70, 0xbe, 0x80, 0x34, 0x00, 0x00, 0x0e, 0x00, 0x00, 0x02, 0xfd, 0x00,
    0x00, 0x00, 0x00, 0x00, 0x00, 0x00, 0x00, 0x00, 0x00, 0x00, 0x00, 0x00, 0x00, 0x00, 0x00, 0x02, 0xe0, 0x00, 0x03, 0xf0, 0x00, 0x03, 0x70, 0x00,
    0x07, 0x34, 0x00, 0x0e, 0x2c, 0x00, 0x0d, 0x1c, 0x00, 0x1c, 0x0d, 0x00, 0x2f, 0xfe, 0x00, 0x34, 0x07, 0x00, 0x70, 0x03, 0x40, 0xb0, 0x03, 0x80,
    0x00, 0x00, 0x00, 0x00, 0x00, 0x00, 0x00, 0x00, 0x00, 0x00, 0x00, 0x00, 0x00, 0x00, 0x00, 0x00, 0x00, 0x00, 0x00, 0x00, 0x00, 0x3f, 0xf8, 0x00,
    0x38, 0x0e, 0x00, 0x38, 0x0b, 0x00, 0x38, 0x0b, 0x00, 0x38, 0x0e, 0x00, 0x3f, 0xf8, 0x00, 0x38, 0x0f, 0x00, 0x38, 0x07, 0x00, 0x38, 0x03, 0x40,
    0x38, 0x0b, 0x00, 0x3f, 0xf8, 0x00, 0x00, 0x00, 0x00, 0x00, 0x00, 0x00, 0x00, 0x00, 0x00, 0x00, 0x00, 0x00, 0x00, 0x00, 0x00, 0x00, 0x00, 0x00,
    0x00, 0x00, 0x00, 0x02, 0xfc, 0x00, 0x0f, 0x07, 0x00, 0x1c, 0x01, 0x00, 0x3c, 0x00, 0x00, 0x38, 0x00, 0x00, 0x38, 0x00, 0x00, 0x38, 0x00, 0x00,
    0x3c, 0x00, 0x00, 0x1c, 0x01, 0x00, 0x0f, 0x07, 0x00, 0x02, 0xfc, 0x00, 0x00, 0x00, 0x00, 0x00, 0x00, 0x00, 0x00, 0x00, 0x00, 0x00, 0x00, 0x00,
    0x00, 0x00, 0x00, 0x00, 0x00, 0x00, 0x00, 0x00, 0x00, 0x3f, 0xe0, 0x00, 0x34, 0x2c, 0x00, 0x34, 0x0e, 0x00, 0x34, 0x0b, 0x00, 0x34, 0x0b, 0x00,
    0x34, 0x07, 0x00, 0x34, 0x07, 0x00, 0x34, 0x0b, 0x00, 0x34, 0x0e, 0x00, 0x34, 0x2c, 0x00, 0x3f, 0xe0, 0x00, 0x00, 0x00, 0x00, 0x00, 0x00, 0x00,
    0x00, 0x00, 0x00, 0x00, 0x00, 0x00, 0x00, 0x00, 0x00, 0x00, 0x00, 0x00, 0x00, 0x00, 0x00, 0x2f, 0xff, 0x00, 0x2c, 0x00, 0x00, 0x2c, 0x00, 0x00,
    0x2c, 0x00, 0x00, 0x2c, 0x00, 0x00, 0x2f, 0xfe, 0x00, 0x2c, 0x00, 0x00, 0x2c, 0x00, 0x00, 0x2c, 0x00, 0x00, 0x2c, 0x00, 0x00, 0x2f, 0xff, 0x00,
    0x00, 0x00, 0x00, 0x00, 0x00, 0x00, 0x00, 0x00, 0x00, 0x00, 0x00, 0x00, 0x00, 0x00, 0x00, 0x00, 0x00, 0x00, 0x00, 0x00, 0x00, 0x1f, 0xff, 0x00,
    0x1c, 0x00, 0x00, 0x1c, 0x00, 0x00, 0x1c, 0x00, 0x00, 0x1c, 0x00, 0x00, 0x1f, 0xfe, 0x00, 0x1c, 0x00, 0x00, 0x1c, 0x00, 0x00, 0x1c, 0x00, 0x00,
    0x1c, 0x00, 0x00, 0x1c, 0x00, 0x00, 0x00, 0x00, 0x00, 0x00, 0x00, 0x00, 0x00, 0x00, 0x00, 0x00, 0x00, 0x00, 0x00, 0x00, 0x00, 0x00, 0x00, 0x00,
    0x00, 0x00, 0x00, 0x02, 0xf8, 0x00, 0x0e, 0x0a, 0x00, 0x2c, 0x01, 0x00, 0x38, 0x00, 0x00, 0x34, 0x00, 0x00, 0x34, 0x3f, 0x00, 0x34, 0x07, 0x00,
    0x34, 0x07, 0x00, 0x2c, 0x07, 0x00, 0x0e, 0x0b, 0x00, 0x02, 0xfd, 0x00, 0x00, 0x00, 0x00, 0x00, 0x00, 0x00, 0x00, 0x00, 0x00, 0x00, 0x00, 0x00,
    0x00, 0x00, 0x00, 0x00, 0x00, 0x00, 0x00, 0x00, 0x00, 0x34, 0x07, 0x00, 0x34, 0x07, 0x00, 0x34, 0x07, 0x00, 0x34, 0x07, 0x00, 0x34, 0x07, 0x00,
    0x3f, 0xff, 0x00, 0x34, 0x07, 0x00, 0x34, 0x07, 0x00, 0x34, 0x07, 0x00, 0x34, 0x07, 0x00, 0x34, 0x07, 0x00, 0x00, 0x00, 0x00, 0x00, 0x00, 0x00,
    0x00, 0x00, 0x00, 0x00, 0x00, 0x00, 0x00, 0x00, 0x00, 0x00, 0x00, 0x00, 0x00, 0x00, 0x00, 0x2f, 0xfe, 0x00, 0x00, 0xd0, 0x00, 0x00, 0xd0, 0x00,
    0x00, 0xd0, 0x00, 0x00, 0xd0, 0x00, 0x00, 0xd0, 0x00, 0x00, 0xd0, 0x00, 0x00, 0xd0, 0x00, 0x00, 0xd0, 0x00, 0x00, 0xd0, 0x00, 0x2f, 0xfe, 0x00,
    0x00, 0x00, 0x00, 0x00, 0x00, 0x00, 0x00, 0x00, 0x00, 0x00, 0x00, 0x00, 0x00, 0x00, 0x00, 0x00, 0x00, 0x00, 0x00, 0x00, 0x00, 0x07, 0xfc, 0x00,
    0x00, 0x1c, 0x00, 0x00, 0x1c, 0x00, 0x00, 0x1c, 0x00, 0x00, 0x1c, 0x00, 0x00, 0x1c, 0x00, 0x00, 0x1c, 0x00, 0x00, 0x2c, 0x00, 0x00, 0x2c, 0x00,
    0x34, 0x38, 0x00, 0x1f, 0xe0, 0x00, 0x00, 0x00, 0x00, 0x00, 0x00, 0x00, 0x00, 0x00, 0x00, 0x00, 0x00, 0x00, 0x00, 0x00, 0x00, 0x00, 0x00, 0x00,
    0x00, 0x00, 0x00, 0x34, 0x07, 0x40, 0x34, 0x1d, 0x00, 0x34, 0x74, 0x00, 0x34, 0xe0, 0x00, 0x3b, 0xc0, 0x00, 0x3f, 0xd0, 0x00, 0x38, 0xb0, 0x00,
    0x34, 0x38, 0x00, 0x34, 0x1d, 0x00, 0x34, 0x0f, 0x00, 0x34, 0x03, 0x80, 0x00, 0x00, 0x00, 0x00, 0x00, 0x00, 0x00, 0x00, 0x00, 0x00, 0x00, 0x00,
    0x00, 0x00, 0x00, 0x00, 0x00, 0x00, 0x00, 0x00, 0x00, 0x1c, 0x00, 0x00, 0x1c, 0x00, 0x00, 0x1c, 0x00, 0x00, 0x1c, 0x00, 0x00, 0x1c, 0x00, 0x00,
    0x1c, 0x00, 0x00, 0x1c, 0x00, 0x00, 0x1c, 0x00, 0x00, 0x1c, 0x00, 0x00, 0x1c, 0x00, 0x00, 0x1f, 0xff, 0x40, 0x00, 0x00, 0x00, 0x00, 0x00, 0x00,
    0x00, 0x00, 0x00, 0x00, 0x00, 0x00, 0x00, 0x00, 0x00, 0x00, 0x00, 0x00, 0x00, 0x00, 0x00, 0x7c, 0x0f, 0x40, 0x7c, 0x0f, 0x40, 0x79, 0x1b, 0x40,
    0x73, 0x37, 0x40, 0x73, 0x73, 0x40, 0x72, 0xe3, 0x40, 0x70, 0xc3, 0x40, 0x70, 0x03, 0x40, 0x70, 0x03, 0x40, 0x70, 0x03, 0x40, 0x70, 0x03, 0x40,
    0x00, 0x00, 0x00, 0x00, 0x00, 0x00, 0x00, 0x00, 0x00, 0x00, 0x00, 0x00, 0x00, 0x00, 0x00, 0x00, 0x00, 0x00, 0x00, 0x00, 0x00, 0x3c, 0x07, 0x00,
    0x3e, 0x07, 0x00, 0x3f, 0x07, 0x00, 0x37, 0x47, 0x00, 0x36, 0x87, 0x00, 0x34, 0xc7, 0x00, 0x34, 0xa7, 0x00, 0x34, 0x77, 0x00, 0x34, 0x3f, 0x00,
    0x34, 0x1f, 0x00, 0x34, 0x0f, 0x00, 0x00, 0x00, 0x00, 0x00, 0x00, 0x00, 0x00, 0x00, 0x00, 0x00, 0x00, 0x00, 0x00, 0x00, 0x00, 0x00, 0x00, 0x00,
    0x00, 0x00, 0x00, 0x07, 0xf4, 0x00, 0x1d, 0x1d, 0x00, 0x28, 0x0b, 0x00, 0x38, 0x0b, 0x00, 0x34, 0x07, 0x00, 0x34, 0x07, 0x00, 0x34, 0x07, 0x00,
    0x38, 0x0b, 0x00, 0x28, 0x0b, 0x00, 0x1d, 0x1d, 0x00, 0x07, 0xf4, 0x00, 0x00, 0x00, 0x00, 0x00, 0x00, 0x00, 0x00, 0x00, 0x00, 0x00, 0x00, 0x00,
    0x00, 0x00, 0x00, 0x00, 0x00, 0x00, 0x00, 0x00, 0x00, 0x2f, 0xf8, 0x00, 0x2c, 0x0f, 0x00, 0x2c, 0x07, 0x00, 0x2c, 0x03, 0x40, 0x2c, 0x07, 0x00,
    0x2c, 0x0f, 0x00, 0x2f, 0xf8, 0x00, 0x2c, 0x00, 0x00, 0x2c, 0x00, 0x00, 0x2c, 0x00, 0x00, 0x2c, 0x00, 0x00, 0x00, 0x00, 0x00, 0x00, 0x00, 0x00,
    0x00, 0x00, 0x00, 0x00, 0x00, 0x00, 0x00, 0x00, 0x00, 0x00, 0x00, 0x00, 0x00, 0x00, 0x00, 0x07, 0xf4, 0x00, 0x1d, 0x1d, 0x00, 0x28, 0x0b, 0x00,
    0x38, 0x0b, 0x00, 0x34, 0x07, 0x00, 0x34, 0x07, 0x00, 0x34, 0x07, 0x00, 0x38, 0x0b, 0x00, 0x28, 0x0b, 0x00, 0x1d, 0x1d, 0x00, 0x07, 0xf8, 0x00,
    0x00, 0x3c, 0x00, 0x00, 0x0c, 0x00, 0x00, 0x00, 0x00, 0x00, 0x00, 0x00, 0x00, 0x00, 0x00, 0x00, 0x00, 0x00, 0x00, 0x00, 0x00, 0x3f, 0xf4, 0x00,
    0x38, 0x1d, 0x00, 0x38, 0x0e, 0x00, 0x38, 0x0e, 0x00, 0x38, 0x1d, 0x00, 0x3f, 0xf4, 0x00, 0x38, 0x3c, 0x00, 0x38, 0x0d, 0x00, 0x38, 0x0b, 0x00,
    0x38, 0x03, 0x40, 0x38, 0x03, 0xc0, 0x00, 0x00, 0x00, 0x00, 0x00, 0x00, 0x00, 0x00, 0x00, 0x00, 0x00, 0x00, 0x00, 0x00, 0x00, 0x00, 0x00, 0x00,
    0x00, 0x00, 0x00, 0x07, 0xf4, 0x00, 0x1d, 0x0d, 0x00, 0x38, 0x01, 0x00, 0x38, 0x00, 0x00, 0x2d, 0x00, 0x00, 0x07, 0xf4, 0x00, 0x00, 0x1e, 0x00,
    0x00, 0x07, 0x00, 0x10, 0x07, 0x00, 0x38, 0x1e, 0x00, 0x0b, 0xf8, 0x00, 0x00, 0x00, 0x00, 0x00, 0x00, 0x00, 0x00, 0x00, 0x00, 0x00, 0x00, 0x00,
    0x00, 0x00, 0x00, 0x00, 0x00, 0x00, 0x00, 0x00, 0x00, 0xbf, 0xff, 0x80, 0x00, 0xd0, 0x00, 0x00, 0xd0, 0x00, 0x00, 0xd0, 0x00, 0x00, 0xd0, 0x00,
    0x00, 0xd0, 0x00, 0x00, 0xd0, 0x00, 0x00, 0xd0, 0x00, 0x00, 0xd0, 0x00, 0x00, 0xd0, 0x00, 0x00, 0xd0, 0x00, 0x00, 0x00, 0x00, 0x00, 0x00, 0x00,
    0x00, 0x00, 0x00, 0x00, 0x00, 0x00, 0x00, 0x00, 0x00, 0x00, 0x00, 0x00, 0x00, 0x00, 0x00, 0x38, 0x0b, 0x00, 0x38, 0x0b, 0x00, 0x38, 0x0b, 0x00,
    0x38, 0x0b, 0x00, 0x38, 0x0b, 0x00, 0x38, 0x0b, 0x00, 0x38, 0x0b, 0x00, 0x38, 0x0b, 0x00, 0x38, 0x0b, 0x00, 0x1d, 0x1e, 0x00, 0x07, 0xf4, 0x00,
    0x00, 0x00, 0x00, 0x00, 0x00, 0x00, 0x00, 0x00, 0x00, 0x00, 0x00, 0x00, 0x00, 0x00, 0x00, 0x00, 0x00, 0x00, 0x00, 0x00, 0x00, 0x70, 0x03, 0x40,
    0x34, 0x07, 0x00, 0x38, 0x0b, 0x00, 0x2c, 0x0e, 0x00, 0x1c, 0x0d, 0x00, 0x0d, 0x1c, 0x00, 0x0a, 0x28, 0x00, 0x07, 0x34, 0x00, 0x03, 0x70, 0x00,
    0x03, 0xf0, 0x00, 0x02, 0xe0, 0x00, 0x00, 0x00, 0x00, 0x00, 0x00, 0x00, 0x00, 0x00, 0x00, 0x00, 0x00, 0x00, 0x00, 0x00, 0x00, 0x00, 0x00, 0x00,
    0x00, 0x00, 0x00, 0xd0, 0x01, 0xc0, 0xe0, 0x02, 0xc0, 0xa0, 0x02, 0x80, 0x71, 0xd3, 0x80, 0x72, 0xe3, 0x40, 0x33, 0xb3, 0x00, 0x33, 0x33, 0x00,
    0x3b, 0x3b, 0x00, 0x2e, 0x2f, 0x00, 0x2d, 0x1e, 0x00, 0x1c, 0x0d, 0x00, 0x00, 0x00, 0x00, 0x00, 0x00, 0x00, 0x00, 0x00, 0x00, 0x00, 0x00, 0x00,
    0x00, 0x00, 0x00, 0x00, 0x00, 0x00, 0x00, 0x00, 0x00, 0x38, 0x03, 0x40, 0x1c, 0x0e, 0x00, 0x0e, 0x1c, 0x00, 0x03, 0x74, 0x00, 0x02, 0xf0, 0x00,
    0x01, 0xe0, 0x00, 0x03, 0xb0, 0x00, 0x0b, 0x2c, 0x00, 0x1d, 0x0d, 0x00, 0x38, 0x0b, 0x00, 0xb0, 0x03, 0x80, 0x00, 0x00, 0x00, 0x00, 0x00, 0x00,
    0x00, 0x00, 0x00, 0x00, 0x00, 0x00, 0x00, 0x00, 0x00, 0x00, 0x00, 0x00, 0x00, 0x00, 0x00, 0x70, 0x03, 0x40, 0x38, 0x0b, 0x00, 0x1c, 0x0d, 0x00,
    0x0b, 0x28, 0x00, 0x03, 0xb0, 0x00, 0x02, 0xe0, 0x00, 0x00, 0xd0, 0x00, 0x00, 0xd0, 0x00, 0x00, 0xd0, 0x00, 0x00, 0xd0, 0x00, 0x00, 0xd0, 0x00,
    0x00, 0x00, 0x00, 0x00, 0x00, 0x00, 0x00, 0x00, 0x00, 0x00, 0x00, 0x00, 0x00, 0x00, 0x00, 0x00, 0x00, 0x00, 0x00, 0x00, 0x00, 0x2f, 0xff, 0x40,
    0x00, 0x0b, 0x00, 0x00, 0x0e, 0x00, 0x00, 0x3c, 0x00, 0x00, 0xb0, 0x00, 0x00, 0xe0, 0x00, 0x03, 0xc0, 0x00, 0x07, 0x40, 0x00, 0x0e, 0x00, 0x00,
    0x2c, 0x00, 0x00, 0x3f, 0xff, 0x80, 0x00, 0x00, 0x00, 0x00, 0x00, 0x00, 0x00, 0x00, 0x00, 0x00, 0x00, 0x00, 0x00, 0x00, 0x00, 0x00, 0x00, 0x00,
    0x00, 0x00, 0x00, 0x02, 0xf8, 0x00, 0x02, 0x80, 0x00, 0x02, 0x80, 0x00, 0x02, 0x80, 0x00, 0x02, 0x80, 0x00, 0x02, 0x80, 0x00, 0x02, 0x80, 0x00,
    0x02, 0x80, 0x00, 0x02, 0x80, 0x00, 0x02, 0x80, 0x00, 0x02, 0x80, 0x00, 0x02, 0x80, 0x00, 0x02, 0xf8, 0x00, 0x00, 0x00, 0x00, 0x00, 0x00, 0x00,
    0x00, 0x00, 0x00, 0x00, 0x00, 0x00, 0x00, 0x00, 0x00, 0x34, 0x00, 0x00, 0x2c, 0x00, 0x00, 0x0d, 0x00, 0x00, 0x0b, 0x00, 0x00, 0x03, 0x40, 0x00,
    0x02, 0xc0, 0x00, 0x00, 0xd0, 0x00, 0x00, 0xa0, 0x00, 0x00, 0x30, 0x00, 0x00, 0x28, 0x00, 0x00, 0x0c, 0x00, 0x00, 0x0a, 0x00, 0x00, 0x00, 0x00,
    0x00, 0x00, 0x00, 0x00, 0x00, 0x00, 0x00, 0x00, 0x00, 0x00, 0x00, 0x00, 0x00, 0x00, 0x00, 0x07, 0xe0, 0x00, 0x00, 0xa0, 0x00, 0x00, 0xa0, 0x00,
    0x00, 0xa0, 0x00, 0x00, 0xa0, 0x00, 0x00, 0xa0, 0x00, 0x00, 0xa0, 0x00, 0x00, 0xa0, 0x00, 0x00, 0xa0, 0x00, 0x00, 0xa0, 0x00, 0x00, 0xa0, 0x00,
    0x00, 0xa0, 0x00, 0x07, 0xe0, 0x00, 0x00, 0x00, 0x00, 0x00, 0x00, 0x00, 0x00, 0x00, 0x00, 0x00, 0x00, 0x00, 0x00, 0x00, 0x00, 0x02, 0xe0, 0x00,
    0x07, 0x74, 0x00, 0x0d, 0x1d, 0x00, 0x34, 0x07, 0x00, 0x00, 0x00, 0x00, 0x00, 0x00, 0x00, 0x00, 0x00, 0x00, 0x00, 0x00, 0x00, 0x00, 0x00, 0x00,
    0x00, 0x00, 0x00, 0x00, 0x00, 0x00, 0x00, 0x00, 0x00, 0x00, 0x00, 0x00, 0x00, 0x00, 0x00, 0x00, 0x00, 0x00, 0x00, 0x00, 0x00, 0x00, 0x00, 0x00,
    0x00, 0x00, 0x00, 0x00, 0x00, 0x00, 0x00, 0x00, 0x00, 0x00, 0x00, 0x00, 0x00, 0x00, 0x00, 0x00, 0x00, 0x00, 0x00, 0x00, 0x00, 0x00, 0x00, 0x00,
    0x00, 0x00, 0x00, 0x00, 0x00, 0x00, 0x00, 0x00, 0x00, 0x00, 0x00, 0x00, 0x00, 0x00, 0x00, 0x00, 0x00, 0x00, 0x00, 0x00, 0x00, 0xff, 0xff, 0xc0,
    0x00, 0x00, 0x00, 0x00, 0x00, 0x00, 0x0b, 0x00, 0x00, 0x03, 0x80, 0x00, 0x00, 0xc0, 0x00, 0x00, 0x00, 0x00, 0x00, 0x00, 0x00, 0x00, 0x00, 0x00,
    0x00, 0x00, 0x00, 0x00, 0x00, 0x00, 0x00, 0x00, 0x00, 0x00, 0x00, 0x00, 0x00, 0x00, 0x00, 0x00, 0x00, 0x00, 0x00, 0x00, 0x00, 0x00, 0x00, 0x00,
    0x00, 0x00, 0x00, 0x00, 0x00, 0x00, 0x00, 0x00, 0x00, 0x00, 0x00, 0x00, 0x00, 0x00, 0x00, 0x00, 0x00, 0x00, 0x00, 0x00, 0x00, 0x00, 0x00, 0x00,
    0x07, 0xf4, 0x00, 0x18, 0x0d, 0x00, 0x00, 0x0a, 0x00, 0x0b, 0xfe, 0x00, 0x2c, 0x0b, 0x00, 0x34, 0x0f, 0x00, 0x38, 0x2f, 0x00, 0x0f, 0xeb, 0x00,
    0x00, 0x00, 0x00, 0x00, 0x00, 0x00, 0x00, 0x00, 0x00, 0x00, 0x00, 0x00, 0x00, 0x00, 0x00, 0x00, 0x00, 0x00, 0x00, 0x00, 0x00, 0x2c, 0x00, 0x00,
    0x2c, 0x00, 0x00, 0x2c, 0x00, 0x00, 0x2e, 0xf8, 0x00, 0x2e, 0x0e, 0x00, 0x2c, 0x0b, 0x00, 0x2c, 0x07, 0x00, 0x2c, 0x07, 0x00, 0x2c, 0x07, 0x00,
    0x2e, 0x0d, 0x00, 0x2e, 0xf8, 0x00, 0x00, 0x00, 0x00, 0x00, 0x00, 0x00, 0x00, 0x00, 0x00, 0x00, 0x00, 0x00, 0x00, 0x00, 0x00, 0x00, 0x00, 0x00,
    0x00, 0x00, 0x00, 0x00, 0x00, 0x00, 0x00, 0x00, 0x00, 0x00, 0x00, 0x00, 0x02, 0xfc, 0x00, 0x0f, 0x02, 0x00, 0x1c, 0x00, 0x00, 0x2c, 0x00, 0x00,
    0x2c, 0x00, 0x00, 0x1c, 0x00, 0x00, 0x0f, 0x02, 0x00, 0x02, 0xfc, 0x00, 0x00, 0x00, 0x00, 0x00, 0x00, 0x00, 0x00, 0x00, 0x00, 0x00, 0x00, 0x00,
    0x00, 0x00, 0x00, 0x00, 0x00, 0x00, 0x00, 0x00, 0x00, 0x00, 0x0a, 0x00, 0x00, 0x0a, 0x00, 0x00, 0x0a, 0x00, 0x0b, 0xea, 0x00, 0x1d, 0x2e, 0x00,
    0x38, 0x0e, 0x00, 0x34, 0x0e, 0x00, 0x34, 0x0e, 0x00, 0x38, 0x0e, 0x00, 0x1c, 0x2e, 0x00, 0x0b, 0xea, 0x00, 0x00, 0x00, 0x00, 0x00, 0x00, 0x00,
    0x00, 0x00, 0x00, 0x00, 0x00, 0x00, 0x00, 0x00, 0x00, 0x00, 0x00, 0x00, 0x00, 0x00, 0x00, 0x00, 0x00, 0x00, 0x00, 0x00, 0x00, 0x00, 0x00, 0x00,
    0x07, 0xf4, 0x00, 0x1d, 0x0d, 0x00, 0x38, 0x07, 0x00, 0x34, 0x07, 0x00, 0x3f, 0xff, 0x00, 0x34, 0x00, 0x00, 0x1d, 0x06, 0x00, 0x07, 0xf8, 0x00,
    0x00, 0x00, 0x00, 0x00, 0x00, 0x00, 0x00, 0x00, 0x00, 0x00, 0x00, 0x00, 0x00, 0x00, 0x00, 0x00, 0x00, 0x00, 0x00, 0x00, 0x00, 0x00, 0xbf, 0x00,
    0x00, 0xc0, 0x00, 0x01, 0xc0, 0x00, 0x2f, 0xff, 0x00, 0x01, 0xc0, 0x00, 0x01, 0xc0, 0x00, 0x01, 0xc0, 0x00, 0x01, 0xc0, 0x00, 0x01, 0xc0, 0x00,
    0x01, 0xc0, 0x00, 0x01, 0xc0, 0x00, 0x00, 0x00, 0x00, 0x00, 0x00, 0x00, 0x00, 0x00, 0x00, 0x00, 0x00, 0x00, 0x00, 0x00, 0x00, 0x00, 0x00, 0x00,
    0x00, 0x00, 0x00, 0x00, 0x00, 0x00, 0x00, 0x00, 0x00, 0x00, 0x00, 0x00, 0x0b, 0xea, 0x00, 0x1d, 0x2e, 0x00, 0x38, 0x0e, 0x00, 0x34, 0x0e, 0x00,
    0x34, 0x0e, 0x00, 0x38, 0x0e, 0x00, 0x1d, 0x2e, 0x00, 0x0b, 0xea, 0x00, 0x00, 0x0d, 0x00, 0x08, 0x1c, 0x00, 0x07, 0xf4, 0x00, 0x00, 0x00, 0x00,
    0x00, 0x00, 0x00, 0x00, 0x00, 0x00, 0x00, 0x00, 0x00, 0x2c, 0x00, 0x00, 0x2c, 0x00, 0x00, 0x2c, 0x00, 0x00, 0x2d, 0xf8, 0x00, 0x2e, 0x0d, 0x00,
    0x2c, 0x0a, 0x00, 0x2c, 0x0a, 0x00, 0x2c, 0x0a, 0x00, 0x2c, 0x0a, 0x00, 0x2c, 0x0a, 0x00, 0x2c, 0x0a, 0x00, 0x00, 0x00, 0x00, 0x00, 0x00, 0x00,
    0x00, 0x00, 0x00, 0x00, 0x00, 0x00, 0x00, 0x00, 0x00, 0x00, 0x00, 0x00, 0x00, 0x00, 0x00, 0x00, 0xd0, 0x00, 0x00, 0xd0, 0x00, 0x00, 0x00, 0x00,
    0x0f, 0xd0, 0x00, 0x00, 0xd0, 0x00, 0x00, 0xd0, 0x00, 0x00, 0xd0, 0x00, 0x00, 0xd0, 0x00, 0x00, 0xd0, 0x00, 0x00, 0xd0, 0x00, 0x2f, 0xff, 0x00,
    0x00, 0x00, 0x00, 0x00, 0x00, 0x00, 0x00, 0x00, 0x00, 0x00, 0x00, 0x00, 0x00, 0x00, 0x00, 0x00, 0x00, 0x00, 0x00, 0x00, 0x00, 0x00, 0xb0, 0x00,
    0x00, 0xb0, 0x00, 0x00, 0x00, 0x00, 0x0f, 0xf0, 0x00, 0x00, 0xb0, 0x00, 0x00, 0xb0, 0x00, 0x00, 0xb0, 0x00, 0x00, 0xb0, 0x00, 0x00, 0xb0, 0x00,
    0x00, 0xb0, 0x00, 0x00, 0xb0, 0x00, 0x00, 0xa0, 0x00, 0x00, 0xd0, 0x00, 0x2f, 0x80, 0x00, 0x00, 0x00, 0x00, 0x00, 0x00, 0x00, 0x00, 0x00, 0x00,
    0x00, 0x00, 0x00, 0x1c, 0x00, 0x00, 0x1c, 0x00, 0x00, 0x1c, 0x00, 0x00, 0x1c, 0x0e, 0x00, 0x1c, 0x38, 0x00, 0x1d, 0xe0, 0x00, 0x1f, 0xd0, 0x00,
    0x1d, 0x70, 0x00, 0x1c, 0x2c, 0x00, 0x1c, 0x0e, 0x00, 0x1c, 0x03, 0x40, 0x00, 0x00, 0x00, 0x00, 0x00, 0x00, 0x00, 0x00, 0x00, 0x00, 0x00, 0x00,
    0x00, 0x00, 0x00, 0x00, 0x00, 0x00, 0x00, 0x00, 0x00, 0x3f, 0x80, 0x00, 0x02, 0x80, 0x00, 0x02, 0x80, 0x00, 0x02, 0x80, 0x00, 0x02, 0x80, 0x00,
    0x02, 0x80, 0x00, 0x02, 0x80, 0x00, 0x02, 0x80, 0x00, 0x02, 0x80, 0x00, 0x01, 0xc0, 0x00, 0x00, 0xbe, 0x00, 0x00, 0x00, 0x00, 0x00, 0x00, 0x00,
    0x00, 0x00, 0x00, 0x00, 0x00, 0x00, 0x00, 0x00, 0x00, 0x00, 0x00, 0x00, 0x00, 0x00, 0x00, 0x00, 0x00, 0x00, 0x00, 0x00, 0x00, 0x00, 0x00, 0x00,
    0x3b, 0xae, 0x00, 0x35, 0xd3, 0x00, 0x30, 0xc3, 0x40, 0x30, 0xc3, 0x40, 0x30, 0xc3, 0x40, 0x30, 0xc3, 0x40, 0x30, 0xc3, 0x40, 0x30, 0xc3, 0x40,
    0x00, 0x00, 0x00, 0x00, 0x00, 0x00, 0x00, 0x00, 0x00, 0x00, 0x00, 0x00, 0x00, 0x00, 0x00, 0x00, 0x00, 0x00, 0x00, 0x00, 0x00, 0x00, 0x00, 0x00,
    0x00, 0x00, 0x00, 0x00, 0x00, 0x00, 0x2d, 0xf8, 0x00, 0x2e, 0x0d, 0x00, 0x2c, 0x0a, 0x00, 0x2c, 0x0a, 0x00, 0x2c, 0x0a, 0x00, 0x2c, 0x0a, 0x00,
    0x2c, 0x0a, 0x00, 0x2c, 0x0a, 0x00, 0x00, 0x00, 0x00, 0x00, 0x00, 0x00, 0x00, 0x00, 0x00, 0x00, 0x00, 0x00, 0x00, 0x00, 0x00, 0x00, 0x00, 0x00,
    0x00, 0x00, 0x00, 0x00, 0x00, 0x00, 0x00, 0x00, 0x00, 0x00, 0x00, 0x00, 0x07, 0xf4, 0x00, 0x1d, 0x1d, 0x00, 0x38, 0x0b, 0x00, 0x34, 0x07, 0x00,
    0x34, 0x07, 0x00, 0x38, 0x0b, 0x00, 0x1d, 0x1d, 0x00, 0x07, 0xf4, 0x00, 0x00, 0x00, 0x00, 0x00, 0x00, 0x00, 0x00, 0x00, 0x00, 0x00, 0x00, 0x00,
    0x00, 0x00, 0x00, 0x00, 0x00, 0x00, 0x00, 0x00, 0x00, 0x00, 0x00, 0x00, 0x00, 0x00, 0x00, 0x00, 0x00, 0x00, 0x2e, 0xf8, 0x00, 0x2e, 0x0d, 0x00,
    0x2c, 0x0b, 0x00, 0x2c, 0x07, 0x00, 0x2c, 0x07, 0x00, 0x2c, 0x0b, 0x00, 0x2e, 0x0d, 0x00, 0x2e, 0xf8, 0x00, 0x2c, 0x00, 0x00, 0x2c, 0x00, 0x00,
    0x2c, 0x00, 0x00, 0x00, 0x00, 0x00, 0x00, 0x00, 0x00, 0x00, 0x00, 0x00, 0x00, 0x00, 0x00, 0x00, 0x00, 0x00, 0x00, 0x00, 0x00, 0x00, 0x00, 0x00,
    0x07, 0xea, 0x00, 0x1d, 0x1e, 0x00, 0x38, 0x0e, 0x00, 0x34, 0x0a, 0x00, 0x34, 0x0a, 0x00, 0x38, 0x0e, 0x00, 0x1d, 0x1e, 0x00, 0x0b, 0xea, 0x00,
    0x00, 0x0a, 0x00, 0x00, 0x0a, 0x00, 0x00, 0x0a, 0x00, 0x00, 0x00, 0x00, 0x00, 0x00, 0x00, 0x00, 0x00, 0x00, 0x00, 0x00, 0x00, 0x00, 0x00, 0x00,
    0x00, 0x00, 0x00, 0x00, 0x00, 0x00, 0x07, 0x2f, 0x00, 0x07, 0x91, 0x40, 0x07, 0x40, 0x00, 0x07, 0x00, 0x00, 0x07, 0x00, 0x00, 0x07, 0x00, 0x00,
    0x07, 0x00, 0x00, 0x07, 0x00, 0x00, 0x00, 0x00, 0x00, 0x00, 0x00, 0x00, 0x00, 0x00, 0x00, 0x00, 0x00, 0x00, 0x00, 0x00, 0x00, 0x00, 0x00, 0x00,
    0x00, 0x00, 0x00, 0x00, 0x00, 0x00, 0x00, 0x00, 0x00, 0x00, 0x00, 0x00, 0x07, 0xf4, 0x00, 0x0d, 0x08, 0x00, 0x1c, 0x00, 0x00, 0x0f, 0x90, 0x00,
    0x01, 0x7c, 0x00, 0x00, 0x0d, 0x00, 0x18, 0x1d, 0x00, 0x07, 0xf4, 0x00, 0x00, 0x00, 0x00, 0x00, 0x00, 0x00, 0x00, 0x00, 0x00, 0x00, 0x00, 0x00,
    0x00, 0x00, 0x00, 0x00, 0x00, 0x00, 0x00, 0x00, 0x00, 0x00, 0x00, 0x00, 0x03, 0x80, 0x00, 0x03, 0x80, 0x00, 0x3f, 0xfe, 0x00, 0x03, 0x80, 0x00,
    0x03, 0x80, 0x00, 0x03, 0x80, 0x00, 0x03, 0x80, 0x00, 0x03, 0x80, 0x00, 0x02, 0xc0, 0x00, 0x00, 0xfe, 0x00, 0x00, 0x00, 0x00, 0x00, 0x00, 0x00,
    0x00, 0x00, 0x00, 0x00, 0x00, 0x00, 0x00, 0x00, 0x00, 0x00, 0x00, 0x00, 0x00, 0x00, 0x00, 0x00, 0x00, 0x00, 0x00, 0x00, 0x00, 0x00, 0x00, 0x00,
    0x2c, 0x0a, 0x00, 0x2c, 0x0a, 0x00, 0x2c, 0x0a, 0x00, 0x2c, 0x0a, 0x00, 0x2c, 0x0a, 0x00, 0x2c, 0x0e, 0x00, 0x1d, 0x1e, 0x00, 0x0b, 0xea, 0x00,
    0x00, 0x00, 0x00, 0x00, 0x00, 0x00, 0x00, 0x00, 0x00, 0x00, 0x00, 0x00, 0x00, 0x00, 0x00, 0x00, 0x00, 0x00, 0x00, 0x00, 0x00, 0x00, 0x00, 0x00,
    0x00, 0x00, 0x00, 0x00, 0x00, 0x00, 0x34, 0x07, 0x00, 0x28, 0x0a, 0x00, 0x1c, 0x0d, 0x00, 0x0d, 0x1c, 0x00, 0x0a, 0x28, 0x00, 0x07, 0x34, 0x00,
    0x03, 0xf0, 0x00, 0x02, 0xe0, 0x00, 0x00, 0x00, 0x00, 0x00, 0x00, 0x00, 0x00, 0x00, 0x00, 0x00, 0x00, 0x00, 0x00, 0x00, 0x00, 0x00, 0x00, 0x00,
    0x00, 0x00, 0x00, 0x00, 0x00, 0x00, 0x00, 0x00, 0x00, 0x00, 0x00, 0x00, 0xd0, 0x01, 0xc0, 0xa0, 0x02, 0x80, 0x70, 0xc3, 0x40, 0x31, 0xd3, 0x00,
    0x36, 0x77, 0x00, 0x2b, 0x3a, 0x00, 0x1e, 0x2d, 0x00, 0x0d, 0x1c, 0x00, 0x00, 0x00, 0x00, 0x00, 0x00, 0x00, 0x00, 0x00, 0x00, 0x00, 0x00, 0x00,
    0x00, 0x00, 0x00, 0x00, 0x00, 0x00, 0x00, 0x00, 0x00, 0x00, 0x00, 0x00, 0x00, 0x00, 0x00, 0x00, 0x00, 0x00, 0x38, 0x0b, 0x00, 0x0d, 0x1c, 0x00,
    0x07, 0x74, 0x00, 0x01, 0xe0, 0x00, 0x02, 0xf0, 0x00, 0x0b, 0x38, 0x00, 0x1d, 0x0d, 0x00, 0x34, 0x07, 0x00, 0x00, 0x00, 0x00, 0x00, 0x00, 0x00,
    0x00, 0x00, 0x00, 0x00, 0x00, 0x00, 0x00, 0x00, 0x00, 0x00, 0x00, 0x00, 0x00, 0x00, 0x00, 0x00, 0x00, 0x00, 0x00, 0x00, 0x00, 0x00, 0x00, 0x00,
    0x34, 0x03, 0x00, 0x2c, 0x0b, 0x00, 0x0c, 0x0d, 0x00, 0x0e, 0x1c, 0x00, 0x07, 0x28, 0x00, 0x03, 0x74, 0x00, 0x02, 0xf0, 0x00, 0x00, 0xd0, 0x00,
    0x01, 0xc0, 0x00, 0x03, 0x80, 0x00, 0x2e, 0x00, 0x00, 0x00, 0x00, 0x00, 0x00, 0x00, 0x00, 0x00, 0x00, 0x00, 0x00, 0x00, 0x00, 0x00, 0x00, 0x00,
    0x00, 0x00, 0x00, 0x00, 0x00, 0x00, 0x1f, 0xfe, 0x00, 0x00, 0x0d, 0x00, 0x00, 0x38, 0x00, 0x00, 0xe0, 0x00, 0x02, 0xc0, 0x00, 0x07, 0x00, 0x00,
    0x1d, 0x00, 0x00, 0x2f, 0xfe, 0x00, 0x00, 0x00, 0x00, 0x00, 0x00, 0x00, 0x00, 0x00, 0x00, 0x00, 0x00, 0x00, 0x00, 0x00, 0x00, 0x00, 0x00, 0x00,
    0x00, 0x00, 0x00, 0x00, 0x7d, 0x00, 0x00, 0xe0, 0x00, 0x00, 0xd0, 0x00, 0x00, 0xd0, 0x00, 0x00, 0xc0, 0x00, 0x02, 0xc0, 0x00, 0x1f, 0x40, 0x00,
    0x02, 0xc0, 0x00, 0x00, 0xc0, 0x00, 0x00, 0xc0, 0x00, 0x00, 0xd0, 0x00, 0x00, 0xd0, 0x00, 0x00, 0xe0, 0x00, 0x00, 0x7d, 0x00, 0x00, 0x00, 0x00,
    0x00, 0x00, 0x00, 0x00, 0x00, 0x00, 0x00, 0x00, 0x00, 0x00, 0xc0, 0x00, 0x00, 0xc0, 0x00, 0x00, 0xc0, 0x00, 0x00, 0xc0, 0x00, 0x00, 0xc0, 0x00,
    0x00, 0xc0, 0x00, 0x00, 0xc0, 0x00, 0x00, 0xc0, 0x00, 0x00, 0xc0, 0x00, 0x00, 0xc0, 0x00, 0x00, 0xc0, 0x00, 0x00, 0xc0, 0x00, 0x00, 0xc0, 0x00,
    0x00, 0xc0, 0x00, 0x00, 0xc0, 0x00, 0x00, 0x00, 0x00, 0x00, 0x00, 0x00, 0x00, 0x00, 0x00, 0x1f, 0x40, 0x00, 0x02, 0xc0, 0x00, 0x00, 0xc0, 0x00,
    0x00, 0xc0, 0x00, 0x00, 0xc0, 0x00, 0x00, 0xe0, 0x00, 0x00, 0x7d, 0x00, 0x00, 0xe0, 0x00, 0x00, 0xc0, 0x00, 0x00, 0xc0, 0x00, 0x00, 0xc0, 0x00,
    0x01, 0xc0, 0x00, 0x02, 0xc0, 0x00, 0x1f, 0x40, 0x00, 0x00, 0x00, 0x00, 0x00, 0x00, 0x00, 0x00, 0x00, 0x00, 0x00, 0x00, 0x00, 0x00, 0x00, 0x00,
    0x00, 0x00, 0x00, 0x00, 0x00, 0x00, 0x00, 0x00, 0x00, 0x00, 0x00, 0x00, 0x2f, 0x81, 0x40, 0x50, 0x7e, 0x00, 0x00, 0x00, 0x00, 0x00, 0x00, 0x00,
    0x00, 0x00, 0x00, 0x00, 0x00, 0x00, 0x00, 0x00, 0x00, 0x00, 0x00, 0x00, 0x00, 0x00, 0x00, 0x00, 0x00, 0x00,
};
static const glyph_t mono16_glyphs[95] = {
    {9, 9, 0, 0}, /* ' ' */
    {9, 9, 0, 54}, /* '!' */
    {9, 9, 0, 108}, /* '"' */
    {9, 9, 0, 162}, /* '#' */
    {9, 9, 0, 216}, /* '$' */
    {9, 9, 0, 270}, /* '%' */
    {9, 9, 0, 324}, /* '&' */
    {9, 9, 0, 378}, /* ''' */
    {9, 9, 0, 432}, /* '(' */
    {9, 9, 0, 486}, /* ')' */
    {9, 9, 0, 540}, /* '*' */
    {9, 9, 0, 594}, /* '+' */
    {9, 9, 0, 648}, /* ',' */
    {9, 9, 0, 702}, /* '-' */
    {9, 9, 0, 756}, /* '.' */
    {9, 9, 0, 810}, /* '/' */
    {9, 9, 0, 864}, /* '0' */
    {9, 9, 0, 918}, /* '1' */
    {9, 9, 0, 972}, /* '2' */
    {9, 9, 0, 1026}, /* '3' */
    {9, 9, 0, 1080}, /* '4' */
    {9, 9, 0, 1134}, /* '5' */
    {9, 9, 0, 1188}, /* '6' */
    {9, 9, 0, 1242}, /* '7' */
    {9, 9, 0, 1296}, /* '8' */
    {9, 9, 0, 1350}, /* '9' */
    {9, 9, 0, 1404}, /* ':' */
    {9, 9, 0, 1458}, /* ';' */
    {9, 9, 0, 1512}, /* '<' */
    {9, 9, 0, 1566}, /* '=' */
    {9, 9, 0, 1620}, /* '>' */
    {9, 9, 0, 1674}, /* '?' */
    {9, 9, 0, 1728}, /* '@' */
    {9, 9, 0, 1782}, /* 'A' */
    {9, 9, 0, 1836}, /* 'B' */
    {9, 9, 0, 1890}, /* 'C' */
    {9, 9, 0, 1944}, /* 'D' */
    {9, 9, 0, 1998}, /* 'E' */
    {9, 9, 0, 2052}, /* 'F' */
    {9, 9, 0, 2106}, /* 'G' */
    {9, 9, 0, 2160}, /* 'H' */
    {9, 9, 0, 2214}, /* 'I' */
    {9, 9, 0, 2268}, /* 'J' */
    {9, 9, 0, 2322}, /* 'K' */
    {9, 9, 0, 2376}, /* 'L' */
    {9, 9, 0, 2430}, /* 'M' */
    {9, 9, 0, 2484}, /* 'N' */
    {9, 9, 0, 2538}, /* 'O' */
    {9, 9, 0, 2592}, /* 'P' */
    {9, 9, 0, 2646}, /* 'Q' */
    {10, 9, 0, 2700}, /* 'R' */
    {9, 9, 0, 2754}, /* 'S' */
    {9, 9, 0, 2808}, /* 'T' */
    {9, 9, 0, 2862}, /* 'U' */
    {9, 9, 0, 2916}, /* 'V' */
    {10, 9, 0, 2970}, /* 'W' */
    {9, 9, 0, 3024}, /* 'X' */
    {9, 9, 0, 3078}, /* 'Y' */
    {9, 9, 0, 3132}, /* 'Z' */
    {9, 9, 0, 3186}, /* '[' */
    {9, 9, 0, 3240}, /* 'backslash' */
    {9, 9, 0, 3294}, /* ']' */
    {9, 9, 0, 3348}, /* '^' */
    {10, 9, 0, 3402}, /* '_' */
    {9, 9, 0, 3456}, /* '`' */
    {9, 9, 0, 3510}, /* 'a' */
    {9, 9, 0, 3564}, /* 'b' */
    {9, 9, 0, 3618}, /* 'c' */
    {9, 9, 0, 3672}, /* 'd' */
    {9, 9, 0, 3726}, /* 'e' */
    {9, 9, 0, 3780}, /* 'f' */
    {9, 9, 0, 3834}, /* 'g' */
    {9, 9, 0, 3888}, /* 'h' */
    {9, 9, 0, 3942}, /* 'i' */
    {9, 9, 0, 3996}, /* 'j' */
    {9, 9, 0, 4050}, /* 'k' */
    {9, 9, 0, 4104}, /* 'l' */
    {9, 9, 0, 4158}, /* 'm' */
    {9, 9, 0, 4212}, /* 'n' */
    {9, 9, 0, 4266}, /* 'o' */
    {9, 9, 0, 4320}, /* 'p' */
    {9, 9, 0, 4374}, /* 'q' */
    {9, 9, 0, 4428}, /* 'r' */
    {9, 9, 0, 4482}, /* 's' */
    {9, 9, 0, 4536}, /* 't' */
    {9, 9, 0, 4590}, /* 'u' */
    {9, 9, 0, 4644}, /* 'v' */
    {10, 9, 0, 4698}, /* 'w' */
    {9, 9, 0, 4752}, /* 'x' */
    {9, 9, 0, 4806}, /* 'y' */
    {9, 9, 0, 4860}, /* 'z' */
    {9, 9, 0, 4914}, /* '{' */
    {9, 9, 0, 4968}, /* '|' */
    {9, 9, 0, 5022}, /* '}' */
    {9, 9, 0, 5076}, /* '~' */
};
static const font_t mono16 = { mono16_bits, mono16_glyphs, 18, 14 };
static const uint8_t cond24_bits[9594] = {
    0x00, 0x00, 0x00, 0x00, 0x00, 0x00, 0x00, 0x00, 0x00, 0x00, 0x00, 0x00, 0x00, 0x00, 0x00, 0x00, 0x00, 0x00, 0x00, 0x00, 0x00, 0x00, 0x00, 0x00,
    0x00, 0x00, 0x00, 0x00, 0x00, 0x00, 0x00, 0x00, 0x00, 0x00, 0x00, 0x00, 0x00, 0x00, 0x00, 0x00, 0x00, 0x00, 0x00, 0x00, 0x00, 0x00, 0x00, 0x00,
    0x00, 0x00, 0x00, 0x00, 0x00, 0x00, 0x00, 0x00, 0x00, 0x00, 0x00, 0x00, 0x00, 0x00, 0x00, 0x00, 0x03, 0xf8, 0x00, 0x03, 0xfc, 0x00, 0x03, 0xfc,
    0x00, 0x03, 0xfc, 0x00, 0x03, 0xfc, 0x00, 0x03, 0xfc, 0x00, 0x03, 0xfc, 0x00, 0x03, 0xfc, 0x00, 0x03, 0xfc, 0x00, 0x03, 0xfc, 0x00, 0x03, 0xfc,
    0x00, 0x03, 0xfc, 0x00, 0x01, 0xf4, 0x00, 0x01, 0xa4, 0x00, 0x03, 0xfc, 0x00, 0x03, 0xfc, 0x00, 0x03, 0xfc, 0x00, 0x02, 0xf8, 0x00, 0x00, 0x00,
    0x00, 0x00, 0x00, 0x00, 0x00, 0x00, 0x00, 0x00, 0x00, 0x00, 0x00, 0x00, 0x00, 0x00, 0x00, 0x00, 0x00, 0x00, 0x00, 0x00, 0x00, 0x00, 0x0f, 0xef,
    0xc0, 0x0f, 0xff, 0xc0, 0x0f, 0xff, 0xc0, 0x0f, 0xff, 0xc0, 0x0f, 0xff, 0xc0, 0x0f, 0xff, 0xc0, 0x0f, 0xff, 0xc0, 0x0b, 0xdf, 0xc0, 0x00, 0x00,
    0x00, 0x00, 0x00, 0x00, 0x00, 0x00, 0x00, 0x00, 0x00, 0x00, 0x00, 0x00, 0x00, 0x00, 0x00, 0x00, 0x00, 0x00, 0x00, 0x00, 0x00, 0x00, 0x00, 0x00,
    0x00, 0x00, 0x00, 0x00, 0x00, 0x00, 0x00, 0x00, 0x00, 0x00, 0x00, 0x00, 0x00, 0x00, 0x00, 0x00, 0x00, 0x00, 0x00, 0x00, 0x00, 0x00, 0x00, 0x00,
    0x00, 0x00, 0x00, 0x00, 0x00, 0x00, 0x00, 0x00, 0x00, 0x00, 0x00, 0x00, 0x00, 0x01, 0xf4, 0xf8, 0x00, 0x00, 0x03, 0xfa, 0xfc, 0x00, 0x00, 0x03,
    0xf7, 0xfc, 0x00, 0x00, 0x07, 0xf3, 0xf8, 0x00, 0x00, 0x5b, 0xf7, 0xf9, 0x00, 0x07, 0xff, 0xff, 0xff, 0xc0, 0x07, 0xff, 0xff, 0xff, 0xc0, 0x07,
    0xff, 0xff, 0xff, 0xc0, 0x00, 0x6f, 0xdf, 0xe5, 0x00, 0x00, 0x3f, 0xdf, 0xd0, 0x00, 0x1f, 0xff, 0xff, 0xff, 0x00, 0x1f, 0xff, 0xff, 0xff, 0x00,
    0x1f, 0xff, 0xff, 0xff, 0x00, 0x06, 0xff, 0xbf, 0xa9, 0x00, 0x00, 0xfe, 0xbf, 0x00, 0x00, 0x00, 0xfd, 0xbf, 0x00, 0x00, 0x01, 0xfd, 0xfe, 0x00,
    0x00, 0x00, 0xfc, 0xbd, 0x00, 0x00, 0x00, 0x00, 0x00, 0x00, 0x00, 0x00, 0x00, 0x00, 0x00, 0x00, 0x00, 0x00, 0x00, 0x00, 0x00, 0x00, 0x00, 0x00,
    0x00, 0x00, 0x00, 0x00, 0x00, 0x00, 0x00, 0x00, 0x00, 0x00, 0x00, 0x00, 0x00, 0x00, 0x00, 0x0a, 0x00, 0x00, 0x00, 0x1f, 0x80, 0x00, 0x00, 0x1f,
    0xc0, 0x00, 0x00, 0xbf, 0xfd, 0x00, 0x03, 0xff, 0xff, 0x00, 0x0f, 0xff, 0xff, 0x00, 0x0f, 0xff, 0xef, 0x00, 0x1f, 0xef, 0x80, 0x00, 0x1f, 0xff,
    0x80, 0x00, 0x0f, 0xff, 0xe0, 0x00, 0x07, 0xff, 0xfe, 0x00, 0x01, 0xff, 0xff, 0x40, 0x00, 0x2f, 0xff, 0x80, 0x00, 0x1f, 0xff, 0xc0, 0x0e, 0x1f,
    0xbf, 0xc0, 0x1f, 0xff, 0xff, 0x80, 0x1f, 0xff, 0xff, 0x40, 0x0f, 0xff, 0xfd, 0x00, 0x01, 0xbf, 0xe0, 0x00, 0x00, 0x1f, 0x80, 0x00, 0x00, 0x1f,
    0x80, 0x00, 0x00, 0x0f, 0x80, 0x00, 0x00, 0x00, 0x00, 0x00, 0x00, 0x00, 0x00, 0x00, 0x00, 0x00, 0x00, 0x00, 0x00, 0x00, 0x00, 0x00, 0x00, 0x00,
    0x00, 0x00, 0x00, 0x00, 0x00, 0x10, 0x00, 0x05, 0x00, 0x00, 0x03, 0xff, 0x00, 0x3f, 0x80, 0x00, 0x0f, 0xff, 0xc0, 0x7f, 0x40, 0x00, 0x1f, 0xff,
    0xd0, 0xff, 0x00, 0x00, 0x2f, 0xcf, 0xe2, 0xfd, 0x00, 0x00, 0x3f, 0x8f, 0xe3, 0xfc, 0x00, 0x00, 0x3f, 0x8f, 0xeb, 0xf0, 0x00, 0x00, 0x2f, 0xcf,
    0xff, 0xe0, 0x00, 0x00, 0x2f, 0xff, 0xff, 0xc5, 0x00, 0x00, 0x0f, 0xff, 0xff, 0xff, 0xf0, 0x00, 0x03, 0xff, 0xff, 0xff, 0xfc, 0x00, 0x00, 0x55,
    0xff, 0xff, 0xfd, 0x00, 0x00, 0x03, 0xff, 0xfc, 0xfe, 0x00, 0x00, 0x07, 0xf7, 0xf8, 0xfe, 0x00, 0x00, 0x0f, 0xf3, 0xf8, 0xfe, 0x00, 0x00, 0x2f,
    0xd3, 0xfc, 0xfe, 0x00, 0x00, 0x3f, 0xc2, 0xff, 0xfd, 0x00, 0x00, 0xbf, 0x00, 0xff, 0xf8, 0x00, 0x00, 0xfe, 0x00, 0x3f, 0xe0, 0x00, 0x00, 0x14,
    0x00, 0x01, 0x00, 0x00, 0x00, 0x00, 0x00, 0x00, 0x00, 0x00, 0x00, 0x00, 0x00, 0x00, 0x00, 0x00, 0x00, 0x00, 0x00, 0x00, 0x00, 0x00, 0x00, 0x00,
    0x00, 0x00, 0x00, 0x00, 0x00, 0x00, 0x00, 0x00, 0x00, 0x00, 0x00, 0x00, 0x00, 0x00, 0x01, 0x00, 0x00, 0x00, 0x00, 0x3f, 0xfd, 0x00, 0x00, 0x00,
    0xff, 0xff, 0x00, 0x00, 0x02, 0xff, 0xff, 0x00, 0x00, 0x03, 0xfd, 0x7f, 0x00, 0x00, 0x03, 0xfc, 0x00, 0x00, 0x00, 0x03, 0xfc, 0x00, 0x00, 0x00,
    0x02, 0xff, 0x00, 0x00, 0x00, 0x03, 0xff, 0xc0, 0x29, 0x00, 0x0b, 0xff, 0xe0, 0xbf, 0x00, 0x0f, 0xff, 0xf8, 0xff, 0x00, 0x2f, 0xdb, 0xfd, 0xff,
    0x00, 0x2f, 0xc2, 0xff, 0xfd, 0x00, 0x2f, 0xc0, 0xff, 0xfc, 0x00, 0x2f, 0xe0, 0x3f, 0xf8, 0x00, 0x1f, 0xf9, 0xbf, 0xfc, 0x00, 0x0f, 0xff, 0xff,
    0xff, 0x00, 0x03, 0xff, 0xff, 0xff, 0x80, 0x00, 0xbf, 0xf8, 0x7f, 0x80, 0x00, 0x01, 0x00, 0x00, 0x00, 0x00, 0x00, 0x00, 0x00, 0x00, 0x00, 0x00,
    0x00, 0x00, 0x00, 0x00, 0x00, 0x00, 0x00, 0x00, 0x00, 0x00, 0x00, 0x00, 0x00, 0x00, 0x00, 0x00, 0x0f, 0xd0, 0x0f, 0xe0, 0x0f, 0xe0, 0x0f, 0xe0,
    0x0f, 0xe0, 0x0f, 0xe0, 0x0f, 0xe0, 0x0b, 0xd0, 0x00, 0x00, 0x00, 0x00, 0x00, 0x00, 0x00, 0x00, 0x00, 0x00, 0x00, 0x00, 0x00, 0x00, 0x00, 0x00,
    0x00, 0x00, 0x00, 0x00, 0x00, 0x00, 0x00, 0x00, 0x00, 0x00, 0x00, 0x00, 0x00, 0x00, 0x00, 0x00, 0x00, 0x00, 0x00, 0x00, 0x00, 0x00, 0x29, 0x00,
    0x00, 0xbf, 0x00, 0x00, 0xfe, 0x00, 0x02, 0xfc, 0x00, 0x03, 0xfc, 0x00, 0x07, 0xf4, 0x00, 0x0b, 0xf0, 0x00, 0x0f, 0xf0, 0x00, 0x0f, 0xf0, 0x00,
    0x0f, 0xe0, 0x00, 0x1f, 0xe0, 0x00, 0x1f, 0xe0, 0x00, 0x0f, 0xe0, 0x00, 0x0f, 0xf0, 0x00, 0x0f, 0xf0, 0x00, 0x0b, 0xf0, 0x00, 0x07, 0xf4, 0x00,
    0x03, 0xfc, 0x00, 0x02, 0xfc, 0x00, 0x00, 0xfe, 0x00, 0x00, 0xbf, 0x00, 0x00, 0x3e, 0x00, 0x00, 0x00, 0x00, 0x00, 0x00, 0x00, 0x00, 0x00, 0x00,
    0x00, 0x00, 0x00, 0x0a, 0x40, 0x00, 0x1f, 0xd0, 0x00, 0x0f, 0xf0, 0x00, 0x0b, 0xf4, 0x00, 0x03, 0xf8, 0x00, 0x03, 0xfc, 0x00, 0x01, 0xfd, 0x00,
    0x01, 0xfe, 0x00, 0x00, 0xff, 0x00, 0x00, 0xff, 0x00, 0x00, 0xff, 0x00, 0x00, 0xff, 0x00, 0x00, 0xff, 0x00, 0x00, 0xff, 0x00, 0x00, 0xfe, 0x00,
    0x01, 0xfd, 0x00, 0x02, 0xfc, 0x00, 0x03, 0xfc, 0x00, 0x07, 0xf4, 0x00, 0x0f, 0xf0, 0x00, 0x1f, 0xd0, 0x00, 0x0f, 0x80, 0x00, 0x00, 0x00, 0x00,
    0x00, 0x00, 0x00, 0x00, 0x00, 0x00, 0x00, 0x00, 0x00, 0x00, 0x14, 0x00, 0x00, 0xbd, 0x00, 0x04, 0xbe, 0x10, 0x3f, 0xbe, 0xfc, 0x7f, 0xff, 0xfc,
    0x2f, 0xff, 0xf8, 0x07, 0xff, 0xd0, 0x1f, 0xff, 0xf4, 0x7f, 0xff, 0xfc, 0x3f, 0xff, 0xfc, 0x18, 0xbe, 0x24, 0x00, 0xbd, 0x00, 0x00, 0x28, 0x00,
    0x00, 0x00, 0x00, 0x00, 0x00, 0x00, 0x00, 0x00, 0x00, 0x00, 0x00, 0x00, 0x00, 0x00, 0x00, 0x00, 0x00, 0x00, 0x00, 0x00, 0x00, 0x00, 0x00, 0x00,
    0x00, 0x00, 0x00, 0x00, 0x00, 0x00, 0x00, 0x00, 0x00, 0x00, 0x00, 0x00, 0x00, 0x00, 0x00, 0x00, 0x00, 0x00, 0x00, 0x00, 0x00, 0x00, 0x00, 0x00,
    0x00, 0x00, 0x00, 0x00, 0x00, 0x00, 0x00, 0x00, 0x00, 0x00, 0x00, 0x00, 0x00, 0x00, 0xb8, 0x00, 0x00, 0x00, 0x02, 0xfc, 0x00, 0x00, 0x00, 0x02,
    0xfc, 0x00, 0x00, 0x00, 0x02, 0xfc, 0x00, 0x00, 0x00, 0x02, 0xfc, 0x00, 0x00, 0x00, 0x02, 0xfc, 0x00, 0x00, 0x07, 0xff, 0xff, 0xff, 0x00, 0x0f,
    0xff, 0xff, 0xff, 0x40, 0x0f, 0xff, 0xff, 0xff, 0x40, 0x0b, 0xff, 0xff, 0xff, 0x40, 0x00, 0x02, 0xfc, 0x00, 0x00, 0x00, 0x02, 0xfc, 0x00, 0x00,
    0x00, 0x02, 0xfc, 0x00, 0x00, 0x00, 0x02, 0xfc, 0x00, 0x00, 0x00, 0x02, 0xfc, 0x00, 0x00, 0x00, 0x01, 0xfc, 0x00, 0x00, 0x00, 0x00, 0x00, 0x00,
    0x00, 0x00, 0x00, 0x00, 0x00, 0x00, 0x00, 0x00, 0x00, 0x00, 0x00, 0x00, 0x00, 0x00, 0x00, 0x00, 0x00, 0x00, 0x00, 0x00, 0x00, 0x00, 0x00, 0x00,
    0x00, 0x00, 0x00, 0x00, 0x00, 0x00, 0x00, 0x00, 0x00, 0x00, 0x00, 0x00, 0x00, 0x00, 0x00, 0x00, 0x00, 0x00, 0x00, 0x00, 0x00, 0x00, 0x00, 0x00,
    0x00, 0x00, 0x02, 0xa0, 0x0b, 0xf4, 0x0b, 0xf4, 0x0f, 0xf0, 0x0f, 0xf0, 0x0f, 0xd0, 0x1f, 0xc0, 0x06, 0x00, 0x00, 0x00, 0x00, 0x00, 0x00, 0x00,
    0x00, 0x00, 0x00, 0x00, 0x00, 0x00, 0x00, 0x00, 0x00, 0x00, 0x00, 0x00, 0x00, 0x00, 0x00, 0x00, 0x00, 0x00, 0x00, 0x00, 0x00, 0x00, 0x00, 0x00,
    0x00, 0x00, 0x00, 0x00, 0x00, 0x00, 0x00, 0x00, 0x00, 0x00, 0x00, 0x2f, 0xfe, 0x00, 0x3f, 0xff, 0x00, 0x3f, 0xff, 0x00, 0x2f, 0xfe, 0x00, 0x00,
    0x00, 0x00, 0x00, 0x00, 0x00, 0x00, 0x00, 0x00, 0x00, 0x00, 0x00, 0x00, 0x00, 0x00, 0x00, 0x00, 0x00, 0x00, 0x00, 0x00, 0x00, 0x00, 0x00, 0x00,
    0x00, 0x00, 0x00, 0x00, 0x00, 0x00, 0x00, 0x00, 0x00, 0x00, 0x00, 0x00, 0x00, 0x00, 0x00, 0x00, 0x00, 0x00, 0x00, 0x00, 0x00, 0x00, 0x00, 0x00,
    0x00, 0x00, 0x00, 0x00, 0x00, 0x00, 0x00, 0x00, 0x00, 0x00, 0x00, 0x00, 0x06, 0xa0, 0x0f, 0xf0, 0x0f, 0xf0, 0x0f, 0xf0, 0x0b, 0xf0, 0x00, 0x00,
    0x00, 0x00, 0x00, 0x00, 0x00, 0x00, 0x00, 0x00, 0x00, 0x00, 0x00, 0x00, 0x00, 0x00, 0x00, 0x00, 0x00, 0x00, 0x00, 0x2f, 0x40, 0x00, 0x3f, 0x80,
    0x00, 0x7f, 0x40, 0x00, 0xbf, 0x00, 0x00, 0xfe, 0x00, 0x01, 0xfd, 0x00, 0x02, 0xfc, 0x00, 0x03, 0xfc, 0x00, 0x03, 0xf8, 0x00, 0x07, 0xf4, 0x00,
    0x0b, 0xf0, 0x00, 0x0f, 0xf0, 0x00, 0x0f, 0xe0, 0x00, 0x2f, 0xc0, 0x00, 0x3f, 0xc0, 0x00, 0x3f, 0x80, 0x00, 0x7f, 0x40, 0x00, 0xbf, 0x00, 0x00,
    0xff, 0x00, 0x00, 0xbd, 0x00, 0x00, 0x00, 0x00, 0x00, 0x00, 0x00, 0x00, 0x00, 0x00, 0x00, 0x00, 0x00, 0x00, 0x00, 0x00, 0x00, 0x00, 0x00, 0x00,
    0x00, 0x01, 0x00, 0x00, 0x00, 0x7f, 0xf0, 0x00, 0x02, 0xff, 0xfd, 0x00, 0x07, 0xff, 0xff, 0x00, 0x0f, 0xf9, 0xff, 0x40, 0x0f, 0xf0, 0x7f, 0x80,
    0x1f, 0xe0, 0x3f, 0xc0, 0x2f, 0xd0, 0x3f, 0xc0, 0x2f, 0xd0, 0x2f, 0xc0, 0x2f, 0xd0, 0x2f, 0xd0, 0x2f, 0xd0, 0x2f, 0xd0, 0x2f, 0xd0, 0x2f, 0xc0,
    0x2f, 0xd0, 0x3f, 0xc0, 0x1f, 0xe0, 0x3f, 0xc0, 0x0f, 0xf0, 0x7f, 0x80, 0x0f, 0xf9, 0xff, 0x40, 0x07, 0xff, 0xff, 0x00, 0x02, 0xff, 0xfd, 0x00,
    0x00, 0x7f, 0xf0, 0x00, 0x00, 0x01, 0x00, 0x00, 0x00, 0x00, 0x00, 0x00, 0x00, 0x00, 0x00, 0x00, 0x00, 0x00, 0x00, 0x00, 0x00, 0x00, 0x00, 0x00,
    0x00, 0x00, 0x00, 0x00, 0x00, 0x00, 0x00, 0x00, 0x00, 0x00, 0x00, 0x00, 0x01, 0xbf, 0xd0, 0x00, 0x0b, 0xff, 0xe0, 0x00, 0x0f, 0xff, 0xe0, 0x00,
    0x0f, 0xff, 0xe0, 0x00, 0x06, 0x6f, 0xe0, 0x00, 0x00, 0x1f, 0xe0, 0x00, 0x00, 0x1f, 0xe0, 0x00, 0x00, 0x1f, 0xe0, 0x00, 0x00, 0x1f, 0xe0, 0x00,
    0x00, 0x1f, 0xe0, 0x00, 0x00, 0x1f, 0xe0, 0x00, 0x00, 0x1f, 0xe0, 0x00, 0x00, 0x1f, 0xe0, 0x00, 0x00, 0x1f, 0xe0, 0x00, 0x03, 0xff, 0xff, 0x40,
    0x0b, 0xff, 0xff, 0xc0, 0x0b, 0xff, 0xff, 0xc0, 0x07, 0xff, 0xff, 0x40, 0x00, 0x00, 0x00, 0x00, 0x00, 0x00, 0x00, 0x00, 0x00, 0x00, 0x00, 0x00,
    0x00, 0x00, 0x00, 0x00, 0x00, 0x00, 0x00, 0x00, 0x00, 0x00, 0x00, 0x00, 0x00, 0x00, 0x00, 0x00, 0x00, 0x05, 0x00, 0x00, 0x06, 0xff, 0xe0, 0x00,
    0x1f, 0xff, 0xfc, 0x00, 0x1f, 0xff, 0xff, 0x00, 0x1f, 0xea, 0xff, 0x40, 0x0e, 0x00, 0xbf, 0x40, 0x00, 0x00, 0x7f, 0x80, 0x00, 0x00, 0xbf, 0x40,
    0x00, 0x01, 0xff, 0x00, 0x00, 0x03, 0xfe, 0x00, 0x00, 0x0f, 0xfc, 0x00, 0x00, 0x2f, 0xf0, 0x00, 0x00, 0xbf, 0xd0, 0x00, 0x02, 0xff, 0x40, 0x00,
    0x07, 0xfe, 0x00, 0x00, 0x0f, 0xff, 0xff, 0x00, 0x2f, 0xff, 0xff, 0x80, 0x2f, 0xff, 0xff, 0x80, 0x1f, 0xff, 0xff, 0x40, 0x00, 0x00, 0x00, 0x00,
    0x00, 0x00, 0x00, 0x00, 0x00, 0x00, 0x00, 0x00, 0x00, 0x00, 0x00, 0x00, 0x00, 0x00, 0x00, 0x00, 0x00, 0x00, 0x00, 0x00, 0x00, 0x00, 0x00, 0x00,
    0x00, 0x05, 0x00, 0x00, 0x07, 0xff, 0xf4, 0x00, 0x0f, 0xff, 0xfd, 0x00, 0x0f, 0xff, 0xff, 0x00, 0x0f, 0xea, 0xff, 0x40, 0x00, 0x00, 0x7f, 0x80,
    0x00, 0x00, 0x7f, 0x80, 0x00, 0x16, 0xff, 0x40, 0x00, 0xff, 0xff, 0x00, 0x00, 0xff, 0xfd, 0x00, 0x00, 0xff, 0xff, 0x00, 0x00, 0x15, 0xff, 0x80,
    0x00, 0x00, 0x3f, 0xc0, 0x00, 0x00, 0x3f, 0xc0, 0x08, 0x00, 0x7f, 0xc0, 0x1f, 0xea, 0xff, 0x80, 0x2f, 0xff, 0xff, 0x00, 0x1f, 0xff, 0xfd, 0x00,
    0x0b, 0xff, 0xf4, 0x00, 0x00, 0x04, 0x00, 0x00, 0x00, 0x00, 0x00, 0x00, 0x00, 0x00, 0x00, 0x00, 0x00, 0x00, 0x00, 0x00, 0x00, 0x00, 0x00, 0x00,
    0x00, 0x00, 0x00, 0x00, 0x00, 0x00, 0x00, 0x00, 0x00, 0x00, 0x00, 0x00, 0x00, 0x03, 0xfc, 0x00, 0x00, 0x0b, 0xfd, 0x00, 0x00, 0x0f, 0xfd, 0x00,
    0x00, 0x2f, 0xfd, 0x00, 0x00, 0x7f, 0xfd, 0x00, 0x00, 0xff, 0xfd, 0x00, 0x01, 0xff, 0xfd, 0x00, 0x03, 0xfe, 0xfd, 0x00, 0x0b, 0xf6, 0xfd, 0x00,
    0x0f, 0xf2, 0xfd, 0x00, 0x3f, 0xfb, 0xff, 0x80, 0x3f, 0xff, 0xff, 0xd0, 0x3f, 0xff, 0xff, 0xd0, 0x3f, 0xff, 0xff, 0xd0, 0x00, 0x02, 0xfe, 0x00,
    0x00, 0x02, 0xfd, 0x00, 0x00, 0x02, 0xfd, 0x00, 0x00, 0x01, 0xfc, 0x00, 0x00, 0x00, 0x00, 0x00, 0x00, 0x00, 0x00, 0x00, 0x00, 0x00, 0x00, 0x00,
    0x00, 0x00, 0x00, 0x00, 0x00, 0x00, 0x00, 0x00, 0x00, 0x00, 0x00, 0x00, 0x00, 0x00, 0x00, 0x00, 0x00, 0x00, 0x00, 0x00, 0x0b, 0xff, 0xfe, 0x00,
    0x0f, 0xff, 0xff, 0x00, 0x0f, 0xff, 0xff, 0x00, 0x0f, 0xff, 0xfd, 0x00, 0x0f, 0xf0, 0x00, 0x00, 0x0f, 0xfa, 0x40, 0x00, 0x0f, 0xff, 0xf4, 0x00,
    0x0f, 0xff, 0xfd, 0x00, 0x0f, 0xff, 0xff, 0x00, 0x0b, 0x95, 0xff, 0x80, 0x00, 0x00, 0x7f, 0x80, 0x00, 0x00, 0x3f, 0xc0, 0x00, 0x00, 0x3f, 0xc0,
    0x04, 0x00, 0xbf, 0x80, 0x1f, 0xeb, 0xff, 0x40, 0x1f, 0xff, 0xff, 0x00, 0x1f, 0xff, 0xfc, 0x00, 0x0b, 0xff, 0xe0, 0x00, 0x00, 0x04, 0x00, 0x00,
    0x00, 0x00, 0x00, 0x00, 0x00, 0x00, 0x00, 0x00, 0x00, 0x00, 0x00, 0x00, 0x00, 0x00, 0x00, 0x00, 0x00, 0x00, 0x00, 0x00, 0x00, 0x00, 0x00, 0x00,
    0x00, 0x00, 0x40, 0x00, 0x00, 0x2f, 0xfe, 0x00, 0x00, 0xff, 0xff, 0x40, 0x03, 0xff, 0xff, 0x40, 0x07, 0xfe, 0xaf, 0x40, 0x0f, 0xf4, 0x00, 0x00,
    0x0f, 0xf6, 0x90, 0x00, 0x1f, 0xff, 0xfc, 0x00, 0x2f, 0xff, 0xff, 0x00, 0x2f, 0xff, 0xff, 0x80, 0x2f, 0xf8, 0x7f, 0xc0, 0x2f, 0xf0, 0x3f, 0xc0,
    0x1f, 0xe0, 0x2f, 0xd0, 0x1f, 0xf0, 0x2f, 0xd0, 0x0f, 0xf0, 0x3f, 0xc0, 0x0b, 0xfd, 0xbf, 0xc0, 0x03, 0xff, 0xff, 0x40, 0x02, 0xff, 0xfe, 0x00,
    0x00, 0x7f, 0xf8, 0x00, 0x00, 0x01, 0x00, 0x00, 0x00, 0x00, 0x00, 0x00, 0x00, 0x00, 0x00, 0x00, 0x00, 0x00, 0x00, 0x00, 0x00, 0x00, 0x00, 0x00,
    0x00, 0x00, 0x00, 0x00, 0x00, 0x00, 0x00, 0x00, 0x00, 0x00, 0x00, 0x00, 0x0f, 0xff, 0xff, 0x80, 0x1f, 0xff, 0xff, 0xc0, 0x1f, 0xff, 0xff, 0x80,
    0x0b, 0xff, 0xff, 0x40, 0x00, 0x00, 0xff, 0x00, 0x00, 0x01, 0xfe, 0x00, 0x00, 0x03, 0xfd, 0x00, 0x00, 0x03, 0xfc, 0x00, 0x00, 0x07, 0xf8, 0x00,
    0x00, 0x0f, 0xf4, 0x00, 0x00, 0x0f, 0xf0, 0x00, 0x00, 0x2f, 0xe0, 0x00, 0x00, 0x3f, 0xd0, 0x00, 0x00, 0x3f, 0xc0, 0x00, 0x00, 0xbf, 0x80, 0x00,
    0x00, 0xff, 0x00, 0x00, 0x00, 0xff, 0x00, 0x00, 0x00, 0xfd, 0x00, 0x00, 0x00, 0x00, 0x00, 0x00, 0x00, 0x00, 0x00, 0x00, 0x00, 0x00, 0x00, 0x00,
    0x00, 0x00, 0x00, 0x00, 0x00, 0x00, 0x00, 0x00, 0x00, 0x00, 0x00, 0x00, 0x00, 0x00, 0x00, 0x00, 0x00, 0x05, 0x00, 0x00, 0x00, 0xbf, 0xf8, 0x00,
    0x03, 0xff, 0xfe, 0x00, 0x0f, 0xff, 0xff, 0x40, 0x0f, 0xf9, 0xff, 0x80, 0x1f, 0xe0, 0x3f, 0xc0, 0x0f, 0xe0, 0x3f, 0xc0, 0x0f, 0xf9, 0xbf, 0x80,
    0x0b, 0xff, 0xff, 0x00, 0x03, 0xff, 0xfe, 0x00, 0x0f, 0xff, 0xff, 0x40, 0x1f, 0xf9, 0xff, 0xc0, 0x2f, 0xe0, 0x3f, 0xc0, 0x2f, 0xd0, 0x2f, 0xc0,
    0x2f, 0xe0, 0x3f, 0xc0, 0x1f, 0xf9, 0xff, 0xc0, 0x0f, 0xff, 0xff, 0x80, 0x07, 0xff, 0xff, 0x00, 0x00, 0xff, 0xf8, 0x00, 0x00, 0x05, 0x00, 0x00,
    0x00, 0x00, 0x00, 0x00, 0x00, 0x00, 0x00, 0x00, 0x00, 0x00, 0x00, 0x00, 0x00, 0x00, 0x00, 0x00, 0x00, 0x00, 0x00, 0x00, 0x00, 0x00, 0x00, 0x00,
    0x00, 0x05, 0x00, 0x00, 0x00, 0xbf, 0xf0, 0x00, 0x03, 0xff, 0xfc, 0x00, 0x0f, 0xff, 0xff, 0x00, 0x1f, 0xfa, 0xff, 0x40, 0x2f, 0xe0, 0x7f, 0x80,
    0x2f, 0xd0, 0x3f, 0xc0, 0x2f, 0xd0, 0x3f, 0xc0, 0x2f, 0xd0, 0x7f, 0xc0, 0x1f, 0xf4, 0xff, 0xc0, 0x0f, 0xff, 0xff, 0xc0, 0x07, 0xff, 0xff, 0xc0,
    0x01, 0xff, 0xff, 0xc0, 0x00, 0x19, 0xbf, 0xc0, 0x00, 0x00, 0xff, 0x40, 0x0b, 0xeb, 0xff, 0x00, 0x0f, 0xff, 0xfd, 0x00, 0x0f, 0xff, 0xf8, 0x00,
    0x07, 0xff, 0xd0, 0x00, 0x00, 0x04, 0x00, 0x00, 0x00, 0x00, 0x00, 0x00, 0x00, 0x00, 0x00, 0x00, 0x00, 0x00, 0x00, 0x00, 0x00, 0x00, 0x00, 0x00,
    0x00, 0x00, 0x00, 0x00, 0x00, 0x00, 0x00, 0x00, 0x00, 0x00, 0x00, 0x00, 0x00, 0x00, 0x00, 0x00, 0x00, 0x00, 0x00, 0x00, 0x01, 0x50, 0x00, 0x0b,
    0xf4, 0x00, 0x0b, 0xf4, 0x00, 0x0b, 0xf4, 0x00, 0x0b, 0xf4, 0x00, 0x01, 0x50, 0x00, 0x00, 0x00, 0x00, 0x00, 0x00, 0x00, 0x00, 0x00, 0x00, 0x02,
    0xa0, 0x00, 0x0b, 0xf4, 0x00, 0x0b, 0xf4, 0x00, 0x0b, 0xf4, 0x00, 0x07, 0xf0, 0x00, 0x00, 0x00, 0x00, 0x00, 0x00, 0x00, 0x00, 0x00, 0x00, 0x00,
    0x00, 0x00, 0x00, 0x00, 0x00, 0x00, 0x00, 0x00, 0x00, 0x00, 0x00, 0x00, 0x00, 0x00, 0x00, 0x00, 0x00, 0x00, 0x00, 0x00, 0x00, 0x00, 0x00, 0x00,
    0x00, 0x00, 0x01, 0x50, 0x00, 0x0b, 0xf4, 0x00, 0x0b, 0xf4, 0x00, 0x0b, 0xf4, 0x00, 0x0b, 0xf4, 0x00, 0x01, 0x50, 0x00, 0x00, 0x00, 0x00, 0x00,
    0x00, 0x00, 0x00, 0x00, 0x00, 0x02, 0xa0, 0x00, 0x0b, 0xf4, 0x00, 0x0b, 0xf4, 0x00, 0x0f, 0xf0, 0x00, 0x0f, 0xf0, 0x00, 0x0f, 0xd0, 0x00, 0x1f,
    0xc0, 0x00, 0x06, 0x00, 0x00, 0x00, 0x00, 0x00, 0x00, 0x00, 0x00, 0x00, 0x00, 0x00, 0x00, 0x00, 0x00, 0x00, 0x00, 0x00, 0x00, 0x00, 0x00, 0x00,
    0x00, 0x00, 0x00, 0x00, 0x00, 0x00, 0x00, 0x00, 0x00, 0x00, 0x00, 0x00, 0x00, 0x00, 0x00, 0x00, 0x00, 0x00, 0x00, 0x00, 0x00, 0x00, 0x06, 0x00,
    0x00, 0x00, 0x00, 0xbf, 0x40, 0x00, 0x00, 0x1f, 0xff, 0x40, 0x00, 0x02, 0xff, 0xff, 0x40, 0x00, 0x7f, 0xff, 0xf8, 0x00, 0x07, 0xff, 0xff, 0x40,
    0x00, 0x0f, 0xff, 0xe0, 0x00, 0x00, 0x0f, 0xff, 0xd0, 0x00, 0x00, 0x0b, 0xff, 0xfe, 0x00, 0x00, 0x00, 0xbf, 0xff, 0xf4, 0x00, 0x00, 0x07, 0xff,
    0xff, 0x00, 0x00, 0x00, 0x2f, 0xff, 0x40, 0x00, 0x00, 0x01, 0xff, 0x40, 0x00, 0x00, 0x00, 0x1b, 0x00, 0x00, 0x00, 0x00, 0x00, 0x00, 0x00, 0x00,
    0x00, 0x00, 0x00, 0x00, 0x00, 0x00, 0x00, 0x00, 0x00, 0x00, 0x00, 0x00, 0x00, 0x00, 0x00, 0x00, 0x00, 0x00, 0x00, 0x00, 0x00, 0x00, 0x00, 0x00,
    0x00, 0x00, 0x00, 0x00, 0x00, 0x00, 0x00, 0x00, 0x00, 0x00, 0x00, 0x00, 0x00, 0x00, 0x00, 0x00, 0x00, 0x00, 0x00, 0x00, 0x00, 0x00, 0x00, 0x00,
    0x00, 0x00, 0x00, 0x00, 0x00, 0x00, 0x00, 0x00, 0x00, 0x00, 0x00, 0x00, 0x00, 0x00, 0x00, 0x00, 0x00, 0x00, 0x00, 0x00, 0x0b, 0xff, 0xff, 0xff,
    0x00, 0x0f, 0xff, 0xff, 0xff, 0x40, 0x0f, 0xff, 0xff, 0xff, 0x40, 0x07, 0xff, 0xff, 0xff, 0x00, 0x06, 0xaa, 0xaa, 0xaa, 0x00, 0x0f, 0xff, 0xff,
    0xff, 0x40, 0x0f, 0xff, 0xff, 0xff, 0x40, 0x0f, 0xff, 0xff, 0xff, 0x40, 0x00, 0x00, 0x00, 0x00, 0x00, 0x00, 0x00, 0x00, 0x00, 0x00, 0x00, 0x00,
    0x00, 0x00, 0x00, 0x00, 0x00, 0x00, 0x00, 0x00, 0x00, 0x00, 0x00, 0x00, 0x00, 0x00, 0x00, 0x00, 0x00, 0x00, 0x00, 0x00, 0x00, 0x00, 0x00, 0x00,
    0x00, 0x00, 0x00, 0x00, 0x00, 0x00, 0x00, 0x00, 0x00, 0x00, 0x00, 0x00, 0x00, 0x00, 0x00, 0x00, 0x00, 0x00, 0x00, 0x00, 0x00, 0x00, 0x00, 0x00,
    0x00, 0x00, 0x00, 0x00, 0x00, 0x00, 0x00, 0x00, 0x00, 0x00, 0x00, 0x00, 0x00, 0x00, 0x00, 0x06, 0x40, 0x00, 0x00, 0x00, 0x0f, 0xf4, 0x00, 0x00,
    0x00, 0x0f, 0xff, 0x90, 0x00, 0x00, 0x0f, 0xff, 0xfd, 0x00, 0x00, 0x01, 0xff, 0xff, 0xe4, 0x00, 0x00, 0x0b, 0xff, 0xff, 0x00, 0x00, 0x00, 0x7f,
    0xff, 0x40, 0x00, 0x00, 0x2f, 0xff, 0x40, 0x00, 0x07, 0xff, 0xff, 0x40, 0x00, 0xbf, 0xff, 0xf4, 0x00, 0x0b, 0xff, 0xfe, 0x40, 0x00, 0x0f, 0xff,
    0xd0, 0x00, 0x00, 0x0f, 0xf9, 0x00, 0x00, 0x00, 0x0b, 0x40, 0x00, 0x00, 0x00, 0x00, 0x00, 0x00, 0x00, 0x00, 0x00, 0x00, 0x00, 0x00, 0x00, 0x00,
    0x00, 0x00, 0x00, 0x00, 0x00, 0x00, 0x00, 0x00, 0x00, 0x00, 0x00, 0x00, 0x00, 0x00, 0x00, 0x00, 0x00, 0x00, 0x00, 0x00, 0x00, 0x00, 0x00, 0x00,
    0x00, 0x00, 0x00, 0x14, 0x00, 0x00, 0x07, 0xff, 0xc0, 0x00, 0x1f, 0xff, 0xf0, 0x00, 0x2f, 0xff, 0xf8, 0x00, 0x2f, 0xdb, 0xfc, 0x00, 0x1d, 0x03,
    0xfc, 0x00, 0x00, 0x03, 0xfc, 0x00, 0x00, 0x0f, 0xf8, 0x00, 0x00, 0x3f, 0xf0, 0x00, 0x00, 0xbf, 0xc0, 0x00, 0x00, 0xff, 0x40, 0x00, 0x00, 0xfe,
    0x00, 0x00, 0x00, 0xfe, 0x00, 0x00, 0x00, 0xfe, 0x00, 0x00, 0x00, 0xfd, 0x00, 0x00, 0x00, 0xfe, 0x00, 0x00, 0x00, 0xff, 0x00, 0x00, 0x00, 0xff,
    0x00, 0x00, 0x00, 0xfd, 0x00, 0x00, 0x00, 0x00, 0x00, 0x00, 0x00, 0x00, 0x00, 0x00, 0x00, 0x00, 0x00, 0x00, 0x00, 0x00, 0x00, 0x00, 0x00, 0x00,
    0x00, 0x00, 0x00, 0x00, 0x00, 0x00, 0x00, 0x00, 0x00, 0x00, 0x00, 0x00, 0x00, 0x00, 0x00, 0x00, 0x00, 0x00, 0x00, 0x00, 0x00, 0x00, 0x00, 0x00,
    0x15, 0x40, 0x00, 0x00, 0x00, 0x02, 0xff, 0xfd, 0x00, 0x00, 0x00, 0x2f, 0xff, 0xff, 0x80, 0x00, 0x00, 0xbf, 0xff, 0xff, 0xf0, 0x00, 0x02, 0xff,
    0x90, 0x2f, 0xf8, 0x00, 0x03, 0xfd, 0x19, 0x1b, 0xfd, 0x00, 0x0b, 0xf5, 0xff, 0xff, 0xff, 0x00, 0x0f, 0xe3, 0xff, 0xff, 0xbf, 0x00, 0x1f, 0xcb,
    0xff, 0xff, 0x3f, 0x40, 0x2f, 0xcf, 0xf0, 0xff, 0x3f, 0x40, 0x2f, 0x8f, 0xd0, 0xbf, 0x3f, 0x40, 0x2f, 0x8f, 0xd0, 0xbf, 0x3f, 0x40, 0x2f, 0xcf,
    0xe0, 0xbf, 0xbf, 0x00, 0x1f, 0xcf, 0xfa, 0xff, 0xfe, 0x00, 0x0f, 0xd7, 0xff, 0xff, 0xfc, 0x00, 0x0f, 0xf2, 0xff, 0xff, 0xf0, 0x00, 0x07, 0xf8,
    0xbf, 0xff, 0x80, 0x00, 0x03, 0xff, 0x40, 0x1f, 0xc0, 0x00, 0x00, 0xff, 0xff, 0xff, 0xd0, 0x00, 0x00, 0x3f, 0xff, 0xff, 0xc0, 0x00, 0x00, 0x0b,
    0xff, 0xfe, 0x00, 0x00, 0x00, 0x00, 0x6f, 0x90, 0x00, 0x00, 0x00, 0x00, 0x00, 0x00, 0x00, 0x00, 0x00, 0x00, 0x00, 0x00, 0x00, 0x00, 0x00, 0x00,
    0x00, 0x00, 0x00, 0x0f, 0xe0, 0x00, 0x00, 0x2f, 0xf0, 0x00, 0x00, 0x3f, 0xf4, 0x00, 0x00, 0x7f, 0xfc, 0x00, 0x00, 0xbf, 0xfc, 0x00, 0x00, 0xff,
    0xfe, 0x00, 0x01, 0xff, 0xff, 0x00, 0x02, 0xfd, 0xff, 0x00, 0x03, 0xfc, 0x7f, 0x80, 0x07, 0xf8, 0x3f, 0xc0, 0x0b, 0xff, 0xff, 0xc0, 0x0f, 0xff,
    0xff, 0xe0, 0x1f, 0xff, 0xff, 0xf0, 0x2f, 0xff, 0xff, 0xf4, 0x3f, 0xc0, 0x07, 0xf8, 0x7f, 0x80, 0x03, 0xfc, 0xbf, 0x40, 0x03, 0xfd, 0xbf, 0x00,
    0x01, 0xfc, 0x00, 0x00, 0x00, 0x00, 0x00, 0x00, 0x00, 0x00, 0x00, 0x00, 0x00, 0x00, 0x00, 0x00, 0x00, 0x00, 0x00, 0x00, 0x00, 0x00, 0x00, 0x00,
    0x00, 0x00, 0x00, 0x00, 0x00, 0x00, 0x00, 0x00, 0x00, 0x00, 0x0f, 0xff, 0xf8, 0x00, 0x0f, 0xff, 0xff, 0x40, 0x0f, 0xff, 0xff, 0xc0, 0x0f, 0xff,
    0xff, 0xd0, 0x0f, 0xf0, 0x2f, 0xe0, 0x0f, 0xf0, 0x1f, 0xe0, 0x0f, 0xf5, 0xbf, 0xd0, 0x0f, 0xff, 0xff, 0xc0, 0x0f, 0xff, 0xff, 0x80, 0x0f, 0xff,
    0xff, 0xd0, 0x0f, 0xf5, 0x6f, 0xf0, 0x0f, 0xf0, 0x0f, 0xf0, 0x0f, 0xf0, 0x0f, 0xf0, 0x0f, 0xf0, 0x0f, 0xf0, 0x0f, 0xff, 0xff, 0xf0, 0x0f, 0xff,
    0xff, 0xd0, 0x0f, 0xff, 0xff, 0x80, 0x0f, 0xff, 0xf8, 0x00, 0x00, 0x00, 0x00, 0x00, 0x00, 0x00, 0x00, 0x00, 0x00, 0x00, 0x00, 0x00, 0x00, 0x00,
    0x00, 0x00, 0x00, 0x00, 0x00, 0x00, 0x00, 0x00, 0x00, 0x00, 0x00, 0x00, 0x00, 0x00, 0x00, 0x00, 0x50, 0x00, 0x00, 0x1f, 0xff, 0x80, 0x00, 0xff,
    0xff, 0xf4, 0x03, 0xff, 0xff, 0xf8, 0x0b, 0xff, 0x9b, 0xfc, 0x0f, 0xf8, 0x00, 0xf8, 0x1f, 0xf0, 0x00, 0x10, 0x2f, 0xd0, 0x00, 0x00, 0x3f, 0xd0,
    0x00, 0x00, 0x3f, 0xc0, 0x00, 0x00, 0x3f, 0xc0, 0x00, 0x00, 0x3f, 0xd0, 0x00, 0x00, 0x2f, 0xd0, 0x00, 0x00, 0x1f, 0xf0, 0x00, 0x10, 0x0f, 0xf8,
    0x00, 0xf8, 0x0b, 0xff, 0x9b, 0xfc, 0x03, 0xff, 0xff, 0xf8, 0x00, 0xff, 0xff, 0xf4, 0x00, 0x1f, 0xff, 0x80, 0x00, 0x00, 0x50, 0x00, 0x00, 0x00,
    0x00, 0x00, 0x00, 0x00, 0x00, 0x00, 0x00, 0x00, 0x00, 0x00, 0x00, 0x00, 0x00, 0x00, 0x00, 0x00, 0x00, 0x00, 0x00, 0x00, 0x00, 0x00, 0x00, 0x00,
    0x00, 0x00, 0x00, 0x00, 0x00, 0x00, 0x0f, 0xff, 0xf8, 0x00, 0x00, 0x0f, 0xff, 0xff, 0xc0, 0x00, 0x0f, 0xff, 0xff, 0xf0, 0x00, 0x0f, 0xff, 0xff,
    0xfc, 0x00, 0x0f, 0xf0, 0x0b, 0xfd, 0x00, 0x0f, 0xf0, 0x02, 0xfe, 0x00, 0x0f, 0xf0, 0x01, 0xff, 0x00, 0x0f, 0xf0, 0x00, 0xff, 0x00, 0x0f, 0xf0,
    0x00, 0xff, 0x00, 0x0f, 0xf0, 0x00, 0xff, 0x00, 0x0f, 0xf0, 0x00, 0xff, 0x00, 0x0f, 0xf0, 0x01, 0xff, 0x00, 0x0f, 0xf0, 0x03, 0xfe, 0x00, 0x0f,
    0xf0, 0x0b, 0xfc, 0x00, 0x0f, 0xff, 0xff, 0xfc, 0x00, 0x0f, 0xff, 0xff, 0xf0, 0x00, 0x0f, 0xff, 0xff, 0x80, 0x00, 0x0f, 0xff, 0xf8, 0x00, 0x00,
    0x00, 0x00, 0x00, 0x00, 0x00, 0x00, 0x00, 0x00, 0x00, 0x00, 0x00, 0x00, 0x00, 0x00, 0x00, 0x00, 0x00, 0x00, 0x00, 0x00, 0x00, 0x00, 0x00, 0x00,
    0x00, 0x00, 0x00, 0x00, 0x00, 0x00, 0x00, 0x00, 0x00, 0x00, 0x00, 0x00, 0x0f, 0xff, 0xff, 0xc0, 0x0f, 0xff, 0xff, 0xc0, 0x0f, 0xff, 0xff, 0xc0,
    0x0f, 0xff, 0xff, 0x80, 0x0f, 0xf0, 0x00, 0x00, 0x0f, 0xf0, 0x00, 0x00, 0x0f, 0xf5, 0x55, 0x00, 0x0f, 0xff, 0xff, 0x80, 0x0f, 0xff, 0xff, 0xc0,
    0x0f, 0xff, 0xff, 0x80, 0x0f, 0xf5, 0x55, 0x00, 0x0f, 0xf0, 0x00, 0x00, 0x0f, 0xf0, 0x00, 0x00, 0x0f, 0xf0, 0x00, 0x00, 0x0f, 0xff, 0xff, 0x80,
    0x0f, 0xff, 0xff, 0xc0, 0x0f, 0xff, 0xff, 0xd0, 0x0f, 0xff, 0xff, 0xc0, 0x00, 0x00, 0x00, 0x00, 0x00, 0x00, 0x00, 0x00, 0x00, 0x00, 0x00, 0x00,
    0x00, 0x00, 0x00, 0x00, 0x00, 0x00, 0x00, 0x00, 0x00, 0x00, 0x00, 0x00, 0x00, 0x00, 0x00, 0x00, 0x00, 0x00, 0x00, 0x00, 0x0f, 0xff, 0xff, 0x00,
    0x0f, 0xff, 0xff, 0x00, 0x0f, 0xff, 0xff, 0x00, 0x0f, 0xff, 0xfe, 0x00, 0x0f, 0xf0, 0x00, 0x00, 0x0f, 0xf0, 0x00, 0x00, 0x0f, 0xf5, 0x54, 0x00,
    0x0f, 0xff, 0xfe, 0x00, 0x0f, 0xff, 0xfe, 0x00, 0x0f, 0xff, 0xfe, 0x00, 0x0f, 0xf5, 0x54, 0x00, 0x0f, 0xf0, 0x00, 0x00, 0x0f, 0xf0, 0x00, 0x00,
    0x0f, 0xf0, 0x00, 0x00, 0x0f, 0xf0, 0x00, 0x00, 0x0f, 0xf0, 0x00, 0x00, 0x0f, 0xf0, 0x00, 0x00, 0x0f, 0xe0, 0x00, 0x00, 0x00, 0x00, 0x00, 0x00,
    0x00, 0x00, 0x00, 0x00, 0x00, 0x00, 0x00, 0x00, 0x00, 0x00, 0x00, 0x00, 0x00, 0x00, 0x00, 0x00, 0x00, 0x00, 0x00, 0x00, 0x00, 0x00, 0x00, 0x00,
    0x00, 0x00, 0x00, 0x00, 0x00, 0x50, 0x00, 0x00, 0x00, 0x1f, 0xff, 0xd0, 0x00, 0x00, 0xff, 0xff, 0xfc, 0x00, 0x03, 0xff, 0xff, 0xfd, 0x00, 0x0b,
    0xff, 0x9b, 0xfd, 0x00, 0x0f, 0xf8, 0x00, 0x7d, 0x00, 0x1f, 0xf0, 0x00, 0x04, 0x00, 0x2f, 0xd0, 0x00, 0x00, 0x00, 0x3f, 0xd0, 0x15, 0x54, 0x00,
    0x3f, 0xc0, 0x7f, 0xfe, 0x00, 0x3f, 0xc0, 0x7f, 0xfe, 0x00, 0x3f, 0xd0, 0x7f, 0xfe, 0x00, 0x2f, 0xd0, 0x16, 0xfe, 0x00, 0x1f, 0xf0, 0x00, 0xfe,
    0x00, 0x0f, 0xf8, 0x00, 0xfe, 0x00, 0x0b, 0xff, 0x9b, 0xfe, 0x00, 0x03, 0xff, 0xff, 0xfe, 0x00, 0x00, 0xff, 0xff, 0xfc, 0x00, 0x00, 0x1f, 0xff,
    0xd0, 0x00, 0x00, 0x00, 0x10, 0x00, 0x00, 0x00, 0x00, 0x00, 0x00, 0x00, 0x00, 0x00, 0x00, 0x00, 0x00, 0x00, 0x00, 0x00, 0x00, 0x00, 0x00, 0x00,
    0x00, 0x00, 0x00, 0x00, 0x00, 0x00, 0x00, 0x00, 0x00, 0x00, 0x00, 0x00, 0x00, 0x00, 0x00, 0x00, 0x00, 0x00, 0x0f, 0xe0, 0x03, 0xf8, 0x00, 0x0f,
    0xf0, 0x03, 0xfc, 0x00, 0x0f, 0xf0, 0x03, 0xfc, 0x00, 0x0f, 0xf0, 0x03, 0xfc, 0x00, 0x0f, 0xf0, 0x03, 0xfc, 0x00, 0x0f, 0xf0, 0x03, 0xfc, 0x00,
    0x0f, 0xf5, 0x57, 0xfc, 0x00, 0x0f, 0xff, 0xff, 0xfc, 0x00, 0x0f, 0xff, 0xff, 0xfc, 0x00, 0x0f, 0xff, 0xff, 0xfc, 0x00, 0x0f, 0xf5, 0x57, 0xfc,
    0x00, 0x0f, 0xf0, 0x03, 0xfc, 0x00, 0x0f, 0xf0, 0x03, 0xfc, 0x00, 0x0f, 0xf0, 0x03, 0xfc, 0x00, 0x0f, 0xf0, 0x03, 0xfc, 0x00, 0x0f, 0xf0, 0x03,
    0xfc, 0x00, 0x0f, 0xf0, 0x03, 0xfc, 0x00, 0x0f, 0xe0, 0x02, 0xf8, 0x00, 0x00, 0x00, 0x00, 0x00, 0x00, 0x00, 0x00, 0x00, 0x00, 0x00, 0x00, 0x00,
    0x00, 0x00, 0x00, 0x00, 0x00, 0x00, 0x00, 0x00, 0x00, 0x00, 0x00, 0x00, 0x00, 0x00, 0x00, 0x00, 0x0f, 0xe0, 0x0f, 0xf0, 0x0f, 0xf0, 0x0f, 0xf0,
    0x0f, 0xf0, 0x0f, 0xf0, 0x0f, 0xf0, 0x0f, 0xf0, 0x0f, 0xf0, 0x0f, 0xf0, 0x0f, 0xf0, 0x0f, 0xf0, 0x0f, 0xf0, 0x0f, 0xf0, 0x0f, 0xf0, 0x0f, 0xf0,
    0x0f, 0xf0, 0x0f, 0xe0, 0x00, 0x00, 0x00, 0x00, 0x00, 0x00, 0x00, 0x00, 0x00, 0x00, 0x00, 0x00, 0x00, 0x00, 0x00, 0x00, 0x00, 0x00, 0x00, 0x00,
    0x03, 0xf8, 0x00, 0x03, 0xfc, 0x00, 0x03, 0xfc, 0x00, 0x03, 0xfc, 0x00, 0x03, 0xfc, 0x00, 0x03, 0xfc, 0x00, 0x03, 0xfc, 0x00, 0x03, 0xfc, 0x00,
    0x03, 0xfc, 0x00, 0x03, 0xfc, 0x00, 0x03, 0xfc, 0x00, 0x03, 0xfc, 0x00, 0x03, 0xfc, 0x00, 0x03, 0xfc, 0x00, 0x03, 0xfc, 0x00, 0x03, 0xfc, 0x00,
    0x03, 0xfc, 0x00, 0x03, 0xfc, 0x00, 0x1b, 0xf8, 0x00, 0xff, 0xf4, 0x00, 0xff, 0xf0, 0x00, 0xff, 0x80, 0x00, 0x00, 0x00, 0x00, 0x00, 0x00, 0x00,
    0x00, 0x00, 0x00, 0x00, 0x00, 0x00, 0x00, 0x00, 0x00, 0x00, 0x0f, 0xe0, 0x0b, 0xf8, 0x0f, 0xf0, 0x2f, 0xf8, 0x0f, 0xf0, 0x7f, 0xf0, 0x0f, 0xf1,
    0xff, 0xc0, 0x0f, 0xf7, 0xff, 0x00, 0x0f, 0xff, 0xfc, 0x00, 0x0f, 0xff, 0xf0, 0x00, 0x0f, 0xff, 0xc0, 0x00, 0x0f, 0xff, 0x40, 0x00, 0x0f, 0xff,
    0xc0, 0x00, 0x0f, 0xff, 0xf0, 0x00, 0x0f, 0xff, 0xfc, 0x00, 0x0f, 0xfb, 0xfe, 0x00, 0x0f, 0xf2, 0xff, 0x80, 0x0f, 0xf0, 0xbf, 0xd0, 0x0f, 0xf0,
    0x3f, 0xf4, 0x0f, 0xf0, 0x0f, 0xfc, 0x0f, 0xe0, 0x03, 0xfc, 0x00, 0x00, 0x00, 0x00, 0x00, 0x00, 0x00, 0x00, 0x00, 0x00, 0x00, 0x00, 0x00, 0x00,
    0x00, 0x00, 0x00, 0x00, 0x00, 0x00, 0x00, 0x00, 0x00, 0x00, 0x00, 0x00, 0x00, 0x00, 0x00, 0x00, 0x00, 0x00, 0x0f, 0xe0, 0x00, 0x00, 0x0f, 0xf0,
    0x00, 0x00, 0x0f, 0xf0, 0x00, 0x00, 0x0f, 0xf0, 0x00, 0x00, 0x0f, 0xf0, 0x00, 0x00, 0x0f, 0xf0, 0x00, 0x00, 0x0f, 0xf0, 0x00, 0x00, 0x0f, 0xf0,
    0x00, 0x00, 0x0f, 0xf0, 0x00, 0x00, 0x0f, 0xf0, 0x00, 0x00, 0x0f, 0xf0, 0x00, 0x00, 0x0f, 0xf0, 0x00, 0x00, 0x0f, 0xf0, 0x00, 0x00, 0x0f, 0xf0,
    0x00, 0x00, 0x0f, 0xff, 0xff, 0x40, 0x0f, 0xff, 0xff, 0xc0, 0x0f, 0xff, 0xff, 0xc0, 0x0f, 0xff, 0xff, 0x80, 0x00, 0x00, 0x00, 0x00, 0x00, 0x00,
    0x00, 0x00, 0x00, 0x00, 0x00, 0x00, 0x00, 0x00, 0x00, 0x00, 0x00, 0x00, 0x00, 0x00, 0x00, 0x00, 0x00, 0x00, 0x00, 0x00, 0x00, 0x00, 0x00, 0x00,
    0x00, 0x00, 0x00, 0x00, 0x00, 0x00, 0x0f, 0xf8, 0x00, 0xbf, 0xc0, 0x0f, 0xfc, 0x00, 0xff, 0xc0, 0x0f, 0xfd, 0x01, 0xff, 0xc0, 0x0f, 0xff, 0x02,
    0xff, 0xc0, 0x0f, 0xff, 0x03, 0xff, 0xc0, 0x0f, 0xff, 0x47, 0xff, 0xc0, 0x0f, 0xff, 0xcb, 0xff, 0xc0, 0x0f, 0xff, 0xcf, 0xff, 0xc0, 0x0f, 0xff,
    0xff, 0xff, 0xc0, 0x0f, 0xff, 0xff, 0xff, 0xc0, 0x0f, 0xfb, 0xff, 0xbf, 0xc0, 0x0f, 0xf7, 0xff, 0x7f, 0xc0, 0x0f, 0xf3, 0xff, 0x3f, 0xc0, 0x0f,
    0xf2, 0xfe, 0x3f, 0xc0, 0x0f, 0xf0, 0xfd, 0x3f, 0xc0, 0x0f, 0xf0, 0x00, 0x3f, 0xc0, 0x0f, 0xf0, 0x00, 0x3f, 0xc0, 0x0f, 0xe0, 0x00, 0x1f, 0xc0,
    0x00, 0x00, 0x00, 0x00, 0x00, 0x00, 0x00, 0x00, 0x00, 0x00, 0x00, 0x00, 0x00, 0x00, 0x00, 0x00, 0x00, 0x00, 0x00, 0x00, 0x00, 0x00, 0x00, 0x00,
    0x00, 0x00, 0x00, 0x00, 0x00, 0x00, 0x00, 0x00, 0x00, 0x00, 0x00, 0x00, 0x00, 0x00, 0x00, 0x00, 0x0f, 0xf4, 0x03, 0xf8, 0x00, 0x0f, 0xfc, 0x03,
    0xfc, 0x00, 0x0f, 0xfd, 0x03, 0xfc, 0x00, 0x0f, 0xff, 0x03, 0xfc, 0x00, 0x0f, 0xff, 0x43, 0xfc, 0x00, 0x0f, 0xff, 0xc3, 0xfc, 0x00, 0x0f, 0xff,
    0xd3, 0xfc, 0x00, 0x0f, 0xff, 0xf3, 0xfc, 0x00, 0x0f, 0xff, 0xf7, 0xfc, 0x00, 0x0f, 0xf7, 0xff, 0xfc, 0x00, 0x0f, 0xf3, 0xff, 0xfc, 0x00, 0x0f,
    0xf2, 0xff, 0xfc, 0x00, 0x0f, 0xf0, 0xff, 0xfc, 0x00, 0x0f, 0xf0, 0xbf, 0xfc, 0x00, 0x0f, 0xf0, 0x3f, 0xfc, 0x00, 0x0f, 0xf0, 0x2f, 0xfc, 0x00,
    0x0f, 0xf0, 0x0f, 0xfc, 0x00, 0x0f, 0xe0, 0x0b, 0xf8, 0x00, 0x00, 0x00, 0x00, 0x00, 0x00, 0x00, 0x00, 0x00, 0x00, 0x00, 0x00, 0x00, 0x00, 0x00,
    0x00, 0x00, 0x00, 0x00, 0x00, 0x00, 0x00, 0x00, 0x00, 0x00, 0x00, 0x00, 0x00, 0x00, 0x00, 0x00, 0x00, 0x00, 0x00, 0x00, 0x00, 0x00, 0x00, 0x50,
    0x00, 0x00, 0x00, 0x2f, 0xff, 0x40, 0x00, 0x00, 0xff, 0xff, 0xe0, 0x00, 0x03, 0xff, 0xff, 0xf8, 0x00, 0x0b, 0xfe, 0x6f, 0xfc, 0x00, 0x0f, 0xf8,
    0x03, 0xfe, 0x00, 0x1f, 0xf0, 0x01, 0xff, 0x00, 0x2f, 0xd0, 0x00, 0xff, 0x00, 0x3f, 0xd0, 0x00, 0xbf, 0x40, 0x3f, 0xc0, 0x00, 0xbf, 0x40, 0x3f,
    0xc0, 0x00, 0xbf, 0x40, 0x3f, 0xd0, 0x00, 0xbf, 0x40, 0x2f, 0xd0, 0x00, 0xff, 0x00, 0x1f, 0xf0, 0x01, 0xff, 0x00, 0x0f, 0xf8, 0x03, 0xfe, 0x00,
    0x0b, 0xfe, 0x6f, 0xfc, 0x00, 0x03, 0xff, 0xff, 0xf8, 0x00, 0x00, 0xff, 0xff, 0xe0, 0x00, 0x00, 0x2f, 0xff, 0x40, 0x00, 0x00, 0x00, 0x40, 0x00,
    0x00, 0x00, 0x00, 0x00, 0x00, 0x00, 0x00, 0x00, 0x00, 0x00, 0x00, 0x00, 0x00, 0x00, 0x00, 0x00, 0x00, 0x00, 0x00, 0x00, 0x00, 0x00, 0x00, 0x00,
    0x00, 0x00, 0x00, 0x00, 0x00, 0x00, 0x00, 0x00, 0x0f, 0xff, 0xe4, 0x00, 0x0f, 0xff, 0xfe, 0x00, 0x0f, 0xff, 0xff, 0x40, 0x0f, 0xff, 0xff, 0xc0,
    0x0f, 0xf0, 0x3f, 0xc0, 0x0f, 0xf0, 0x3f, 0xc0, 0x0f, 0xf0, 0x3f, 0xc0, 0x0f, 0xf1, 0xbf, 0xc0, 0x0f, 0xff, 0xff, 0x80, 0x0f, 0xff, 0xff, 0x00,
    0x0f, 0xff, 0xfc, 0x00, 0x0f, 0xfa, 0x50, 0x00, 0x0f, 0xf0, 0x00, 0x00, 0x0f, 0xf0, 0x00, 0x00, 0x0f, 0xf0, 0x00, 0x00, 0x0f, 0xf0, 0x00, 0x00,
    0x0f, 0xf0, 0x00, 0x00, 0x0f, 0xe0, 0x00, 0x00, 0x00, 0x00, 0x00, 0x00, 0x00, 0x00, 0x00, 0x00, 0x00, 0x00, 0x00, 0x00, 0x00, 0x00, 0x00, 0x00,
    0x00, 0x00, 0x00, 0x00, 0x00, 0x00, 0x00, 0x00, 0x00, 0x00, 0x00, 0x00, 0x00, 0x00, 0x00, 0x00, 0x00, 0x50, 0x00, 0x00, 0x00, 0x2f, 0xff, 0x40,
    0x00, 0x00, 0xff, 0xff, 0xe0, 0x00, 0x03, 0xff, 0xff, 0xf8, 0x00, 0x0b, 0xfe, 0x6f, 0xfc, 0x00, 0x0f, 0xf8, 0x03, 0xfe, 0x00, 0x1f, 0xf0, 0x01,
    0xff, 0x00, 0x2f, 0xd0, 0x00, 0xff, 0x00, 0x3f, 0xd0, 0x00, 0xbf, 0x40, 0x3f, 0xc0, 0x00, 0xbf, 0x40, 0x3f, 0xc0, 0x00, 0xbf, 0x40, 0x3f, 0xd0,
    0x00, 0xbf, 0x40, 0x2f, 0xd0, 0x00, 0xff, 0x00, 0x1f, 0xf0, 0x01, 0xff, 0x00, 0x0f, 0xf8, 0x03, 0xfe, 0x00, 0x0b, 0xfe, 0x6f, 0xfc, 0x00, 0x03,
    0xff, 0xff, 0xf8, 0x00, 0x00, 0xff, 0xff, 0xe0, 0x00, 0x00, 0x2f, 0xff, 0xd0, 0x00, 0x00, 0x00, 0x7f, 0xf4, 0x00, 0x00, 0x00, 0x0f, 0xfc, 0x00,
    0x00, 0x00, 0x02, 0xf8, 0x00, 0x00, 0x00, 0x00, 0x00, 0x00, 0x00, 0x00, 0x00, 0x00, 0x00, 0x00, 0x00, 0x00, 0x00, 0x00, 0x00, 0x00, 0x00, 0x00,
    0x00, 0x00, 0x0f, 0xff, 0xf4, 0x00, 0x0f, 0xff, 0xfe, 0x00, 0x0f, 0xff, 0xff, 0x80, 0x0f, 0xff, 0xff, 0xc0, 0x0f, 0xf0, 0x3f, 0xc0, 0x0f, 0xf0,
    0x3f, 0xc0, 0x0f, 0xf0, 0x3f, 0xc0, 0x0f, 0xfa, 0xff, 0xc0, 0x0f, 0xff, 0xff, 0x40, 0x0f, 0xff, 0xff, 0x00, 0x0f, 0xff, 0xff, 0x00, 0x0f, 0xf1,
    0xff, 0xc0, 0x0f, 0xf0, 0x3f, 0xd0, 0x0f, 0xf0, 0x2f, 0xe0, 0x0f, 0xf0, 0x0f, 0xf0, 0x0f, 0xf0, 0x0b, 0xf8, 0x0f, 0xf0, 0x03, 0xfc, 0x0f, 0xe0,
    0x02, 0xfc, 0x00, 0x00, 0x00, 0x00, 0x00, 0x00, 0x00, 0x00, 0x00, 0x00, 0x00, 0x00, 0x00, 0x00, 0x00, 0x00, 0x00, 0x00, 0x00, 0x00, 0x00, 0x00,
    0x00, 0x00, 0x00, 0x00, 0x00, 0x00, 0x00, 0x05, 0x00, 0x00, 0x00, 0xff, 0xfe, 0x00, 0x07, 0xff, 0xff, 0x80, 0x0f, 0xff, 0xff, 0x80, 0x1f, 0xf9,
    0xbf, 0x80, 0x2f, 0xd0, 0x02, 0x00, 0x2f, 0xd0, 0x00, 0x00, 0x2f, 0xf9, 0x00, 0x00, 0x1f, 0xff, 0xf4, 0x00, 0x0b, 0xff, 0xff, 0x00, 0x02, 0xff,
    0xff, 0x80, 0x00, 0x1b, 0xff, 0xc0, 0x00, 0x00, 0x7f, 0xd0, 0x00, 0x00, 0x2f, 0xd0, 0x1d, 0x00, 0x3f, 0xd0, 0x2f, 0xe6, 0xff, 0xc0, 0x2f, 0xff,
    0xff, 0xc0, 0x2f, 0xff, 0xff, 0x00, 0x06, 0xff, 0xf8, 0x00, 0x00, 0x05, 0x00, 0x00, 0x00, 0x00, 0x00, 0x00, 0x00, 0x00, 0x00, 0x00, 0x00, 0x00,
    0x00, 0x00, 0x00, 0x00, 0x00, 0x00, 0x00, 0x00, 0x00, 0x00, 0x00, 0x00, 0x00, 0x00, 0x00, 0x00, 0x00, 0x00, 0x3f, 0xff, 0xff, 0xfc, 0x3f, 0xff,
    0xff, 0xfc, 0x3f, 0xff, 0xff, 0xfc, 0x2f, 0xff, 0xff, 0xf8, 0x00, 0x0f, 0xf0, 0x00, 0x00, 0x0f, 0xf0, 0x00, 0x00, 0x0f, 0xf0, 0x00, 0x00, 0x0f,
    0xf0, 0x00, 0x00, 0x0f, 0xf0, 0x00, 0x00, 0x0f, 0xf0, 0x00, 0x00, 0x0f, 0xf0, 0x00, 0x00, 0x0f, 0xf0, 0x00, 0x00, 0x0f, 0xf0, 0x00, 0x00, 0x0f,
    0xf0, 0x00, 0x00, 0x0f, 0xf0, 0x00, 0x00, 0x0f, 0xf0, 0x00, 0x00, 0x0f, 0xf0, 0x00, 0x00, 0x0b, 0xe0, 0x00, 0x00, 0x00, 0x00, 0x00, 0x00, 0x00,
    0x00, 0x00, 0x00, 0x00, 0x00, 0x00, 0x00, 0x00, 0x00, 0x00, 0x00, 0x00, 0x00, 0x00, 0x00, 0x00, 0x00, 0x00, 0x00, 0x00, 0x00, 0x00, 0x00, 0x00,
    0x00, 0x00, 0x0f, 0xd0, 0x03, 0xf8, 0x1f, 0xe0, 0x03, 0xfc, 0x1f, 0xe0, 0x03, 0xfc, 0x1f, 0xe0, 0x03, 0xfc, 0x1f, 0xe0, 0x03, 0xfc, 0x1f, 0xe0,
    0x03, 0xfc, 0x1f, 0xe0, 0x03, 0xfc, 0x1f, 0xe0, 0x03, 0xfc, 0x1f, 0xe0, 0x03, 0xfc, 0x1f, 0xe0, 0x03, 0xfc, 0x1f, 0xe0, 0x03, 0xfc, 0x1f, 0xe0,
    0x03, 0xf8, 0x0f, 0xf0, 0x07, 0xf8, 0x0f, 0xf0, 0x0b, 0xf4, 0x0b, 0xfe, 0xaf, 0xf0, 0x03, 0xff, 0xff, 0xe0, 0x01, 0xff, 0xff, 0xc0, 0x00, 0x7f,
    0xfe, 0x00, 0x00, 0x01, 0x40, 0x00, 0x00, 0x00, 0x00, 0x00, 0x00, 0x00, 0x00, 0x00, 0x00, 0x00, 0x00, 0x00, 0x00, 0x00, 0x00, 0x00, 0x00, 0x00,
    0x00, 0x00, 0x00, 0x00, 0x00, 0x00, 0x00, 0x00, 0x00, 0x00, 0xbf, 0x00, 0x01, 0xfc, 0xbf, 0x40, 0x03, 0xfd, 0x7f, 0xc0, 0x03, 0xfc, 0x3f, 0xc0,
    0x0b, 0xf8, 0x2f, 0xd0, 0x0f, 0xf0, 0x1f, 0xf0, 0x0f, 0xf0, 0x0f, 0xf0, 0x2f, 0xe0, 0x0b, 0xf4, 0x3f, 0xc0, 0x07, 0xfc, 0x7f, 0xc0, 0x03, 0xfc,
    0xbf, 0x80, 0x02, 0xfd, 0xff, 0x00, 0x01, 0xff, 0xff, 0x00, 0x00, 0xff, 0xfd, 0x00, 0x00, 0xbf, 0xfc, 0x00, 0x00, 0x7f, 0xfc, 0x00, 0x00, 0x3f,
    0xf4, 0x00, 0x00, 0x2f, 0xf0, 0x00, 0x00, 0x0f, 0xe0, 0x00, 0x00, 0x00, 0x00, 0x00, 0x00, 0x00, 0x00, 0x00, 0x00, 0x00, 0x00, 0x00, 0x00, 0x00,
    0x00, 0x00, 0x00, 0x00, 0x00, 0x00, 0x00, 0x00, 0x00, 0x00, 0x00, 0x00, 0x00, 0x00, 0x00, 0x00, 0x00, 0x00, 0x00, 0x00, 0x00, 0x00, 0x00, 0x00,
    0x00, 0x00, 0x3f, 0x40, 0x3f, 0x80, 0x3f, 0x80, 0x3f, 0xc0, 0x7f, 0xc0, 0x3f, 0xc0, 0x3f, 0xc0, 0xbf, 0xc0, 0x7f, 0x80, 0x3f, 0xc0, 0xff, 0xd0,
    0xbf, 0x40, 0x2f, 0xd0, 0xff, 0xe0, 0xff, 0x00, 0x1f, 0xe1, 0xff, 0xf0, 0xff, 0x00, 0x0f, 0xf2, 0xff, 0xf1, 0xfe, 0x00, 0x0f, 0xf3, 0xff, 0xf6,
    0xfd, 0x00, 0x0b, 0xf7, 0xfb, 0xfb, 0xfc, 0x00, 0x07, 0xff, 0xf7, 0xff, 0xfc, 0x00, 0x03, 0xff, 0xf2, 0xff, 0xfc, 0x00, 0x03, 0xff, 0xf1, 0xff,
    0xf8, 0x00, 0x03, 0xff, 0xe0, 0xff, 0xf4, 0x00, 0x02, 0xff, 0xe0, 0xff, 0xf0, 0x00, 0x01, 0xff, 0xd0, 0xbf, 0xf0, 0x00, 0x00, 0xff, 0xc0, 0xbf,
    0xe0, 0x00, 0x00, 0xff, 0xc0, 0x7f, 0xd0, 0x00, 0x00, 0x7f, 0x40, 0x3f, 0xc0, 0x00, 0x00, 0x00, 0x00, 0x00, 0x00, 0x00, 0x00, 0x00, 0x00, 0x00,
    0x00, 0x00, 0x00, 0x00, 0x00, 0x00, 0x00, 0x00, 0x00, 0x00, 0x00, 0x00, 0x00, 0x00, 0x00, 0x00, 0x00, 0x00, 0x00, 0x00, 0x00, 0x00, 0x00, 0x00,
    0x00, 0x00, 0x00, 0x00, 0x00, 0x00, 0x2f, 0xc0, 0x07, 0xf4, 0x2f, 0xf0, 0x0f, 0xf4, 0x0f, 0xf4, 0x2f, 0xf0, 0x07, 0xfc, 0x3f, 0xd0, 0x03, 0xfe,
    0xff, 0x80, 0x00, 0xff, 0xff, 0x00, 0x00, 0xbf, 0xfd, 0x00, 0x00, 0x3f, 0xfc, 0x00, 0x00, 0x2f, 0xf4, 0x00, 0x00, 0x3f, 0xf8, 0x00, 0x00, 0xbf,
    0xfd, 0x00, 0x01, 0xff, 0xff, 0x00, 0x03, 0xfe, 0xff, 0x40, 0x07, 0xfc, 0x7f, 0xc0, 0x0f, 0xf4, 0x3f, 0xe0, 0x2f, 0xf0, 0x0f, 0xf0, 0x3f, 0xc0,
    0x0b, 0xfc, 0x3f, 0x40, 0x03, 0xf8, 0x00, 0x00, 0x00, 0x00, 0x00, 0x00, 0x00, 0x00, 0x00, 0x00, 0x00, 0x00, 0x00, 0x00, 0x00, 0x00, 0x00, 0x00,
    0x00, 0x00, 0x00, 0x00, 0x00, 0x00, 0x00, 0x00, 0x00, 0x00, 0x00, 0x00, 0x00, 0x00, 0x3f, 0xc0, 0x02, 0xfc, 0x3f, 0xe0, 0x07, 0xfc, 0x1f, 0xf0,
    0x0f, 0xf4, 0x0b, 0xfc, 0x2f, 0xf0, 0x03, 0xfd, 0x3f, 0xc0, 0x01, 0xff, 0xff, 0x80, 0x00, 0xff, 0xff, 0x00, 0x00, 0x3f, 0xfd, 0x00, 0x00, 0x2f,
    0xf8, 0x00, 0x00, 0x0f, 0xf0, 0x00, 0x00, 0x0f, 0xf0, 0x00, 0x00, 0x0f, 0xf0, 0x00, 0x00, 0x0f, 0xf0, 0x00, 0x00, 0x0f, 0xf0, 0x00, 0x00, 0x0f,
    0xf0, 0x00, 0x00, 0x0f, 0xf0, 0x00, 0x00, 0x0f, 0xf0, 0x00, 0x00, 0x0b, 0xe0, 0x00, 0x00, 0x00, 0x00, 0x00, 0x00, 0x00, 0x00, 0x00, 0x00, 0x00,
    0x00, 0x00, 0x00, 0x00, 0x00, 0x00, 0x00, 0x00, 0x00, 0x00, 0x00, 0x00, 0x00, 0x00, 0x00, 0x00, 0x00, 0x00, 0x00, 0x00, 0x00, 0x00, 0x2f, 0xff,
    0xff, 0xf0, 0x3f, 0xff, 0xff, 0xf4, 0x3f, 0xff, 0xff, 0xf4, 0x1f, 0xff, 0xff, 0xf0, 0x00, 0x00, 0x7f, 0xd0, 0x00, 0x00, 0xff, 0x80, 0x00, 0x03,
    0xff, 0x00, 0x00, 0x0b, 0xfc, 0x00, 0x00, 0x1f, 0xf4, 0x00, 0x00, 0x3f, 0xe0, 0x00, 0x00, 0xff, 0xc0, 0x00, 0x02, 0xff, 0x00, 0x00, 0x07, 0xfe,
    0x00, 0x00, 0x0f, 0xfc, 0x00, 0x00, 0x2f, 0xff, 0xff, 0xf4, 0x3f, 0xff, 0xff, 0xf8, 0x3f, 0xff, 0xff, 0xf8, 0x3f, 0xff, 0xff, 0xf4, 0x00, 0x00,
    0x00, 0x00, 0x00, 0x00, 0x00, 0x00, 0x00, 0x00, 0x00, 0x00, 0x00, 0x00, 0x00, 0x00, 0x00, 0x00, 0x00, 0x00, 0x00, 0x00, 0x00, 0x00, 0x00, 0x0a,
    0xa9, 0x00, 0x1f, 0xff, 0x00, 0x1f, 0xff, 0x00, 0x1f, 0xfd, 0x00, 0x1f, 0xd0, 0x00, 0x1f, 0xd0, 0x00, 0x1f, 0xd0, 0x00, 0x1f, 0xd0, 0x00, 0x1f,
    0xd0, 0x00, 0x1f, 0xd0, 0x00, 0x1f, 0xd0, 0x00, 0x1f, 0xd0, 0x00, 0x1f, 0xd0, 0x00, 0x1f, 0xd0, 0x00, 0x1f, 0xd0, 0x00, 0x1f, 0xd0, 0x00, 0x1f,
    0xd0, 0x00, 0x1f, 0xd0, 0x00, 0x1f, 0xf8, 0x00, 0x1f, 0xff, 0x00, 0x1f, 0xff, 0x00, 0x0f, 0xfd, 0x00, 0x00, 0x00, 0x00, 0x00, 0x00, 0x00, 0x00,
    0x00, 0x00, 0x00, 0x00, 0x00, 0x00, 0x00, 0x00, 0xbd, 0x00, 0x00, 0xff, 0x00, 0x00, 0xbf, 0x00, 0x00, 0x7f, 0x40, 0x00, 0x3f, 0x80, 0x00, 0x3f,
    0xc0, 0x00, 0x2f, 0xc0, 0x00, 0x0f, 0xd0, 0x00, 0x0f, 0xf0, 0x00, 0x0b, 0xf0, 0x00, 0x07, 0xf4, 0x00, 0x03, 0xf8, 0x00, 0x03, 0xfc, 0x00, 0x02,
    0xfc, 0x00, 0x01, 0xfd, 0x00, 0x00, 0xfe, 0x00, 0x00, 0xbf, 0x00, 0x00, 0x7f, 0x40, 0x00, 0x3f, 0x80, 0x00, 0x3f, 0x40, 0x00, 0x00, 0x00, 0x00,
    0x00, 0x00, 0x00, 0x00, 0x00, 0x00, 0x00, 0x00, 0x00, 0x00, 0x00, 0x06, 0xa9, 0x00, 0x0f, 0xff, 0x00, 0x0f, 0xff, 0x00, 0x0b, 0xff, 0x00, 0x00,
    0xff, 0x00, 0x00, 0xff, 0x00, 0x00, 0xff, 0x00, 0x00, 0xff, 0x00, 0x00, 0xff, 0x00, 0x00, 0xff, 0x00, 0x00, 0xff, 0x00, 0x00, 0xff, 0x00, 0x00,
    0xff, 0x00, 0x00, 0xff, 0x00, 0x00, 0xff, 0x00, 0x00, 0xff, 0x00, 0x00, 0xff, 0x00, 0x00, 0xff, 0x00, 0x06, 0xff, 0x00, 0x0f, 0xff, 0x00, 0x0f,
    0xff, 0x00, 0x0b, 0xfe, 0x00, 0x00, 0x00, 0x00, 0x00, 0x00, 0x00, 0x00, 0x00, 0x00, 0x00, 0x00, 0x00, 0x00, 0x00, 0x00, 0x00, 0x00, 0x00, 0x00,
    0x00, 0x00, 0x00, 0x00, 0x00, 0x02, 0xfc, 0x00, 0x00, 0x00, 0x07, 0xff, 0x00, 0x00, 0x00, 0x1f, 0xff, 0xc0, 0x00, 0x00, 0x3f, 0xff, 0xf0, 0x00,
    0x00, 0xff, 0xdf, 0xf8, 0x00, 0x03, 0xff, 0x07, 0xfe, 0x00, 0x0b, 0xfc, 0x01, 0xff, 0x40, 0x0b, 0xe0, 0x00, 0x7f, 0x00, 0x00, 0x00, 0x00, 0x00,
    0x00, 0x00, 0x00, 0x00, 0x00, 0x00, 0x00, 0x00, 0x00, 0x00, 0x00, 0x00, 0x00, 0x00, 0x00, 0x00, 0x00, 0x00, 0x00, 0x00, 0x00, 0x00, 0x00, 0x00,
    0x00, 0x00, 0x00, 0x00, 0x00, 0x00, 0x00, 0x00, 0x00, 0x00, 0x00, 0x00, 0x00, 0x00, 0x00, 0x00, 0x00, 0x00, 0x00, 0x00, 0x00, 0x00, 0x00, 0x00,
    0x00, 0x00, 0x00, 0x00, 0x00, 0x00, 0x00, 0x00, 0x00, 0x00, 0x00, 0x00, 0x00, 0x00, 0x00, 0x00, 0x00, 0x00, 0x00, 0x00, 0x00, 0x00, 0x00, 0x00,
    0x00, 0x00, 0x00, 0x00, 0x00, 0x00, 0x00, 0x00, 0x00, 0x00, 0x00, 0x00, 0x00, 0x00, 0x00, 0x00, 0x00, 0x00, 0x00, 0x00, 0x00, 0x00, 0x00, 0x00,
    0x00, 0x00, 0x00, 0x00, 0x00, 0x00, 0x00, 0x00, 0x00, 0x00, 0x00, 0x00, 0x00, 0x00, 0x00, 0x00, 0x00, 0x00, 0x00, 0x00, 0x00, 0x00, 0x00, 0x00,
    0x00, 0x00, 0x00, 0x00, 0x00, 0x00, 0x00, 0x00, 0x00, 0x00, 0x00, 0x00, 0x00, 0x00, 0x00, 0x00, 0x00, 0x00, 0x00, 0x00, 0x00, 0x00, 0x00, 0x00,
    0x00, 0x00, 0x00, 0x00, 0x00, 0x00, 0x00, 0x00, 0x00, 0x00, 0x00, 0x00, 0x00, 0x00, 0x05, 0x55, 0x55, 0x00, 0x3f, 0xff, 0xff, 0xc0, 0x3f, 0xff,
    0xff, 0xc0, 0x00, 0x00, 0x00, 0x00, 0x00, 0x00, 0x0a, 0x80, 0x00, 0x1f, 0xf0, 0x00, 0x0f, 0xf8, 0x00, 0x03, 0xfc, 0x00, 0x00, 0xff, 0x00, 0x00,
    0x7f, 0x00, 0x00, 0x15, 0x00, 0x00, 0x00, 0x00, 0x00, 0x00, 0x00, 0x00, 0x00, 0x00, 0x00, 0x00, 0x00, 0x00, 0x00, 0x00, 0x00, 0x00, 0x00, 0x00,
    0x00, 0x00, 0x00, 0x00, 0x00, 0x00, 0x00, 0x00, 0x00, 0x00, 0x00, 0x00, 0x00, 0x00, 0x00, 0x00, 0x00, 0x00, 0x00, 0x00, 0x00, 0x00, 0x00, 0x00,
    0x00, 0x00, 0x00, 0x00, 0x00, 0x00, 0x00, 0x00, 0x00, 0x00, 0x00, 0x00, 0x00, 0x00, 0x00, 0x00, 0x00, 0x00, 0x00, 0x00, 0x00, 0x00, 0x00, 0x00,
    0x00, 0x00, 0x00, 0x00, 0x00, 0x00, 0x00, 0x00, 0x00, 0x00, 0x00, 0x00, 0x00, 0x05, 0x00, 0x00, 0x06, 0xff, 0xe0, 0x00, 0x0f, 0xff, 0xfc, 0x00,
    0x0f, 0xff, 0xfe, 0x00, 0x0f, 0xe6, 0xff, 0x00, 0x00, 0x1a, 0xff, 0x00, 0x03, 0xff, 0xff, 0x40, 0x0f, 0xff, 0xff, 0x40, 0x1f, 0xff, 0xff, 0x40,
    0x2f, 0xd0, 0xbf, 0x40, 0x3f, 0xc0, 0xff, 0x40, 0x2f, 0xe7, 0xff, 0x40, 0x1f, 0xff, 0xff, 0x40, 0x0f, 0xff, 0xff, 0x40, 0x03, 0xff, 0xff, 0x00,
    0x00, 0x10, 0x00, 0x00, 0x00, 0x00, 0x00, 0x00, 0x00, 0x00, 0x00, 0x00, 0x00, 0x00, 0x00, 0x00, 0x00, 0x00, 0x00, 0x00, 0x00, 0x00, 0x00, 0x00,
    0x00, 0x00, 0x00, 0x00, 0x0a, 0x80, 0x00, 0x00, 0x0f, 0xe0, 0x00, 0x00, 0x0f, 0xe0, 0x00, 0x00, 0x0f, 0xe0, 0x00, 0x00, 0x0f, 0xe1, 0x40, 0x00,
    0x0f, 0xff, 0xf8, 0x00, 0x0f, 0xff, 0xfe, 0x00, 0x0f, 0xff, 0xff, 0x40, 0x0f, 0xfd, 0xbf, 0xc0, 0x0f, 0xf0, 0x3f, 0xc0, 0x0f, 0xe0, 0x2f, 0xd0,
    0x0f, 0xe0, 0x1f, 0xd0, 0x0f, 0xe0, 0x1f, 0xd0, 0x0f, 0xf0, 0x2f, 0xd0, 0x0f, 0xf0, 0x3f, 0xc0, 0x0f, 0xfd, 0xbf, 0xc0, 0x0f, 0xff, 0xff, 0x40,
    0x0f, 0xff, 0xfe, 0x00, 0x0f, 0xff, 0xf8, 0x00, 0x00, 0x01, 0x40, 0x00, 0x00, 0x00, 0x00, 0x00, 0x00, 0x00, 0x00, 0x00, 0x00, 0x00, 0x00, 0x00,
    0x00, 0x00, 0x00, 0x00, 0x00, 0x00, 0x00, 0x00, 0x00, 0x00, 0x00, 0x00, 0x00, 0x00, 0x00, 0x00, 0x00, 0x00, 0x00, 0x00, 0x00, 0x00, 0x00, 0x00,
    0x00, 0x00, 0x00, 0x00, 0x00, 0x01, 0x00, 0x00, 0x00, 0xbf, 0xf8, 0x00, 0x03, 0xff, 0xfe, 0x00, 0x0b, 0xff, 0xfe, 0x00, 0x1f, 0xf9, 0x7e, 0x00,
    0x2f, 0xe0, 0x00, 0x00, 0x3f, 0xc0, 0x00, 0x00, 0x3f, 0xc0, 0x00, 0x00, 0x3f, 0xc0, 0x00, 0x00, 0x3f, 0xc0, 0x00, 0x00, 0x2f, 0xe0, 0x00, 0x00,
    0x1f, 0xf9, 0x7e, 0x00, 0x0b, 0xff, 0xfe, 0x00, 0x03, 0xff, 0xfe, 0x00, 0x00, 0xbf, 0xf8, 0x00, 0x00, 0x01, 0x00, 0x00, 0x00, 0x00, 0x00, 0x00,
    0x00, 0x00, 0x00, 0x00, 0x00, 0x00, 0x00, 0x00, 0x00, 0x00, 0x00, 0x00, 0x00, 0x00, 0x00, 0x00, 0x00, 0x00, 0x00, 0x00, 0x00, 0x00, 0x1a, 0x40,
    0x00, 0x00, 0x3f, 0xc0, 0x00, 0x00, 0x3f, 0xc0, 0x00, 0x00, 0x3f, 0xc0, 0x00, 0x04, 0x3f, 0xc0, 0x00, 0xff, 0xff, 0xc0, 0x03, 0xff, 0xff, 0xc0,
    0x0f, 0xff, 0xff, 0xc0, 0x1f, 0xf5, 0xff, 0xc0, 0x2f, 0xd0, 0xbf, 0xc0, 0x3f, 0xc0, 0x3f, 0xc0, 0x3f, 0xc0, 0x3f, 0xc0, 0x3f, 0xc0, 0x3f, 0xc0,
    0x3f, 0xc0, 0x3f, 0xc0, 0x2f, 0xd0, 0xbf, 0xc0, 0x1f, 0xf5, 0xff, 0xc0, 0x0f, 0xff, 0xff, 0xc0, 0x03, 0xff, 0xff, 0xc0, 0x00, 0xff, 0xff, 0x40,
    0x00, 0x04, 0x00, 0x00, 0x00, 0x00, 0x00, 0x00, 0x00, 0x00, 0x00, 0x00, 0x00, 0x00, 0x00, 0x00, 0x00, 0x00, 0x00, 0x00, 0x00, 0x00, 0x00, 0x00,
    0x00, 0x00, 0x00, 0x00, 0x00, 0x00, 0x00, 0x00, 0x00, 0x00, 0x00, 0x00, 0x00, 0x00, 0x00, 0x00, 0x00, 0x00, 0x00, 0x00, 0x00, 0x01, 0x00, 0x00,
    0x00, 0xbf, 0xf4, 0x00, 0x03, 0xff, 0xfd, 0x00, 0x0b, 0xff, 0xff, 0x00, 0x0f, 0xf9, 0xff, 0x80, 0x2f, 0xe0, 0x3f, 0xc0, 0x3f, 0xff, 0xff, 0xc0,
    0x3f, 0xff, 0xff, 0xc0, 0x3f, 0xff, 0xff, 0xc0, 0x3f, 0xe5, 0x55, 0x40, 0x2f, 0xe0, 0x01, 0x00, 0x1f, 0xf9, 0x6f, 0x80, 0x0b, 0xff, 0xff, 0x80,
    0x03, 0xff, 0xff, 0x80, 0x00, 0xbf, 0xfe, 0x00, 0x00, 0x01, 0x40, 0x00, 0x00, 0x00, 0x00, 0x00, 0x00, 0x00, 0x00, 0x00, 0x00, 0x00, 0x00, 0x00,
    0x00, 0x00, 0x00, 0x00, 0x00, 0x00, 0x00, 0x00, 0x00, 0x00, 0x6a, 0x80, 0x02, 0xff, 0xd0, 0x07, 0xff, 0xd0, 0x0b, 0xff, 0xc0, 0x0f, 0xf0, 0x00,
    0x7f, 0xff, 0x80, 0xbf, 0xff, 0xc0, 0x7f, 0xff, 0xc0, 0x1f, 0xf9, 0x00, 0x0f, 0xf0, 0x00, 0x0f, 0xf0, 0x00, 0x0f, 0xf0, 0x00, 0x0f, 0xf0, 0x00,
    0x0f, 0xf0, 0x00, 0x0f, 0xf0, 0x00, 0x0f, 0xf0, 0x00, 0x0f, 0xf0, 0x00, 0x0f, 0xf0, 0x00, 0x0b, 0xe0, 0x00, 0x00, 0x00, 0x00, 0x00, 0x00, 0x00,
    0x00, 0x00, 0x00, 0x00, 0x00, 0x00, 0x00, 0x00, 0x00, 0x00, 0x00, 0x00, 0x00, 0x00, 0x00, 0x00, 0x00, 0x00, 0x00, 0x00, 0x00, 0x00, 0x00, 0x00,
    0x00, 0x00, 0x00, 0x00, 0x00, 0x00, 0x00, 0x00, 0x00, 0x00, 0x00, 0x04, 0x00, 0x00, 0x01, 0xff, 0xff, 0x80, 0x07, 0xff, 0xff, 0xc0, 0x0f, 0xff,
    0xff, 0xc0, 0x1f, 0xf5, 0xff, 0xc0, 0x2f, 0xd0, 0x7f, 0xc0, 0x3f, 0xc0, 0x3f, 0xc0, 0x3f, 0xc0, 0x3f, 0xc0, 0x3f, 0xc0, 0x3f, 0xc0, 0x3f, 0xc0,
    0x3f, 0xc0, 0x2f, 0xe0, 0xbf, 0xc0, 0x1f, 0xff, 0xff, 0xc0, 0x0b, 0xff, 0xff, 0xc0, 0x03, 0xff, 0xff, 0x80, 0x00, 0xbf, 0xff, 0x80, 0x07, 0x81,
    0xff, 0x40, 0x0b, 0xff, 0xff, 0x00, 0x0b, 0xff, 0xfd, 0x00, 0x07, 0xff, 0xf4, 0x00, 0x00, 0x00, 0x00, 0x00, 0x00, 0x00, 0x00, 0x00, 0x00, 0x00,
    0x00, 0x00, 0x0a, 0x80, 0x00, 0x00, 0x0f, 0xe0, 0x00, 0x00, 0x0f, 0xe0, 0x00, 0x00, 0x0f, 0xe0, 0x00, 0x00, 0x0f, 0xe1, 0x40, 0x00, 0x0f, 0xff,
    0xf8, 0x00, 0x0f, 0xff, 0xff, 0x00, 0x0f, 0xff, 0xff, 0x40, 0x0f, 0xfd, 0xbf, 0x80, 0x0f, 0xf0, 0x3f, 0xc0, 0x0f, 0xe0, 0x3f, 0xc0, 0x0f, 0xe0,
    0x3f, 0xc0, 0x0f, 0xe0, 0x3f, 0xc0, 0x0f, 0xe0, 0x3f, 0xc0, 0x0f, 0xe0, 0x3f, 0xc0, 0x0f, 0xe0, 0x3f, 0xc0, 0x0f, 0xe0, 0x3f, 0xc0, 0x0f, 0xe0,
    0x3f, 0xc0, 0x0f, 0xd0, 0x2f, 0x80, 0x00, 0x00, 0x00, 0x00, 0x00, 0x00, 0x00, 0x00, 0x00, 0x00, 0x00, 0x00, 0x00, 0x00, 0x00, 0x00, 0x00, 0x00,
    0x00, 0x00, 0x00, 0x00, 0x0a, 0x80, 0x0f, 0xe0, 0x0f, 0xe0, 0x0f, 0xe0, 0x0b, 0xc0, 0x0f, 0xd0, 0x0f, 0xe0, 0x0f, 0xe0, 0x0f, 0xe0, 0x0f, 0xe0,
    0x0f, 0xe0, 0x0f, 0xe0, 0x0f, 0xe0, 0x0f, 0xe0, 0x0f, 0xe0, 0x0f, 0xe0, 0x0f, 0xe0, 0x0f, 0xe0, 0x0f, 0xd0, 0x00, 0x00, 0x00, 0x00, 0x00, 0x00,
    0x00, 0x00, 0x00, 0x00, 0x00, 0x00, 0x00, 0x00, 0x00, 0x00, 0x00, 0x02, 0xa0, 0x00, 0x03, 0xf8, 0x00, 0x03, 0xf8, 0x00, 0x03, 0xf8, 0x00, 0x02,
    0xf4, 0x00, 0x03, 0xf4, 0x00, 0x03, 0xf8, 0x00, 0x03, 0xf8, 0x00, 0x03, 0xf8, 0x00, 0x03, 0xf8, 0x00, 0x03, 0xf8, 0x00, 0x03, 0xf8, 0x00, 0x03,
    0xf8, 0x00, 0x03, 0xf8, 0x00, 0x03, 0xf8, 0x00, 0x03, 0xf8, 0x00, 0x03, 0xf8, 0x00, 0x03, 0xf8, 0x00, 0x03, 0xf8, 0x00, 0x07, 0xf8, 0x00, 0x3f,
    0xf4, 0x00, 0x7f, 0xf0, 0x00, 0x7f, 0xd0, 0x00, 0x00, 0x00, 0x00, 0x00, 0x00, 0x00, 0x00, 0x00, 0x00, 0x00, 0x00, 0x00, 0x0a, 0x80, 0x00, 0x00,
    0x0f, 0xe0, 0x00, 0x00, 0x0f, 0xe0, 0x00, 0x00, 0x0f, 0xe0, 0x00, 0x00, 0x0f, 0xe0, 0x00, 0x00, 0x0f, 0xe0, 0x3f, 0xc0, 0x0f, 0xe0, 0xff, 0xc0,
    0x0f, 0xe3, 0xff, 0x00, 0x0f, 0xff, 0xfc, 0x00, 0x0f, 0xff, 0xf0, 0x00, 0x0f, 0xff, 0xc0, 0x00, 0x0f, 0xff, 0x00, 0x00, 0x0f, 0xff, 0x80, 0x00,
    0x0f, 0xff, 0xe0, 0x00, 0x0f, 0xff, 0xf8, 0x00, 0x0f, 0xeb, 0xfd, 0x00, 0x0f, 0xe2, 0xff, 0x40, 0x0f, 0xe0, 0xbf, 0xc0, 0x0f, 0xd0, 0x2f, 0xc0,
    0x00, 0x00, 0x00, 0x00, 0x00, 0x00, 0x00, 0x00, 0x00, 0x00, 0x00, 0x00, 0x00, 0x00, 0x00, 0x00, 0x00, 0x00, 0x00, 0x00, 0x00, 0x00, 0x0a, 0x80,
    0x0f, 0xe0, 0x0f, 0xe0, 0x0f, 0xe0, 0x0f, 0xe0, 0x0f, 0xe0, 0x0f, 0xe0, 0x0f, 0xe0, 0x0f, 0xe0, 0x0f, 0xe0, 0x0f, 0xe0, 0x0f, 0xe0, 0x0f, 0xe0,
    0x0f, 0xe0, 0x0f, 0xe0, 0x0f, 0xe0, 0x0f, 0xe0, 0x0f, 0xe0, 0x0f, 0xd0, 0x00, 0x00, 0x00, 0x00, 0x00, 0x00, 0x00, 0x00, 0x00, 0x00, 0x00, 0x00,
    0x00, 0x00, 0x00, 0x00, 0x00, 0x00, 0x00, 0x00, 0x00, 0x00, 0x00, 0x00, 0x00, 0x00, 0x00, 0x00, 0x00, 0x00, 0x00, 0x00, 0x00, 0x00, 0x00, 0x00,
    0x00, 0x00, 0x00, 0x00, 0x00, 0x00, 0x00, 0x00, 0x00, 0x00, 0x00, 0x00, 0x00, 0x00, 0x00, 0x01, 0x40, 0x01, 0x00, 0x00, 0x0f, 0xff, 0xf8, 0xbf,
    0xe0, 0x00, 0x0f, 0xff, 0xff, 0xff, 0xf8, 0x00, 0x0f, 0xff, 0xff, 0xff, 0xfc, 0x00, 0x0f, 0xfd, 0xff, 0xf7, 0xfd, 0x00, 0x0f, 0xf0, 0x7f, 0xc1,
    0xfe, 0x00, 0x0f, 0xe0, 0x3f, 0x80, 0xfe, 0x00, 0x0f, 0xe0, 0x3f, 0x80, 0xfe, 0x00, 0x0f, 0xe0, 0x3f, 0x80, 0xfe, 0x00, 0x0f, 0xe0, 0x3f, 0x80,
    0xfe, 0x00, 0x0f, 0xe0, 0x3f, 0x80, 0xfe, 0x00, 0x0f, 0xe0, 0x3f, 0x80, 0xfe, 0x00, 0x0f, 0xe0, 0x3f, 0x80, 0xfe, 0x00, 0x0f, 0xe0, 0x3f, 0x80,
    0xfe, 0x00, 0x0f, 0xd0, 0x3f, 0x40, 0xfd, 0x00, 0x00, 0x00, 0x00, 0x00, 0x00, 0x00, 0x00, 0x00, 0x00, 0x00, 0x00, 0x00, 0x00, 0x00, 0x00, 0x00,
    0x00, 0x00, 0x00, 0x00, 0x00, 0x00, 0x00, 0x00, 0x00, 0x00, 0x00, 0x00, 0x00, 0x00, 0x00, 0x00, 0x00, 0x00, 0x00, 0x00, 0x00, 0x00, 0x00, 0x00,
    0x00, 0x00, 0x00, 0x00, 0x00, 0x00, 0x00, 0x00, 0x00, 0x00, 0x00, 0x00, 0x00, 0x01, 0x40, 0x00, 0x0f, 0xff, 0xf8, 0x00, 0x0f, 0xff, 0xff, 0x00,
    0x0f, 0xff, 0xff, 0x40, 0x0f, 0xfd, 0xbf, 0x80, 0x0f, 0xf0, 0x3f, 0xc0, 0x0f, 0xe0, 0x3f, 0xc0, 0x0f, 0xe0, 0x3f, 0xc0, 0x0f, 0xe0, 0x3f, 0xc0,
    0x0f, 0xe0, 0x3f, 0xc0, 0x0f, 0xe0, 0x3f, 0xc0, 0x0f, 0xe0, 0x3f, 0xc0, 0x0f, 0xe0, 0x3f, 0xc0, 0x0f, 0xe0, 0x3f, 0xc0, 0x0f, 0xd0, 0x2f, 0x80,
    0x00, 0x00, 0x00, 0x00, 0x00, 0x00, 0x00, 0x00, 0x00, 0x00, 0x00, 0x00, 0x00, 0x00, 0x00, 0x00, 0x00, 0x00, 0x00, 0x00, 0x00, 0x00, 0x00, 0x00,
    0x00, 0x00, 0x00, 0x00, 0x00, 0x00, 0x00, 0x00, 0x00, 0x00, 0x00, 0x00, 0x00, 0x00, 0x00, 0x00, 0x00, 0x00, 0x00, 0x00, 0x00, 0x05, 0x00, 0x00,
    0x00, 0xbf, 0xf0, 0x00, 0x03, 0xff, 0xfd, 0x00, 0x0f, 0xff, 0xff, 0x00, 0x1f, 0xf9, 0xff, 0x40, 0x2f, 0xd0, 0x7f, 0x80, 0x3f, 0xc0, 0x3f, 0xc0,
    0x3f, 0xc0, 0x3f, 0xc0, 0x3f, 0xc0, 0x3f, 0xc0, 0x3f, 0xc0, 0x3f, 0xc0, 0x2f, 0xd0, 0x7f, 0x80, 0x1f, 0xf9, 0xff, 0x40, 0x0f, 0xff, 0xff, 0x00,
    0x03, 0xff, 0xfd, 0x00, 0x00, 0xbf, 0xf0, 0x00, 0x00, 0x05, 0x00, 0x00, 0x00, 0x00, 0x00, 0x00, 0x00, 0x00, 0x00, 0x00, 0x00, 0x00, 0x00, 0x00,
    0x00, 0x00, 0x00, 0x00, 0x00, 0x00, 0x00, 0x00, 0x00, 0x00, 0x00, 0x00, 0x00, 0x00, 0x00, 0x00, 0x00, 0x00, 0x00, 0x00, 0x00, 0x00, 0x00, 0x00,
    0x00, 0x00, 0x00, 0x00, 0x00, 0x01, 0x40, 0x00, 0x0f, 0xff, 0xf8, 0x00, 0x0f, 0xff, 0xfe, 0x00, 0x0f, 0xff, 0xff, 0x40, 0x0f, 0xfd, 0xbf, 0xc0,
    0x0f, 0xf0, 0x3f, 0xc0, 0x0f, 0xe0, 0x2f, 0xd0, 0x0f, 0xe0, 0x1f, 0xd0, 0x0f, 0xe0, 0x1f, 0xd0, 0x0f, 0xf0, 0x2f, 0xd0, 0x0f, 0xf0, 0x3f, 0xc0,
    0x0f, 0xfd, 0xbf, 0xc0, 0x0f, 0xff, 0xff, 0x40, 0x0f, 0xff, 0xfe, 0x00, 0x0f, 0xff, 0xf8, 0x00, 0x0f, 0xe1, 0x40, 0x00, 0x0f, 0xe0, 0x00, 0x00,
    0x0f, 0xe0, 0x00, 0x00, 0x0f, 0xe0, 0x00, 0x00, 0x00, 0x00, 0x00, 0x00, 0x00, 0x00, 0x00, 0x00, 0x00, 0x00, 0x00, 0x00, 0x00, 0x00, 0x00, 0x00,
    0x00, 0x00, 0x00, 0x00, 0x00, 0x00, 0x00, 0x00, 0x00, 0x00, 0x00, 0x00, 0x00, 0x04, 0x00, 0x00, 0x00, 0xff, 0xff, 0x80, 0x03, 0xff, 0xff, 0xc0,
    0x0f, 0xff, 0xff, 0xc0, 0x1f, 0xf5, 0xff, 0xc0, 0x2f, 0xd0, 0xbf, 0xc0, 0x3f, 0xc0, 0x3f, 0xc0, 0x3f, 0xc0, 0x3f, 0xc0, 0x3f, 0xc0, 0x3f, 0xc0,
    0x3f, 0xc0, 0x3f, 0xc0, 0x2f, 0xd0, 0xbf, 0xc0, 0x1f, 0xf5, 0xff, 0xc0, 0x0f, 0xff, 0xff, 0xc0, 0x03, 0xff, 0xff, 0xc0, 0x00, 0xff, 0xff, 0xc0,
    0x00, 0x04, 0x3f, 0xc0, 0x00, 0x00, 0x3f, 0xc0, 0x00, 0x00, 0x3f, 0xc0, 0x00, 0x00, 0x3f, 0x80, 0x00, 0x00, 0x00, 0x00, 0x00, 0x00, 0x00, 0x00,
    0x00, 0x00, 0x00, 0x00, 0x00, 0x00, 0x00, 0x00, 0x00, 0x00, 0x00, 0x00, 0x00, 0x00, 0x00, 0x40, 0x0f, 0xff, 0xf0, 0x0f, 0xff, 0xf0, 0x0f, 0xff,
    0xf0, 0x0f, 0xfd, 0xa0, 0x0f, 0xf0, 0x00, 0x0f, 0xe0, 0x00, 0x0f, 0xe0, 0x00, 0x0f, 0xe0, 0x00, 0x0f, 0xe0, 0x00, 0x0f, 0xe0, 0x00, 0x0f, 0xe0,
    0x00, 0x0f, 0xe0, 0x00, 0x0f, 0xe0, 0x00, 0x0f, 0xd0, 0x00, 0x00, 0x00, 0x00, 0x00, 0x00, 0x00, 0x00, 0x00, 0x00, 0x00, 0x00, 0x00, 0x00, 0x00,
    0x00, 0x00, 0x00, 0x00, 0x00, 0x00, 0x00, 0x00, 0x00, 0x00, 0x00, 0x00, 0x00, 0x00, 0x00, 0x00, 0x00, 0x00, 0x00, 0x00, 0x14, 0x00, 0x02, 0xff,
    0xf4, 0x0f, 0xff, 0xf8, 0x2f, 0xff, 0xfc, 0x3f, 0xd5, 0xf8, 0x3f, 0xd0, 0x00, 0x2f, 0xfe, 0x40, 0x1f, 0xff, 0xf0, 0x07, 0xff, 0xf8, 0x00, 0x6f,
    0xfc, 0x04, 0x02, 0xfd, 0x3f, 0x97, 0xfd, 0x3f, 0xff, 0xfc, 0x3f, 0xff, 0xf4, 0x1b, 0xff, 0xd0, 0x00, 0x14, 0x00, 0x00, 0x00, 0x00, 0x00, 0x00,
    0x00, 0x00, 0x00, 0x00, 0x00, 0x00, 0x00, 0x00, 0x00, 0x00, 0x00, 0x00, 0x00, 0x00, 0x00, 0x00, 0x05, 0x40, 0x00, 0x0f, 0xe0, 0x00, 0x0f, 0xe0,
    0x00, 0x0f, 0xe0, 0x00, 0x3f, 0xff, 0xc0, 0x7f, 0xff, 0xd0, 0x7f, 0xff, 0xc0, 0x2f, 0xfa, 0x40, 0x0f, 0xe0, 0x00, 0x0f, 0xe0, 0x00, 0x0f, 0xe0,
    0x00, 0x0f, 0xe0, 0x00, 0x0f, 0xe0, 0x00, 0x0f, 0xe0, 0x00, 0x0f, 0xfa, 0x80, 0x0f, 0xff, 0xd0, 0x07, 0xff, 0xd0, 0x01, 0xbf, 0xc0, 0x00, 0x00,
    0x00, 0x00, 0x00, 0x00, 0x00, 0x00, 0x00, 0x00, 0x00, 0x00, 0x00, 0x00, 0x00, 0x00, 0x00, 0x00, 0x00, 0x00, 0x00, 0x00, 0x00, 0x00, 0x00, 0x00,
    0x00, 0x00, 0x00, 0x00, 0x00, 0x00, 0x00, 0x00, 0x00, 0x00, 0x00, 0x00, 0x00, 0x00, 0x00, 0x00, 0x00, 0x00, 0x0f, 0xc0, 0x3f, 0x40, 0x1f, 0xd0,
    0x3f, 0xc0, 0x1f, 0xd0, 0x3f, 0xc0, 0x1f, 0xd0, 0x3f, 0xc0, 0x1f, 0xd0, 0x3f, 0xc0, 0x1f, 0xd0, 0x3f, 0xc0, 0x1f, 0xd0, 0x3f, 0xc0, 0x1f, 0xd0,
    0x3f, 0xc0, 0x1f, 0xd0, 0x3f, 0xc0, 0x0f, 0xe0, 0x7f, 0xc0, 0x0f, 0xf6, 0xff, 0xc0, 0x0b, 0xff, 0xff, 0xc0, 0x03, 0xff, 0xff, 0xc0, 0x01, 0xff,
    0xff, 0x40, 0x00, 0x04, 0x00, 0x00, 0x00, 0x00, 0x00, 0x00, 0x00, 0x00, 0x00, 0x00, 0x00, 0x00, 0x00, 0x00, 0x00, 0x00, 0x00, 0x00, 0x00, 0x00,
    0x00, 0x00, 0x00, 0x00, 0x00, 0x00, 0x00, 0x00, 0x00, 0x00, 0x00, 0x00, 0x00, 0x00, 0x00, 0x00, 0x00, 0x00, 0x00, 0x00, 0x00, 0x00, 0x00, 0x00,
    0x00, 0x00, 0x3f, 0x40, 0x2f, 0xc0, 0x7f, 0x80, 0x3f, 0xc0, 0x3f, 0xc0, 0x7f, 0x80, 0x2f, 0xd0, 0xbf, 0x40, 0x1f, 0xe0, 0xff, 0x00, 0x0f, 0xf1,
    0xfe, 0x00, 0x0b, 0xf6, 0xfd, 0x00, 0x07, 0xff, 0xfc, 0x00, 0x03, 0xff, 0xf8, 0x00, 0x02, 0xff, 0xf4, 0x00, 0x00, 0xff, 0xf0, 0x00, 0x00, 0xff,
    0xe0, 0x00, 0x00, 0xbf, 0xd0, 0x00, 0x00, 0x3f, 0xc0, 0x00, 0x00, 0x00, 0x00, 0x00, 0x00, 0x00, 0x00, 0x00, 0x00, 0x00, 0x00, 0x00, 0x00, 0x00,
    0x00, 0x00, 0x00, 0x00, 0x00, 0x00, 0x00, 0x00, 0x00, 0x00, 0x00, 0x00, 0x00, 0x00, 0x00, 0x00, 0x00, 0x00, 0x00, 0x00, 0x00, 0x00, 0x00, 0x00,
    0x00, 0x00, 0x00, 0x00, 0x00, 0x00, 0x00, 0x00, 0x00, 0x00, 0x00, 0x00, 0x00, 0x00, 0x00, 0x00, 0x00, 0x00, 0x3f, 0x42, 0xfc, 0x0f, 0xc0, 0x3f,
    0xc3, 0xfd, 0x2f, 0xc0, 0x3f, 0xc7, 0xfe, 0x3f, 0xc0, 0x2f, 0xcb, 0xff, 0x3f, 0xc0, 0x1f, 0xdf, 0xff, 0x7f, 0x80, 0x0f, 0xff, 0xff, 0xff, 0x40,
    0x0f, 0xff, 0xff, 0xff, 0x00, 0x0b, 0xff, 0xff, 0xff, 0x00, 0x07, 0xff, 0xef, 0xfe, 0x00, 0x03, 0xff, 0x9f, 0xfd, 0x00, 0x03, 0xff, 0x4f, 0xfc,
    0x00, 0x02, 0xff, 0x0f, 0xfc, 0x00, 0x01, 0xff, 0x0b, 0xf8, 0x00, 0x00, 0xfe, 0x07, 0xf4, 0x00, 0x00, 0x00, 0x00, 0x00, 0x00, 0x00, 0x00, 0x00,
    0x00, 0x00, 0x00, 0x00, 0x00, 0x00, 0x00, 0x00, 0x00, 0x00, 0x00, 0x00, 0x00, 0x00, 0x00, 0x00, 0x00, 0x00, 0x00, 0x00, 0x00, 0x00, 0x00, 0x00,
    0x00, 0x00, 0x00, 0x00, 0x00, 0x00, 0x00, 0x00, 0x00, 0x00, 0x00, 0x00, 0x00, 0x00, 0x00, 0x00, 0x00, 0x00, 0x00, 0x00, 0x3f, 0xc0, 0x3f, 0x80,
    0x3f, 0xe0, 0xff, 0x80, 0x1f, 0xf5, 0xff, 0x00, 0x0b, 0xff, 0xfd, 0x00, 0x03, 0xff, 0xf8, 0x00, 0x00, 0xff, 0xf0, 0x00, 0x00, 0xbf, 0xd0, 0x00,
    0x00, 0xff, 0xe0, 0x00, 0x02, 0xff, 0xf4, 0x00, 0x07, 0xff, 0xfc, 0x00, 0x0f, 0xfb, 0xfe, 0x00, 0x2f, 0xf0, 0xff, 0x40, 0x7f, 0xc0, 0xbf, 0xc0,
    0x3f, 0x40, 0x2f, 0xc0, 0x00, 0x00, 0x00, 0x00, 0x00, 0x00, 0x00, 0x00, 0x00, 0x00, 0x00, 0x00, 0x00, 0x00, 0x00, 0x00, 0x00, 0x00, 0x00, 0x00,
    0x00, 0x00, 0x00, 0x00, 0x00, 0x00, 0x00, 0x00, 0x00, 0x00, 0x00, 0x00, 0x00, 0x00, 0x00, 0x00, 0x00, 0x00, 0x00, 0x00, 0x00, 0x00, 0x00, 0x00,
    0x00, 0x00, 0x00, 0x00, 0x3f, 0x40, 0x2f, 0xc0, 0x7f, 0x80, 0x3f, 0xc0, 0x3f, 0xc0, 0x7f, 0x80, 0x2f, 0xd0, 0xbf, 0x40, 0x0f, 0xf0, 0xff, 0x00,
    0x0f, 0xf1, 0xfe, 0x00, 0x07, 0xfb, 0xfc, 0x00, 0x03, 0xff, 0xfc, 0x00, 0x02, 0xff, 0xf4, 0x00, 0x01, 0xff, 0xf0, 0x00, 0x00, 0xff, 0xe0, 0x00,
    0x00, 0xbf, 0xd0, 0x00, 0x00, 0x3f, 0xc0, 0x00, 0x00, 0x7f, 0x80, 0x00, 0x00, 0xff, 0x40, 0x00, 0x0f, 0xff, 0x00, 0x00, 0x1f, 0xfd, 0x00, 0x00,
    0x1f, 0xf8, 0x00, 0x00, 0x00, 0x00, 0x00, 0x00, 0x00, 0x00, 0x00, 0x00, 0x00, 0x00, 0x00, 0x00, 0x00, 0x00, 0x00, 0x00, 0x00, 0x00, 0x00, 0x00,
    0x00, 0x00, 0x00, 0x00, 0x2f, 0xff, 0xfd, 0x3f, 0xff, 0xfe, 0x3f, 0xff, 0xfe, 0x0a, 0xaf, 0xfc, 0x00, 0x0f, 0xf4, 0x00, 0x3f, 0xe0, 0x00, 0xff,
    0xc0, 0x02, 0xff, 0x00, 0x07, 0xfd, 0x00, 0x0f, 0xf8, 0x00, 0x3f, 0xfa, 0xa8, 0x3f, 0xff, 0xfe, 0x3f, 0xff, 0xfe, 0x3f, 0xff, 0xfd, 0x00, 0x00,
    0x00, 0x00, 0x00, 0x00, 0x00, 0x00, 0x00, 0x00, 0x00, 0x00, 0x00, 0x00, 0x00, 0x00, 0x00, 0x00, 0x00, 0x00, 0x00, 0x00, 0x00, 0x00, 0x00, 0x00,
    0xaa, 0x00, 0x00, 0x07, 0xff, 0x00, 0x00, 0x0f, 0xff, 0x00, 0x00, 0x1f, 0xfe, 0x00, 0x00, 0x1f, 0xd0, 0x00, 0x00, 0x2f, 0xd0, 0x00, 0x00, 0x2f,
    0xd0, 0x00, 0x00, 0x2f, 0xd0, 0x00, 0x00, 0x2f, 0xc0, 0x00, 0x01, 0x7f, 0xc0, 0x00, 0x07, 0xff, 0xc0, 0x00, 0x0b, 0xff, 0x40, 0x00, 0x07, 0xff,
    0xc0, 0x00, 0x00, 0x3f, 0xc0, 0x00, 0x00, 0x2f, 0xc0, 0x00, 0x00, 0x2f, 0xd0, 0x00, 0x00, 0x2f, 0xd0, 0x00, 0x00, 0x2f, 0xd0, 0x00, 0x00, 0x1f,
    0xd0, 0x00, 0x00, 0x1f, 0xff, 0x00, 0x00, 0x0f, 0xff, 0x00, 0x00, 0x07, 0xff, 0x00, 0x00, 0x00, 0x69, 0x00, 0x00, 0x00, 0x00, 0x00, 0x00, 0x00,
    0x00, 0x00, 0x00, 0x03, 0xe0, 0x00, 0x07, 0xf0, 0x00, 0x07, 0xf0, 0x00, 0x07, 0xf0, 0x00, 0x07, 0xf0, 0x00, 0x07, 0xf0, 0x00, 0x07, 0xf0, 0x00,
    0x07, 0xf0, 0x00, 0x07, 0xf0, 0x00, 0x07, 0xf0, 0x00, 0x07, 0xf0, 0x00, 0x07, 0xf0, 0x00, 0x07, 0xf0, 0x00, 0x07, 0xf0, 0x00, 0x07, 0xf0, 0x00,
    0x07, 0xf0, 0x00, 0x07, 0xf0, 0x00, 0x07, 0xf0, 0x00, 0x07, 0xf0, 0x00, 0x07, 0xf0, 0x00, 0x07, 0xf0, 0x00, 0x07, 0xf0, 0x00, 0x07, 0xf0, 0x00,
    0x00, 0x00, 0x00, 0x00, 0x00, 0x00, 0x00, 0x00, 0x00, 0x00, 0x00, 0x00, 0x02, 0xa4, 0x00, 0x00, 0x0b, 0xff, 0x00, 0x00, 0x0b, 0xff, 0x80, 0x00,
    0x03, 0xff, 0xc0, 0x00, 0x00, 0x2f, 0xc0, 0x00, 0x00, 0x2f, 0xc0, 0x00, 0x00, 0x2f, 0xc0, 0x00, 0x00, 0x2f, 0xc0, 0x00, 0x00, 0x2f, 0xc0, 0x00,
    0x00, 0x2f, 0xe4, 0x00, 0x00, 0x0f, 0xff, 0x00, 0x00, 0x0f, 0xff, 0x00, 0x00, 0x1f, 0xff, 0x00, 0x00, 0x2f, 0xe0, 0x00, 0x00, 0x2f, 0xc0, 0x00,
    0x00, 0x2f, 0xc0, 0x00, 0x00, 0x2f, 0xc0, 0x00, 0x00, 0x2f, 0xc0, 0x00, 0x00, 0x3f, 0xc0, 0x00, 0x07, 0xff, 0xc0, 0x00, 0x0b, 0xff, 0x80, 0x00,
    0x07, 0xff, 0x00, 0x00, 0x02, 0xa4, 0x00, 0x00, 0x00, 0x00, 0x00, 0x00, 0x00, 0x00, 0x00, 0x00, 0x00, 0x00, 0x00, 0x00, 0x00, 0x00, 0x00, 0x00,
    0x00, 0x00, 0x00, 0x00, 0x00, 0x00, 0x00, 0x00, 0x00, 0x00, 0x00, 0x00, 0x00, 0x00, 0x00, 0x00, 0x00, 0x00, 0x00, 0x00, 0x00, 0x00, 0x00, 0x00,
    0x00, 0x00, 0x00, 0x00, 0x00, 0x00, 0x00, 0x00, 0x00, 0x00, 0x00, 0x00, 0x00, 0x00, 0x00, 0x00, 0x15, 0x00, 0x06, 0x00, 0x01, 0xff, 0xf4, 0x2f,
    0x40, 0x0b, 0xff, 0xff, 0xff, 0x40, 0x0f, 0xff, 0xff, 0xff, 0x40, 0x0f, 0xe5, 0xff, 0xfd, 0x00, 0x0b, 0x00, 0x0a, 0x90, 0x00, 0x00, 0x00, 0x00,
    0x00, 0x00, 0x00, 0x00, 0x00, 0x00, 0x00, 0x00, 0x00, 0x00, 0x00, 0x00, 0x00, 0x00, 0x00, 0x00, 0x00, 0x00, 0x00, 0x00, 0x00, 0x00, 0x00, 0x00,
    0x00, 0x00, 0x00, 0x00, 0x00, 0x00, 0x00, 0x00, 0x00, 0x00, 0x00, 0x00, 0x00, 0x00, 0x00, 0x00, 0x00, 0x00,
};
static const glyph_t cond24_glyphs[95] = {
    {8, 7, -1, 0}, /* ' ' */
    {10, 9, -1, 52}, /* '!' */
    {11, 10, -1, 130}, /* '"' */
    {19, 18, -1, 208}, /* '#' */
    {15, 14, -1, 338}, /* '$' */
    {21, 20, -1, 442}, /* '%' */
    {17, 16, -1, 598}, /* '&' */
    {7, 6, -1, 728}, /* ''' */
    {10, 9, -1, 780}, /* '(' */
    {10, 9, -1, 858}, /* ')' */
    {12, 11, -1, 936}, /* '*' */
    {19, 18, -1, 1014}, /* '+' */
    {8, 7, -1, 1144}, /* ',' */
    {9, 8, -1, 1196}, /* '-' */
    {8, 7, -1, 1274}, /* '.' */
    {9, 8, -1, 1326}, /* '/' */
    {15, 14, -1, 1404}, /* '0' */
    {15, 14, -1, 1508}, /* '1' */
    {15, 14, -1, 1612}, /* '2' */
    {15, 14, -1, 1716}, /* '3' */
    {15, 14, -1, 1820}, /* '4' */
    {15, 14, -1, 1924}, /* '5' */
    {15, 14, -1, 2028}, /* '6' */
    {15, 14, -1, 2132}, /* '7' */
    {15, 14, -1, 2236}, /* '8' */
    {15, 14, -1, 2340}, /* '9' */
    {9, 8, -1, 2444}, /* ':' */
    {9, 8, -1, 2522}, /* ';' */
    {19, 18, -1, 2600}, /* '<' */
    {19, 18, -1, 2730}, /* '=' */
    {19, 18, -1, 2860}, /* '>' */
    {13, 12, -1, 2990}, /* '?' */
    {22, 21, -1, 3094}, /* '@' */
    {16, 15, -1, 3250}, /* 'A' */
    {16, 15, -1, 3354}, /* 'B' */
    {16, 15, -1, 3458}, /* 'C' */
    {17, 16, -1, 3562}, /* 'D' */
    {15, 14, -1, 3692}, /* 'E' */
    {13, 12, -1, 3796}, /* 'F' */
    {17, 16, -1, 3900}, /* 'G' */
    {17, 16, -1, 4030}, /* 'H' */
    {8, 7, -1, 4160}, /* 'I' */
    {9, 7, -2, 4212}, /* 'J' */
    {16, 14, -1, 4290}, /* 'K' */
    {13, 12, -1, 4394}, /* 'L' */
    {19, 18, -1, 4498}, /* 'M' */
    {17, 16, -1, 4628}, /* 'N' */
    {18, 17, -1, 4758}, /* 'O' */
    {14, 13, -1, 4888}, /* 'P' */
    {18, 17, -1, 4992}, /* 'Q' */
    {16, 15, -1, 5122}, /* 'R' */
    {15, 14, -1, 5226}, /* 'S' */
    {16, 13, -2, 5330}, /* 'T' */
    {16, 15, -1, 5434}, /* 'U' */
    {16, 15, -1, 5538}, /* 'V' */
    {22, 21, -1, 5642}, /* 'W' */
    {16, 15, -1, 5798}, /* 'X' */
    {16, 13, -2, 5902}, /* 'Y' */
    {16, 15, -1, 6006}, /* 'Z' */
    {10, 9, -1, 6110}, /* '[' */
    {9, 8, -1, 6188}, /* 'backslash' */
    {10, 9, -1, 6266}, /* ']' */
    {19, 18, -1, 6344}, /* '^' */
    {14, 11, -2, 6474}, /* '_' */
    {12, 11, -1, 6578}, /* '`' */
    {14, 13, -1, 6656}, /* 'a' */
    {15, 14, -1, 6760}, /* 'b' */
    {13, 12, -1, 6864}, /* 'c' */
    {15, 14, -1, 6968}, /* 'd' */
    {14, 13, -1, 7072}, /* 'e' */
    {10, 8, -1, 7176}, /* 'f' */
    {15, 14, -1, 7254}, /* 'g' */
    {15, 14, -1, 7358}, /* 'h' */
    {8, 7, -1, 7462}, /* 'i' */
    {9, 7, -2, 7514}, /* 'j' */
    {14, 12, -1, 7592}, /* 'k' */
    {8, 7, -1, 7696}, /* 'l' */
    {21, 20, -1, 7748}, /* 'm' */
    {15, 14, -1, 7904}, /* 'n' */
    {14, 13, -1, 8008}, /* 'o' */
    {15, 14, -1, 8112}, /* 'p' */
    {15, 14, -1, 8216}, /* 'q' */
    {11, 9, -1, 8320}, /* 'r' */
    {12, 11, -1, 8398}, /* 's' */
    {10, 9, -1, 8476}, /* 't' */
    {15, 14, -1, 8554}, /* 'u' */
    {14, 13, -1, 8658}, /* 'v' */
    {18, 17, -1, 8762}, /* 'w' */
    {14, 13, -1, 8892}, /* 'x' */
    {14, 13, -1, 8996}, /* 'y' */
    {12, 11, -1, 9100}, /* 'z' */
    {15, 14, -1, 9178}, /* '{' */
    {9, 8, -1, 9282}, /* '|' */
    {15, 14, -1, 9360}, /* '}' */
    {19, 18, -1, 9464}, /* '~' */
};
static const font_t cond24 = { cond24_bits, cond24_glyphs, 26, 21 };
static const uint8_t cond32_bits[16048] = {
    0x00, 0x00, 0x00, 0x00, 0x00, 0x00, 0x00, 0x00, 0x00, 0x00, 0x00, 0x00, 0x00, 0x00, 0x00, 0x00, 0x00, 0x00, 0x00, 0x00, 0x00, 0x00, 0x00, 0x00,
    0x00, 0x00, 0x00, 0x00, 0x00, 0x00, 0x00, 0x00, 0x00, 0x00, 0x00, 0x00, 0x00, 0x00, 0x00, 0x00, 0x00, 0x00, 0x00, 0x00, 0x00, 0x00, 0x00, 0x00,
    0x00, 0x00, 0x00, 0x00, 0x00, 0x00, 0x00, 0x00, 0x00, 0x00, 0x00, 0x00, 0x00, 0x00, 0x00, 0x00, 0x00, 0x00, 0x00, 0x00, 0x00, 0x00, 0x00, 0x00,
    0x00, 0x00, 0x00, 0x00, 0x00, 0x00, 0x00, 0x00, 0x00, 0x00, 0x00, 0x00, 0x00, 0x00, 0x00, 0x00, 0x00, 0x00, 0x00, 0x00, 0x00, 0x00, 0x00, 0x00,
    0x00, 0x00, 0x00, 0x00, 0x00, 0x00, 0x00, 0x00, 0x00, 0x00, 0x00, 0x00, 0x00, 0x00, 0x00, 0x00, 0x00, 0x00, 0x00, 0x00, 0x00, 0x00, 0x00, 0x00,
    0x00, 0x00, 0x00, 0xbf, 0x40, 0x00, 0x00, 0xff, 0x80, 0x00, 0x00, 0xff, 0xc0, 0x00, 0x00, 0xff, 0xc0, 0x00, 0x00, 0xff, 0xc0, 0x00, 0x00, 0xff,
    0xc0, 0x00, 0x00, 0xff, 0xc0, 0x00, 0x00, 0xff, 0xc0, 0x00, 0x00, 0xff, 0xc0, 0x00, 0x00, 0xff, 0xc0, 0x00, 0x00, 0xff, 0x80, 0x00, 0x00, 0xff,
    0x80, 0x00, 0x00, 0xff, 0x80, 0x00, 0x00, 0xff, 0x80, 0x00, 0x00, 0xbf, 0x80, 0x00, 0x00, 0xbf, 0x80, 0x00, 0x00, 0x7f, 0x00, 0x00, 0x00, 0x00,
    0x00, 0x00, 0x00, 0x6a, 0x40, 0x00, 0x00, 0xff, 0x80, 0x00, 0x00, 0xff, 0xc0, 0x00, 0x00, 0xff, 0xc0, 0x00, 0x00, 0xff, 0xc0, 0x00, 0x00, 0xbf,
    0x40, 0x00, 0x00, 0x00, 0x00, 0x00, 0x00, 0x00, 0x00, 0x00, 0x00, 0x00, 0x00, 0x00, 0x00, 0x00, 0x00, 0x00, 0x00, 0x00, 0x00, 0x00, 0x00, 0x00,
    0x00, 0x00, 0x00, 0x00, 0x00, 0x00, 0x00, 0x00, 0x00, 0x00, 0x00, 0x00, 0x00, 0x00, 0x00, 0x00, 0x00, 0x00, 0x03, 0xf4, 0xfd, 0x00, 0x07, 0xfd,
    0xff, 0x00, 0x07, 0xfd, 0xff, 0x00, 0x07, 0xfd, 0xff, 0x00, 0x07, 0xfd, 0xff, 0x00, 0x07, 0xfd, 0xff, 0x00, 0x07, 0xfd, 0xff, 0x00, 0x07, 0xfd,
    0xff, 0x00, 0x07, 0xfd, 0xff, 0x00, 0x07, 0xf9, 0xfe, 0x00, 0x00, 0x50, 0x14, 0x00, 0x00, 0x00, 0x00, 0x00, 0x00, 0x00, 0x00, 0x00, 0x00, 0x00,
    0x00, 0x00, 0x00, 0x00, 0x00, 0x00, 0x00, 0x00, 0x00, 0x00, 0x00, 0x00, 0x00, 0x00, 0x00, 0x00, 0x00, 0x00, 0x00, 0x00, 0x00, 0x00, 0x00, 0x00,
    0x00, 0x00, 0x00, 0x00, 0x00, 0x00, 0x00, 0x00, 0x00, 0x00, 0x00, 0x00, 0x00, 0x00, 0x00, 0x00, 0x00, 0x00, 0x00, 0x00, 0x00, 0x00, 0x00, 0x00,
    0x00, 0x00, 0x00, 0x00, 0x00, 0x00, 0x00, 0x00, 0x00, 0x00, 0x00, 0x00, 0x00, 0x00, 0x00, 0x00, 0x00, 0x00, 0x00, 0x00, 0x00, 0x00, 0x00, 0x00,
    0x00, 0x00, 0x00, 0x00, 0x00, 0x00, 0x00, 0x00, 0x00, 0x00, 0x00, 0x00, 0x00, 0x00, 0x00, 0x00, 0x00, 0x00, 0x00, 0x00, 0x00, 0x00, 0x00, 0x00,
    0x00, 0x00, 0x00, 0x06, 0x80, 0x68, 0x00, 0x00, 0x00, 0x00, 0x1f, 0xe1, 0xfe, 0x00, 0x00, 0x00, 0x00, 0x2f, 0xe2, 0xfe, 0x00, 0x00, 0x00, 0x00,
    0x3f, 0xd3, 0xfd, 0x00, 0x00, 0x00, 0x00, 0x3f, 0xc3, 0xfc, 0x00, 0x00, 0x00, 0x00, 0x3f, 0xc7, 0xfc, 0x00, 0x00, 0x00, 0x55, 0xbf, 0xdb, 0xfd,
    0x50, 0x00, 0x01, 0xff, 0xff, 0xff, 0xff, 0xf4, 0x00, 0x01, 0xff, 0xff, 0xff, 0xff, 0xf8, 0x00, 0x01, 0xff, 0xff, 0xff, 0xff, 0xf8, 0x00, 0x00,
    0xbf, 0xff, 0xff, 0xff, 0xf0, 0x00, 0x00, 0x02, 0xfe, 0x2f, 0xe0, 0x00, 0x00, 0x00, 0x03, 0xfd, 0x3f, 0xd0, 0x00, 0x00, 0x01, 0x57, 0xfd, 0x7f,
    0xd5, 0x00, 0x00, 0x0f, 0xff, 0xff, 0xff, 0xff, 0xc0, 0x00, 0x0f, 0xff, 0xff, 0xff, 0xff, 0xc0, 0x00, 0x0f, 0xff, 0xff, 0xff, 0xff, 0xc0, 0x00,
    0x0b, 0xff, 0xff, 0xff, 0xff, 0x80, 0x00, 0x00, 0x0f, 0xf0, 0xff, 0x00, 0x00, 0x00, 0x00, 0x1f, 0xf1, 0xff, 0x00, 0x00, 0x00, 0x00, 0x2f, 0xe2,
    0xfe, 0x00, 0x00, 0x00, 0x00, 0x3f, 0xd3, 0xfd, 0x00, 0x00, 0x00, 0x00, 0x3f, 0xc3, 0xfc, 0x00, 0x00, 0x00, 0x00, 0x3f, 0x83, 0xf8, 0x00, 0x00,
    0x00, 0x00, 0x00, 0x00, 0x00, 0x00, 0x00, 0x00, 0x00, 0x00, 0x00, 0x00, 0x00, 0x00, 0x00, 0x00, 0x00, 0x00, 0x00, 0x00, 0x00, 0x00, 0x00, 0x00,
    0x00, 0x00, 0x00, 0x00, 0x00, 0x00, 0x00, 0x00, 0x00, 0x00, 0x00, 0x00, 0x00, 0x00, 0x00, 0x00, 0x00, 0x00, 0x00, 0x00, 0x00, 0x00, 0x00, 0x00,
    0x00, 0x00, 0x00, 0x00, 0x00, 0x00, 0x00, 0x00, 0x00, 0x00, 0xb8, 0x00, 0x00, 0x00, 0x00, 0xfc, 0x00, 0x00, 0x00, 0x00, 0xfc, 0x00, 0x00, 0x00,
    0x01, 0xfd, 0x00, 0x00, 0x00, 0x2f, 0xff, 0xf8, 0x00, 0x00, 0xff, 0xff, 0xfe, 0x00, 0x03, 0xff, 0xff, 0xfe, 0x00, 0x07, 0xff, 0xff, 0xff, 0x00,
    0x0b, 0xfd, 0xfc, 0x2d, 0x00, 0x0b, 0xf8, 0xfc, 0x00, 0x00, 0x0b, 0xfc, 0xfc, 0x00, 0x00, 0x0b, 0xff, 0xfc, 0x00, 0x00, 0x07, 0xff, 0xff, 0x40,
    0x00, 0x02, 0xff, 0xff, 0xf4, 0x00, 0x00, 0xbf, 0xff, 0xfe, 0x00, 0x00, 0x1b, 0xff, 0xff, 0x00, 0x00, 0x00, 0xff, 0xff, 0x80, 0x00, 0x00, 0xfc,
    0xff, 0xc0, 0x00, 0x00, 0xfc, 0xbf, 0xc0, 0x0b, 0x40, 0xfc, 0xbf, 0xc0, 0x0f, 0xf5, 0xfe, 0xff, 0x80, 0x0f, 0xff, 0xff, 0xff, 0x00, 0x0b, 0xff,
    0xff, 0xfe, 0x00, 0x07, 0xff, 0xff, 0xf8, 0x00, 0x00, 0x2b, 0xff, 0x80, 0x00, 0x00, 0x00, 0xfc, 0x00, 0x00, 0x00, 0x00, 0xfc, 0x00, 0x00, 0x00,
    0x00, 0xfc, 0x00, 0x00, 0x00, 0x00, 0xfc, 0x00, 0x00, 0x00, 0x00, 0x50, 0x00, 0x00, 0x00, 0x00, 0x00, 0x00, 0x00, 0x00, 0x00, 0x00, 0x00, 0x00,
    0x00, 0x00, 0x00, 0x00, 0x00, 0x00, 0x00, 0x00, 0x00, 0x00, 0x00, 0x00, 0x00, 0x00, 0x00, 0x00, 0x00, 0x00, 0x00, 0x00, 0x00, 0x00, 0x01, 0x40,
    0x00, 0x00, 0xbf, 0xe0, 0x00, 0x0f, 0xf0, 0x00, 0x03, 0xff, 0xfc, 0x00, 0x2f, 0xf0, 0x00, 0x0b, 0xff, 0xfe, 0x00, 0x3f, 0xc0, 0x00, 0x0f, 0xff,
    0xff, 0x00, 0xbf, 0x80, 0x00, 0x1f, 0xf0, 0xff, 0x40, 0xff, 0x00, 0x00, 0x1f, 0xe0, 0xbf, 0x83, 0xfe, 0x00, 0x00, 0x1f, 0xe0, 0xbf, 0x87, 0xfc,
    0x00, 0x00, 0x1f, 0xe0, 0xbf, 0x8f, 0xf8, 0x00, 0x00, 0x1f, 0xf0, 0xff, 0x5f, 0xf0, 0x00, 0x00, 0x0f, 0xf5, 0xff, 0x7f, 0xd0, 0x00, 0x00, 0x0f,
    0xff, 0xff, 0xbf, 0xc1, 0x50, 0x00, 0x03, 0xff, 0xfd, 0xff, 0x5f, 0xfe, 0x00, 0x01, 0xff, 0xf6, 0xff, 0x7f, 0xff, 0x80, 0x00, 0x1a, 0x43, 0xfd,
    0xff, 0xff, 0xd0, 0x00, 0x00, 0x0b, 0xf9, 0xff, 0x7f, 0xe0, 0x00, 0x00, 0x0f, 0xf2, 0xfd, 0x1f, 0xf0, 0x00, 0x00, 0x3f, 0xe3, 0xfd, 0x0f, 0xf0,
    0x00, 0x00, 0x7f, 0xc3, 0xfc, 0x0f, 0xf0, 0x00, 0x00, 0xff, 0x83, 0xfd, 0x0f, 0xf0, 0x00, 0x01, 0xff, 0x02, 0xfe, 0x1f, 0xf0, 0x00, 0x03, 0xfd,
    0x01, 0xff, 0x7f, 0xe0, 0x00, 0x07, 0xfc, 0x00, 0xff, 0xff, 0xd0, 0x00, 0x0f, 0xf4, 0x00, 0x7f, 0xff, 0x80, 0x00, 0x1f, 0xf0, 0x00, 0x1f, 0xfe,
    0x00, 0x00, 0x05, 0x40, 0x00, 0x01, 0x50, 0x00, 0x00, 0x00, 0x00, 0x00, 0x00, 0x00, 0x00, 0x00, 0x00, 0x00, 0x00, 0x00, 0x00, 0x00, 0x00, 0x00,
    0x00, 0x00, 0x00, 0x00, 0x00, 0x00, 0x00, 0x00, 0x00, 0x00, 0x00, 0x00, 0x00, 0x00, 0x00, 0x00, 0x00, 0x00, 0x00, 0x00, 0x00, 0x00, 0x00, 0x00,
    0x00, 0x00, 0x00, 0x00, 0x00, 0x00, 0x00, 0x00, 0x00, 0x00, 0x00, 0x00, 0x00, 0x00, 0x00, 0x00, 0x00, 0x00, 0x00, 0x02, 0xff, 0xe4, 0x00, 0x00,
    0x00, 0x1f, 0xff, 0xfe, 0x00, 0x00, 0x00, 0x3f, 0xff, 0xfe, 0x00, 0x00, 0x00, 0xbf, 0xff, 0xfe, 0x00, 0x00, 0x00, 0xff, 0xd0, 0x7e, 0x00, 0x00,
    0x00, 0xff, 0x80, 0x04, 0x00, 0x00, 0x00, 0xff, 0x80, 0x00, 0x00, 0x00, 0x00, 0xff, 0xc0, 0x00, 0x00, 0x00, 0x00, 0xbf, 0xf0, 0x00, 0x00, 0x00,
    0x00, 0x3f, 0xf8, 0x00, 0x00, 0x00, 0x00, 0xff, 0xfe, 0x00, 0x2a, 0x80, 0x03, 0xff, 0xff, 0x40, 0x3f, 0xd0, 0x07, 0xff, 0xff, 0xd0, 0x7f, 0xc0,
    0x0f, 0xfc, 0xbf, 0xf0, 0x7f, 0xc0, 0x0f, 0xf8, 0x3f, 0xfc, 0xff, 0x80, 0x0f, 0xf4, 0x0f, 0xff, 0xff, 0x40, 0x1f, 0xf4, 0x03, 0xff, 0xff, 0x00,
    0x0f, 0xf4, 0x01, 0xff, 0xfd, 0x00, 0x0f, 0xfc, 0x00, 0x7f, 0xfc, 0x00, 0x0b, 0xff, 0x40, 0xbf, 0xfd, 0x00, 0x03, 0xff, 0xff, 0xff, 0xff, 0x40,
    0x01, 0xff, 0xff, 0xff, 0xff, 0xd0, 0x00, 0xbf, 0xff, 0xfe, 0xff, 0xf0, 0x00, 0x0f, 0xff, 0xe0, 0x3f, 0xf0, 0x00, 0x00, 0x55, 0x00, 0x00, 0x00,
    0x00, 0x00, 0x00, 0x00, 0x00, 0x00, 0x00, 0x00, 0x00, 0x00, 0x00, 0x00, 0x00, 0x00, 0x00, 0x00, 0x00, 0x00, 0x00, 0x00, 0x00, 0x00, 0x00, 0x00,
    0x00, 0x00, 0x00, 0x00, 0x00, 0x00, 0x00, 0x00, 0x00, 0x00, 0x00, 0x00, 0x00, 0x00, 0x00, 0x03, 0xf4, 0x00, 0x07, 0xfc, 0x00, 0x07, 0xfc, 0x00,
    0x07, 0xfc, 0x00, 0x07, 0xfc, 0x00, 0x07, 0xfc, 0x00, 0x07, 0xfc, 0x00, 0x07, 0xfc, 0x00, 0x07, 0xfc, 0x00, 0x07, 0xf8, 0x00, 0x00, 0x50, 0x00,
    0x00, 0x00, 0x00, 0x00, 0x00, 0x00, 0x00, 0x00, 0x00, 0x00, 0x00, 0x00, 0x00, 0x00, 0x00, 0x00, 0x00, 0x00, 0x00, 0x00, 0x00, 0x00, 0x00, 0x00,
    0x00, 0x00, 0x00, 0x00, 0x00, 0x00, 0x00, 0x00, 0x00, 0x00, 0x00, 0x00, 0x00, 0x00, 0x00, 0x00, 0x00, 0x00, 0x00, 0x00, 0x00, 0x00, 0x00, 0x00,
    0x00, 0x00, 0x00, 0x00, 0x00, 0x00, 0x00, 0x00, 0x00, 0x00, 0x00, 0x00, 0x00, 0x00, 0x00, 0x00, 0x00, 0x00, 0x00, 0x00, 0x00, 0x00, 0x00, 0x06,
    0xe0, 0x00, 0x00, 0x0f, 0xf4, 0x00, 0x00, 0x2f, 0xf0, 0x00, 0x00, 0x3f, 0xd0, 0x00, 0x00, 0x7f, 0xc0, 0x00, 0x00, 0xff, 0x80, 0x00, 0x01, 0xff,
    0x40, 0x00, 0x02, 0xff, 0x00, 0x00, 0x03, 0xfe, 0x00, 0x00, 0x03, 0xfd, 0x00, 0x00, 0x07, 0xfd, 0x00, 0x00, 0x07, 0xfc, 0x00, 0x00, 0x0b, 0xfc,
    0x00, 0x00, 0x0b, 0xfc, 0x00, 0x00, 0x0b, 0xfc, 0x00, 0x00, 0x0b, 0xfc, 0x00, 0x00, 0x0b, 0xfc, 0x00, 0x00, 0x07, 0xfc, 0x00, 0x00, 0x07, 0xfc,
    0x00, 0x00, 0x03, 0xfd, 0x00, 0x00, 0x03, 0xfe, 0x00, 0x00, 0x02, 0xff, 0x00, 0x00, 0x01, 0xff, 0x00, 0x00, 0x00, 0xff, 0x80, 0x00, 0x00, 0xbf,
    0xc0, 0x00, 0x00, 0x3f, 0xd0, 0x00, 0x00, 0x2f, 0xf0, 0x00, 0x00, 0x0f, 0xf0, 0x00, 0x00, 0x07, 0xf0, 0x00, 0x00, 0x00, 0x00, 0x00, 0x00, 0x00,
    0x00, 0x00, 0x00, 0x00, 0x00, 0x00, 0x00, 0x00, 0x00, 0x00, 0x00, 0x00, 0x00, 0x00, 0x07, 0xe0, 0x00, 0x00, 0x0b, 0xf8, 0x00, 0x00, 0x07, 0xfc,
    0x00, 0x00, 0x03, 0xfe, 0x00, 0x00, 0x01, 0xff, 0x00, 0x00, 0x00, 0xff, 0x40, 0x00, 0x00, 0xbf, 0x80, 0x00, 0x00, 0x7f, 0xc0, 0x00, 0x00, 0x3f,
    0xd0, 0x00, 0x00, 0x3f, 0xe0, 0x00, 0x00, 0x2f, 0xf0, 0x00, 0x00, 0x2f, 0xf0, 0x00, 0x00, 0x1f, 0xf0, 0x00, 0x00, 0x1f, 0xf0, 0x00, 0x00, 0x1f,
    0xf0, 0x00, 0x00, 0x1f, 0xf0, 0x00, 0x00, 0x1f, 0xf0, 0x00, 0x00, 0x2f, 0xf0, 0x00, 0x00, 0x2f, 0xf0, 0x00, 0x00, 0x3f, 0xe0, 0x00, 0x00, 0x3f,
    0xd0, 0x00, 0x00, 0x7f, 0xc0, 0x00, 0x00, 0xbf, 0xc0, 0x00, 0x00, 0xff, 0x40, 0x00, 0x01, 0xff, 0x00, 0x00, 0x03, 0xfe, 0x00, 0x00, 0x07, 0xfc,
    0x00, 0x00, 0x0b, 0xf8, 0x00, 0x00, 0x07, 0xf0, 0x00, 0x00, 0x00, 0x00, 0x00, 0x00, 0x00, 0x00, 0x00, 0x00, 0x00, 0x00, 0x00, 0x00, 0x00, 0x00,
    0x00, 0x00, 0x00, 0x00, 0x00, 0x00, 0x00, 0x01, 0x00, 0x00, 0x00, 0x0f, 0xd0, 0x00, 0x00, 0x0f, 0xe0, 0x00, 0x09, 0x0f, 0xe0, 0x90, 0x2f, 0x8f,
    0xe7, 0xf0, 0x3f, 0xff, 0xff, 0xf8, 0x2f, 0xff, 0xff, 0xf4, 0x07, 0xff, 0xff, 0x80, 0x00, 0xff, 0xfd, 0x00, 0x03, 0xff, 0xff, 0x40, 0x2f, 0xff,
    0xff, 0xf0, 0x3f, 0xff, 0xff, 0xf8, 0x3f, 0xcf, 0xe7, 0xf4, 0x0d, 0x0f, 0xe0, 0xa0, 0x00, 0x0f, 0xe0, 0x00, 0x00, 0x0f, 0xd0, 0x00, 0x00, 0x01,
    0x40, 0x00, 0x00, 0x00, 0x00, 0x00, 0x00, 0x00, 0x00, 0x00, 0x00, 0x00, 0x00, 0x00, 0x00, 0x00, 0x00, 0x00, 0x00, 0x00, 0x00, 0x00, 0x00, 0x00,
    0x00, 0x00, 0x00, 0x00, 0x00, 0x00, 0x00, 0x00, 0x00, 0x00, 0x00, 0x00, 0x00, 0x00, 0x00, 0x00, 0x00, 0x00, 0x00, 0x00, 0x00, 0x00, 0x00, 0x00,
    0x00, 0x00, 0x00, 0x00, 0x00, 0x00, 0x00, 0x00, 0x00, 0x00, 0x00, 0x00, 0x00, 0x00, 0x00, 0x00, 0x00, 0x00, 0x00, 0x00, 0x00, 0x00, 0x00, 0x00,
    0x00, 0x00, 0x00, 0x00, 0x00, 0x00, 0x00, 0x00, 0x00, 0x00, 0x00, 0x00, 0x00, 0x00, 0x00, 0x00, 0x00, 0x00, 0x00, 0x00, 0x00, 0x00, 0x00, 0x00,
    0x00, 0x00, 0x00, 0x00, 0x00, 0x00, 0x00, 0x00, 0x00, 0x00, 0x00, 0x00, 0x00, 0x00, 0x00, 0x00, 0x07, 0xe0, 0x00, 0x00, 0x00, 0x00, 0x00, 0x0f,
    0xf4, 0x00, 0x00, 0x00, 0x00, 0x00, 0x0f, 0xf4, 0x00, 0x00, 0x00, 0x00, 0x00, 0x0f, 0xf4, 0x00, 0x00, 0x00, 0x00, 0x00, 0x0f, 0xf4, 0x00, 0x00,
    0x00, 0x00, 0x00, 0x0f, 0xf4, 0x00, 0x00, 0x00, 0x00, 0x00, 0x0f, 0xf4, 0x00, 0x00, 0x00, 0x00, 0x00, 0x0f, 0xf4, 0x00, 0x00, 0x00, 0x01, 0xaa,
    0xaf, 0xfe, 0xaa, 0x80, 0x00, 0x03, 0xff, 0xff, 0xff, 0xff, 0xe0, 0x00, 0x03, 0xff, 0xff, 0xff, 0xff, 0xf0, 0x00, 0x03, 0xff, 0xff, 0xff, 0xff,
    0xf0, 0x00, 0x02, 0xff, 0xff, 0xff, 0xff, 0xd0, 0x00, 0x00, 0x00, 0x0f, 0xf4, 0x00, 0x00, 0x00, 0x00, 0x00, 0x0f, 0xf4, 0x00, 0x00, 0x00, 0x00,
    0x00, 0x0f, 0xf4, 0x00, 0x00, 0x00, 0x00, 0x00, 0x0f, 0xf4, 0x00, 0x00, 0x00, 0x00, 0x00, 0x0f, 0xf4, 0x00, 0x00, 0x00, 0x00, 0x00, 0x0f, 0xf4,
    0x00, 0x00, 0x00, 0x00, 0x00, 0x0f, 0xf4, 0x00, 0x00, 0x00, 0x00, 0x00, 0x0b, 0xf0, 0x00, 0x00, 0x00, 0x00, 0x00, 0x00, 0x00, 0x00, 0x00, 0x00,
    0x00, 0x00, 0x00, 0x00, 0x00, 0x00, 0x00, 0x00, 0x00, 0x00, 0x00, 0x00, 0x00, 0x00, 0x00, 0x00, 0x00, 0x00, 0x00, 0x00, 0x00, 0x00, 0x00, 0x00,
    0x00, 0x00, 0x00, 0x00, 0x00, 0x00, 0x00, 0x00, 0x00, 0x00, 0x00, 0x00, 0x00, 0x00, 0x00, 0x00, 0x00, 0x00, 0x00, 0x00, 0x00, 0x00, 0x00, 0x00,
    0x00, 0x00, 0x00, 0x00, 0x00, 0x00, 0x00, 0x00, 0x00, 0x00, 0x00, 0x00, 0x00, 0x00, 0x00, 0x00, 0x00, 0x00, 0x00, 0x00, 0x00, 0x00, 0x00, 0x00,
    0x00, 0x00, 0x00, 0x00, 0x00, 0x00, 0x00, 0x00, 0x00, 0x00, 0x00, 0x00, 0x00, 0x00, 0x00, 0x00, 0x00, 0x00, 0x00, 0x00, 0x00, 0x00, 0x00, 0x00,
    0x00, 0x01, 0xa9, 0x00, 0x03, 0xff, 0x00, 0x03, 0xff, 0x00, 0x03, 0xff, 0x00, 0x03, 0xfe, 0x00, 0x07, 0xfd, 0x00, 0x07, 0xfc, 0x00, 0x0b, 0xf4,
    0x00, 0x0f, 0xf0, 0x00, 0x01, 0x40, 0x00, 0x00, 0x00, 0x00, 0x00, 0x00, 0x00, 0x00, 0x00, 0x00, 0x00, 0x00, 0x00, 0x00, 0x00, 0x00, 0x00, 0x00,
    0x00, 0x00, 0x00, 0x00, 0x00, 0x00, 0x00, 0x00, 0x00, 0x00, 0x00, 0x00, 0x00, 0x00, 0x00, 0x00, 0x00, 0x00, 0x00, 0x00, 0x00, 0x00, 0x00, 0x00,
    0x00, 0x00, 0x00, 0x00, 0x00, 0x00, 0x00, 0x00, 0x00, 0x00, 0x00, 0x00, 0x00, 0x05, 0x55, 0x50, 0x2f, 0xff, 0xf4, 0x2f, 0xff, 0xf4, 0x2f, 0xff,
    0xf4, 0x1f, 0xff, 0xf0, 0x00, 0x00, 0x00, 0x00, 0x00, 0x00, 0x00, 0x00, 0x00, 0x00, 0x00, 0x00, 0x00, 0x00, 0x00, 0x00, 0x00, 0x00, 0x00, 0x00,
    0x00, 0x00, 0x00, 0x00, 0x00, 0x00, 0x00, 0x00, 0x00, 0x00, 0x00, 0x00, 0x00, 0x00, 0x00, 0x00, 0x00, 0x00, 0x00, 0x00, 0x00, 0x00, 0x00, 0x00,
    0x00, 0x00, 0x00, 0x00, 0x00, 0x00, 0x00, 0x00, 0x00, 0x00, 0x00, 0x00, 0x00, 0x00, 0x00, 0x00, 0x00, 0x00, 0x00, 0x00, 0x00, 0x00, 0x00, 0x00,
    0x00, 0x00, 0x00, 0x00, 0x00, 0x00, 0x00, 0x00, 0x00, 0x00, 0x00, 0x00, 0x00, 0x00, 0x00, 0x00, 0x00, 0x00, 0x00, 0x00, 0x00, 0x00, 0x00, 0x00,
    0x00, 0x00, 0x00, 0x00, 0x00, 0x00, 0x00, 0x00, 0x00, 0x00, 0x00, 0x00, 0x00, 0x02, 0xa8, 0x00, 0x03, 0xfe, 0x00, 0x03, 0xfe, 0x00, 0x03, 0xfe,
    0x00, 0x03, 0xfe, 0x00, 0x03, 0xfd, 0x00, 0x00, 0x00, 0x00, 0x00, 0x00, 0x00, 0x00, 0x00, 0x00, 0x00, 0x00, 0x00, 0x00, 0x00, 0x00, 0x00, 0x00,
    0x00, 0x00, 0x00, 0x00, 0x00, 0x00, 0x00, 0x00, 0x00, 0x00, 0x00, 0x00, 0x00, 0x00, 0x02, 0xf8, 0x00, 0x07, 0xfc, 0x00, 0x0b, 0xfc, 0x00, 0x0f,
    0xf4, 0x00, 0x0f, 0xf0, 0x00, 0x1f, 0xf0, 0x00, 0x2f, 0xe0, 0x00, 0x3f, 0xd0, 0x00, 0x3f, 0xc0, 0x00, 0xbf, 0xc0, 0x00, 0xff, 0x80, 0x00, 0xff,
    0x00, 0x01, 0xff, 0x00, 0x02, 0xfe, 0x00, 0x03, 0xfd, 0x00, 0x03, 0xfc, 0x00, 0x07, 0xfc, 0x00, 0x0b, 0xf8, 0x00, 0x0f, 0xf4, 0x00, 0x1f, 0xf0,
    0x00, 0x2f, 0xe0, 0x00, 0x3f, 0xd0, 0x00, 0x3f, 0xc0, 0x00, 0x7f, 0xc0, 0x00, 0xbf, 0x80, 0x00, 0xff, 0x40, 0x00, 0x7e, 0x00, 0x00, 0x00, 0x00,
    0x00, 0x00, 0x00, 0x00, 0x00, 0x00, 0x00, 0x00, 0x00, 0x00, 0x00, 0x00, 0x00, 0x00, 0x00, 0x00, 0x00, 0x00, 0x00, 0x00, 0x00, 0x00, 0x00, 0x00,
    0x00, 0x00, 0x00, 0x00, 0x00, 0x00, 0x0b, 0xff, 0x80, 0x00, 0x00, 0x3f, 0xff, 0xf0, 0x00, 0x00, 0xff, 0xff, 0xfc, 0x00, 0x02, 0xff, 0xff, 0xfe,
    0x00, 0x03, 0xff, 0x47, 0xff, 0x00, 0x07, 0xfe, 0x01, 0xff, 0x40, 0x0b, 0xfc, 0x00, 0xff, 0xc0, 0x0f, 0xfc, 0x00, 0xbf, 0xc0, 0x0f, 0xf8, 0x00,
    0xbf, 0xc0, 0x0f, 0xf8, 0x00, 0x7f, 0xd0, 0x0f, 0xf4, 0x00, 0x7f, 0xd0, 0x0f, 0xf4, 0x00, 0x7f, 0xd0, 0x0f, 0xf4, 0x00, 0x7f, 0xd0, 0x0f, 0xf4,
    0x00, 0x7f, 0xd0, 0x0f, 0xf8, 0x00, 0x7f, 0xd0, 0x0f, 0xf8, 0x00, 0x7f, 0xc0, 0x0f, 0xfc, 0x00, 0xbf, 0xc0, 0x0b, 0xfc, 0x00, 0xff, 0xc0, 0x07,
    0xfd, 0x01, 0xff, 0x80, 0x03, 0xff, 0x43, 0xff, 0x00, 0x02, 0xff, 0xff, 0xfe, 0x00, 0x00, 0xff, 0xff, 0xfc, 0x00, 0x00, 0x3f, 0xff, 0xf4, 0x00,
    0x00, 0x0b, 0xff, 0xc0, 0x00, 0x00, 0x00, 0x54, 0x00, 0x00, 0x00, 0x00, 0x00, 0x00, 0x00, 0x00, 0x00, 0x00, 0x00, 0x00, 0x00, 0x00, 0x00, 0x00,
    0x00, 0x00, 0x00, 0x00, 0x00, 0x00, 0x00, 0x00, 0x00, 0x00, 0x00, 0x00, 0x00, 0x00, 0x00, 0x00, 0x00, 0x00, 0x00, 0x00, 0x00, 0x00, 0x00, 0x00,
    0x00, 0x00, 0x00, 0x00, 0x00, 0x00, 0x00, 0x00, 0x06, 0xff, 0x00, 0x00, 0x02, 0xff, 0xff, 0x40, 0x00, 0x03, 0xff, 0xff, 0x40, 0x00, 0x03, 0xff,
    0xff, 0x40, 0x00, 0x03, 0xff, 0xff, 0x40, 0x00, 0x02, 0xe5, 0xff, 0x40, 0x00, 0x00, 0x01, 0xff, 0x40, 0x00, 0x00, 0x01, 0xff, 0x40, 0x00, 0x00,
    0x01, 0xff, 0x40, 0x00, 0x00, 0x01, 0xff, 0x40, 0x00, 0x00, 0x01, 0xff, 0x40, 0x00, 0x00, 0x01, 0xff, 0x40, 0x00, 0x00, 0x01, 0xff, 0x40, 0x00,
    0x00, 0x01, 0xff, 0x40, 0x00, 0x00, 0x01, 0xff, 0x40, 0x00, 0x00, 0x01, 0xff, 0x40, 0x00, 0x00, 0x01, 0xff, 0x40, 0x00, 0x00, 0x01, 0xff, 0x40,
    0x00, 0x00, 0x01, 0xff, 0x40, 0x00, 0x00, 0x56, 0xff, 0x95, 0x00, 0x02, 0xff, 0xff, 0xff, 0x80, 0x02, 0xff, 0xff, 0xff, 0x80, 0x02, 0xff, 0xff,
    0xff, 0x80, 0x01, 0xff, 0xff, 0xff, 0x40, 0x00, 0x00, 0x00, 0x00, 0x00, 0x00, 0x00, 0x00, 0x00, 0x00, 0x00, 0x00, 0x00, 0x00, 0x00, 0x00, 0x00,
    0x00, 0x00, 0x00, 0x00, 0x00, 0x00, 0x00, 0x00, 0x00, 0x00, 0x00, 0x00, 0x00, 0x00, 0x00, 0x00, 0x00, 0x00, 0x00, 0x00, 0x00, 0x00, 0x00, 0x00,
    0x00, 0x00, 0x00, 0x00, 0x00, 0x00, 0x00, 0x00, 0x00, 0x00, 0x6f, 0xff, 0x40, 0x00, 0x07, 0xff, 0xff, 0xf0, 0x00, 0x0f, 0xff, 0xff, 0xfc, 0x00,
    0x0f, 0xff, 0xff, 0xfe, 0x00, 0x0f, 0xf9, 0x5f, 0xff, 0x00, 0x0f, 0x80, 0x03, 0xff, 0x00, 0x00, 0x00, 0x01, 0xff, 0x40, 0x00, 0x00, 0x01, 0xff,
    0x40, 0x00, 0x00, 0x02, 0xff, 0x00, 0x00, 0x00, 0x03, 0xff, 0x00, 0x00, 0x00, 0x0b, 0xfe, 0x00, 0x00, 0x00, 0x1f, 0xfc, 0x00, 0x00, 0x00, 0x7f,
    0xf4, 0x00, 0x00, 0x00, 0xff, 0xe0, 0x00, 0x00, 0x03, 0xff, 0x80, 0x00, 0x00, 0x0f, 0xff, 0x00, 0x00, 0x00, 0x3f, 0xfc, 0x00, 0x00, 0x00, 0xbf,
    0xf0, 0x00, 0x00, 0x02, 0xff, 0xd0, 0x00, 0x00, 0x07, 0xff, 0xd5, 0x55, 0x00, 0x0f, 0xff, 0xff, 0xff, 0x40, 0x0f, 0xff, 0xff, 0xff, 0x40, 0x0f,
    0xff, 0xff, 0xff, 0x40, 0x0b, 0xff, 0xff, 0xff, 0x00, 0x00, 0x00, 0x00, 0x00, 0x00, 0x00, 0x00, 0x00, 0x00, 0x00, 0x00, 0x00, 0x00, 0x00, 0x00,
    0x00, 0x00, 0x00, 0x00, 0x00, 0x00, 0x00, 0x00, 0x00, 0x00, 0x00, 0x00, 0x00, 0x00, 0x00, 0x00, 0x00, 0x00, 0x00, 0x00, 0x00, 0x00, 0x00, 0x00,
    0x00, 0x00, 0x00, 0x00, 0x00, 0x00, 0x00, 0x00, 0x00, 0x00, 0x00, 0x01, 0xbf, 0xff, 0x80, 0x00, 0x07, 0xff, 0xff, 0xf4, 0x00, 0x07, 0xff, 0xff,
    0xfd, 0x00, 0x07, 0xff, 0xff, 0xff, 0x00, 0x03, 0xf9, 0x5b, 0xff, 0x40, 0x00, 0x00, 0x01, 0xff, 0x40, 0x00, 0x00, 0x00, 0xff, 0x80, 0x00, 0x00,
    0x01, 0xff, 0x40, 0x00, 0x00, 0x03, 0xff, 0x00, 0x00, 0x0f, 0xff, 0xff, 0x00, 0x00, 0x2f, 0xff, 0xfc, 0x00, 0x00, 0x2f, 0xff, 0xfc, 0x00, 0x00,
    0x1f, 0xff, 0xfe, 0x00, 0x00, 0x06, 0xaf, 0xff, 0x40, 0x00, 0x00, 0x02, 0xff, 0x80, 0x00, 0x00, 0x00, 0xff, 0xc0, 0x00, 0x00, 0x00, 0xbf, 0xc0,
    0x00, 0x00, 0x00, 0xff, 0xc0, 0x05, 0x00, 0x00, 0xff, 0xc0, 0x0f, 0xd0, 0x07, 0xff, 0x80, 0x0f, 0xff, 0xff, 0xff, 0x00, 0x0f, 0xff, 0xff, 0xfd,
    0x00, 0x0f, 0xff, 0xff, 0xf8, 0x00, 0x02, 0xff, 0xff, 0x80, 0x00, 0x00, 0x05, 0x50, 0x00, 0x00, 0x00, 0x00, 0x00, 0x00, 0x00, 0x00, 0x00, 0x00,
    0x00, 0x00, 0x00, 0x00, 0x00, 0x00, 0x00, 0x00, 0x00, 0x00, 0x00, 0x00, 0x00, 0x00, 0x00, 0x00, 0x00, 0x00, 0x00, 0x00, 0x00, 0x00, 0x00, 0x00,
    0x00, 0x00, 0x00, 0x00, 0x00, 0x00, 0x00, 0x00, 0x00, 0x00, 0x00, 0x00, 0x00, 0x00, 0x00, 0x0f, 0xf4, 0x00, 0x00, 0x00, 0x3f, 0xfc, 0x00, 0x00,
    0x00, 0x7f, 0xfc, 0x00, 0x00, 0x00, 0xff, 0xfc, 0x00, 0x00, 0x02, 0xff, 0xfc, 0x00, 0x00, 0x07, 0xff, 0xfc, 0x00, 0x00, 0x0f, 0xff, 0xfc, 0x00,
    0x00, 0x1f, 0xff, 0xfc, 0x00, 0x00, 0x3f, 0xef, 0xfc, 0x00, 0x00, 0xbf, 0xcf, 0xfc, 0x00, 0x00, 0xff, 0x4f, 0xfc, 0x00, 0x03, 0xff, 0x0f, 0xfc,
    0x00, 0x07, 0xfd, 0x0f, 0xfc, 0x00, 0x0f, 0xf8, 0x0f, 0xfc, 0x00, 0x2f, 0xfa, 0xaf, 0xfe, 0x80, 0x2f, 0xff, 0xff, 0xff, 0xe0, 0x2f, 0xff, 0xff,
    0xff, 0xe0, 0x2f, 0xff, 0xff, 0xff, 0xe0, 0x1f, 0xff, 0xff, 0xff, 0xd0, 0x00, 0x00, 0x0f, 0xfc, 0x00, 0x00, 0x00, 0x0f, 0xfc, 0x00, 0x00, 0x00,
    0x0f, 0xfc, 0x00, 0x00, 0x00, 0x0f, 0xfc, 0x00, 0x00, 0x00, 0x0b, 0xf8, 0x00, 0x00, 0x00, 0x00, 0x00, 0x00, 0x00, 0x00, 0x00, 0x00, 0x00, 0x00,
    0x00, 0x00, 0x00, 0x00, 0x00, 0x00, 0x00, 0x00, 0x00, 0x00, 0x00, 0x00, 0x00, 0x00, 0x00, 0x00, 0x00, 0x00, 0x00, 0x00, 0x00, 0x00, 0x00, 0x00,
    0x00, 0x00, 0x00, 0x00, 0x00, 0x00, 0x00, 0x00, 0x00, 0x00, 0x00, 0x00, 0x00, 0x00, 0x00, 0x02, 0xff, 0xff, 0xfc, 0x00, 0x03, 0xff, 0xff, 0xfd,
    0x00, 0x03, 0xff, 0xff, 0xfd, 0x00, 0x03, 0xff, 0xff, 0xfd, 0x00, 0x03, 0xff, 0xaa, 0xa8, 0x00, 0x03, 0xfd, 0x00, 0x00, 0x00, 0x03, 0xfd, 0x00,
    0x00, 0x00, 0x03, 0xfe, 0x54, 0x00, 0x00, 0x03, 0xff, 0xff, 0x80, 0x00, 0x03, 0xff, 0xff, 0xf0, 0x00, 0x03, 0xff, 0xff, 0xfc, 0x00, 0x03, 0xff,
    0xff, 0xff, 0x00, 0x03, 0xe4, 0x0b, 0xff, 0x00, 0x00, 0x00, 0x02, 0xff, 0x80, 0x00, 0x00, 0x00, 0xff, 0x80, 0x00, 0x00, 0x00, 0xff, 0xc0, 0x00,
    0x00, 0x00, 0xff, 0xc0, 0x00, 0x00, 0x00, 0xff, 0x80, 0x01, 0x00, 0x02, 0xff, 0x80, 0x0f, 0xd0, 0x0b, 0xff, 0x00, 0x0f, 0xff, 0xff, 0xff, 0x00,
    0x0f, 0xff, 0xff, 0xfc, 0x00, 0x0f, 0xff, 0xff, 0xf0, 0x00, 0x02, 0xff, 0xff, 0x80, 0x00, 0x00, 0x05, 0x50, 0x00, 0x00, 0x00, 0x00, 0x00, 0x00,
    0x00, 0x00, 0x00, 0x00, 0x00, 0x00, 0x00, 0x00, 0x00, 0x00, 0x00, 0x00, 0x00, 0x00, 0x00, 0x00, 0x00, 0x00, 0x00, 0x00, 0x00, 0x00, 0x00, 0x00,
    0x00, 0x00, 0x00, 0x00, 0x00, 0x00, 0x00, 0x00, 0x00, 0x00, 0x00, 0x00, 0x00, 0x00, 0x00, 0x00, 0x00, 0x00, 0x01, 0xff, 0xf9, 0x00, 0x00, 0x0f,
    0xff, 0xff, 0x00, 0x00, 0x3f, 0xff, 0xff, 0x00, 0x00, 0xff, 0xff, 0xff, 0x00, 0x01, 0xff, 0xe5, 0x6f, 0x00, 0x03, 0xff, 0x00, 0x00, 0x00, 0x07,
    0xfe, 0x00, 0x00, 0x00, 0x0b, 0xfc, 0x15, 0x00, 0x00, 0x0f, 0xff, 0xff, 0xe0, 0x00, 0x0f, 0xff, 0xff, 0xfc, 0x00, 0x0f, 0xff, 0xff, 0xff, 0x00,
    0x0f, 0xff, 0xff, 0xff, 0x80, 0x0f, 0xff, 0x41, 0xff, 0xc0, 0x0f, 0xfe, 0x00, 0xbf, 0xc0, 0x0f, 0xfc, 0x00, 0x7f, 0xd0, 0x0f, 0xfc, 0x00, 0x3f,
    0xd0, 0x0f, 0xfc, 0x00, 0x7f, 0xd0, 0x0b, 0xfc, 0x00, 0x7f, 0xd0, 0x07, 0xfe, 0x00, 0xff, 0xc0, 0x03, 0xff, 0x41, 0xff, 0xc0, 0x01, 0xff, 0xff,
    0xff, 0x40, 0x00, 0xff, 0xff, 0xff, 0x00, 0x00, 0x3f, 0xff, 0xfc, 0x00, 0x00, 0x0b, 0xff, 0xe0, 0x00, 0x00, 0x00, 0x55, 0x00, 0x00, 0x00, 0x00,
    0x00, 0x00, 0x00, 0x00, 0x00, 0x00, 0x00, 0x00, 0x00, 0x00, 0x00, 0x00, 0x00, 0x00, 0x00, 0x00, 0x00, 0x00, 0x00, 0x00, 0x00, 0x00, 0x00, 0x00,
    0x00, 0x00, 0x00, 0x00, 0x00, 0x00, 0x00, 0x00, 0x00, 0x00, 0x00, 0x00, 0x00, 0x00, 0x00, 0x00, 0x00, 0x00, 0x00, 0x07, 0xff, 0xff, 0xff, 0x40,
    0x0f, 0xff, 0xff, 0xff, 0xc0, 0x0f, 0xff, 0xff, 0xff, 0xc0, 0x0f, 0xff, 0xff, 0xff, 0x80, 0x02, 0xaa, 0xab, 0xff, 0x00, 0x00, 0x00, 0x03, 0xff,
    0x00, 0x00, 0x00, 0x07, 0xfd, 0x00, 0x00, 0x00, 0x0b, 0xfc, 0x00, 0x00, 0x00, 0x0f, 0xfc, 0x00, 0x00, 0x00, 0x1f, 0xf4, 0x00, 0x00, 0x00, 0x3f,
    0xf0, 0x00, 0x00, 0x00, 0x3f, 0xf0, 0x00, 0x00, 0x00, 0x7f, 0xd0, 0x00, 0x00, 0x00, 0xff, 0xc0, 0x00, 0x00, 0x00, 0xff, 0x80, 0x00, 0x00, 0x02,
    0xff, 0x40, 0x00, 0x00, 0x03, 0xff, 0x00, 0x00, 0x00, 0x03, 0xfe, 0x00, 0x00, 0x00, 0x0b, 0xfd, 0x00, 0x00, 0x00, 0x0f, 0xfc, 0x00, 0x00, 0x00,
    0x0f, 0xf8, 0x00, 0x00, 0x00, 0x2f, 0xf4, 0x00, 0x00, 0x00, 0x3f, 0xf0, 0x00, 0x00, 0x00, 0x2f, 0xd0, 0x00, 0x00, 0x00, 0x00, 0x00, 0x00, 0x00,
    0x00, 0x00, 0x00, 0x00, 0x00, 0x00, 0x00, 0x00, 0x00, 0x00, 0x00, 0x00, 0x00, 0x00, 0x00, 0x00, 0x00, 0x00, 0x00, 0x00, 0x00, 0x00, 0x00, 0x00,
    0x00, 0x00, 0x00, 0x00, 0x00, 0x00, 0x00, 0x00, 0x00, 0x00, 0x00, 0x00, 0x00, 0x00, 0x00, 0x00, 0x00, 0x00, 0x00, 0x00, 0x00, 0x00, 0x1f, 0xff,
    0xd0, 0x00, 0x00, 0xbf, 0xff, 0xf8, 0x00, 0x02, 0xff, 0xff, 0xfe, 0x00, 0x03, 0xff, 0xff, 0xff, 0x40, 0x07, 0xff, 0x42, 0xff, 0x80, 0x0b, 0xfc,
    0x00, 0xff, 0xc0, 0x0b, 0xfc, 0x00, 0xff, 0xc0, 0x0b, 0xfc, 0x00, 0xff, 0xc0, 0x07, 0xfe, 0x01, 0xff, 0x80, 0x03, 0xff, 0xff, 0xff, 0x00, 0x01,
    0xff, 0xff, 0xfd, 0x00, 0x00, 0xff, 0xff, 0xfc, 0x00, 0x02, 0xff, 0xff, 0xff, 0x00, 0x07, 0xff, 0xef, 0xff, 0x80, 0x0f, 0xfd, 0x00, 0xff, 0xc0,
    0x0f, 0xfc, 0x00, 0xbf, 0xc0, 0x0f, 0xf8, 0x00, 0x7f, 0xd0, 0x0f, 0xf8, 0x00, 0x7f, 0xd0, 0x0f, 0xfc, 0x00, 0xbf, 0xc0, 0x0f, 0xfe, 0x02, 0xff,
    0xc0, 0x07, 0xff, 0xff, 0xff, 0x80, 0x03, 0xff, 0xff, 0xff, 0x00, 0x00, 0xff, 0xff, 0xfc, 0x00, 0x00, 0x2f, 0xff, 0xe0, 0x00, 0x00, 0x00, 0x54,
    0x00, 0x00, 0x00, 0x00, 0x00, 0x00, 0x00, 0x00, 0x00, 0x00, 0x00, 0x00, 0x00, 0x00, 0x00, 0x00, 0x00, 0x00, 0x00, 0x00, 0x00, 0x00, 0x00, 0x00,
    0x00, 0x00, 0x00, 0x00, 0x00, 0x00, 0x00, 0x00, 0x00, 0x00, 0x00, 0x00, 0x00, 0x00, 0x00, 0x00, 0x00, 0x00, 0x00, 0x00, 0x00, 0x00, 0x00, 0x00,
    0x1f, 0xff, 0x40, 0x00, 0x00, 0xbf, 0xff, 0xf0, 0x00, 0x02, 0xff, 0xff, 0xfc, 0x00, 0x03, 0xff, 0xff, 0xfe, 0x00, 0x0b, 0xff, 0x07, 0xff, 0x00,
    0x0f, 0xfc, 0x01, 0xff, 0x40, 0x0f, 0xf8, 0x00, 0xff, 0x80, 0x1f, 0xf4, 0x00, 0xff, 0xc0, 0x1f, 0xf4, 0x00, 0xff, 0xc0, 0x0f, 0xf8, 0x00, 0xff,
    0xc0, 0x0f, 0xfc, 0x01, 0xff, 0xc0, 0x0f, 0xfd, 0x03, 0xff, 0xd0, 0x07, 0xff, 0xff, 0xff, 0xd0, 0x03, 0xff, 0xff, 0xff, 0xc0, 0x00, 0xff, 0xff,
    0xff, 0xc0, 0x00, 0x2f, 0xff, 0xff, 0xc0, 0x00, 0x01, 0xa4, 0xff, 0xc0, 0x00, 0x00, 0x01, 0xff, 0x80, 0x00, 0x00, 0x03, 0xff, 0x00, 0x03, 0xe4,
    0x1f, 0xfe, 0x00, 0x03, 0xff, 0xff, 0xfc, 0x00, 0x03, 0xff, 0xff, 0xf4, 0x00, 0x03, 0xff, 0xff, 0xd0, 0x00, 0x01, 0xff, 0xfe, 0x00, 0x00, 0x00,
    0x05, 0x50, 0x00, 0x00, 0x00, 0x00, 0x00, 0x00, 0x00, 0x00, 0x00, 0x00, 0x00, 0x00, 0x00, 0x00, 0x00, 0x00, 0x00, 0x00, 0x00, 0x00, 0x00, 0x00,
    0x00, 0x00, 0x00, 0x00, 0x00, 0x00, 0x00, 0x00, 0x00, 0x00, 0x00, 0x00, 0x00, 0x00, 0x00, 0x00, 0x00, 0x00, 0x00, 0x00, 0x00, 0x00, 0x00, 0x00,
    0x00, 0x00, 0x00, 0x00, 0x00, 0x00, 0x00, 0x00, 0x00, 0x00, 0xa8, 0x00, 0x03, 0xff, 0x00, 0x03, 0xff, 0x00, 0x03, 0xff, 0x00, 0x03, 0xff, 0x00,
    0x02, 0xff, 0x00, 0x00, 0x00, 0x00, 0x00, 0x00, 0x00, 0x00, 0x00, 0x00, 0x00, 0x00, 0x00, 0x00, 0x00, 0x00, 0x00, 0x00, 0x00, 0x01, 0xa9, 0x00,
    0x03, 0xff, 0x00, 0x03, 0xff, 0x00, 0x03, 0xff, 0x00, 0x03, 0xff, 0x00, 0x02, 0xfe, 0x00, 0x00, 0x00, 0x00, 0x00, 0x00, 0x00, 0x00, 0x00, 0x00,
    0x00, 0x00, 0x00, 0x00, 0x00, 0x00, 0x00, 0x00, 0x00, 0x00, 0x00, 0x00, 0x00, 0x00, 0x00, 0x00, 0x00, 0x00, 0x00, 0x00, 0x00, 0x00, 0x00, 0x00,
    0x00, 0x00, 0x00, 0x00, 0x00, 0x00, 0x00, 0x00, 0x00, 0x00, 0x00, 0x00, 0x00, 0x00, 0x00, 0x00, 0xa8, 0x00, 0x03, 0xff, 0x00, 0x03, 0xff, 0x00,
    0x03, 0xff, 0x00, 0x03, 0xff, 0x00, 0x02, 0xff, 0x00, 0x00, 0x00, 0x00, 0x00, 0x00, 0x00, 0x00, 0x00, 0x00, 0x00, 0x00, 0x00, 0x00, 0x00, 0x00,
    0x00, 0x00, 0x00, 0x01, 0xa9, 0x00, 0x03, 0xff, 0x00, 0x03, 0xff, 0x00, 0x03, 0xff, 0x00, 0x03, 0xfe, 0x00, 0x07, 0xfd, 0x00, 0x07, 0xfc, 0x00,
    0x0b, 0xf4, 0x00, 0x0f, 0xf0, 0x00, 0x01, 0x40, 0x00, 0x00, 0x00, 0x00, 0x00, 0x00, 0x00, 0x00, 0x00, 0x00, 0x00, 0x00, 0x00, 0x00, 0x00, 0x00,
    0x00, 0x00, 0x00, 0x00, 0x00, 0x00, 0x00, 0x00, 0x00, 0x00, 0x00, 0x00, 0x00, 0x00, 0x00, 0x00, 0x00, 0x00, 0x00, 0x00, 0x00, 0x00, 0x00, 0x00,
    0x00, 0x00, 0x00, 0x00, 0x00, 0x00, 0x00, 0x00, 0x00, 0x00, 0x00, 0x00, 0x00, 0x00, 0x00, 0x00, 0x00, 0x00, 0x00, 0x00, 0x00, 0x00, 0x00, 0x00,
    0x00, 0x00, 0x00, 0x00, 0x00, 0x00, 0x00, 0x00, 0x40, 0x00, 0x00, 0x00, 0x00, 0x00, 0x0b, 0xe0, 0x00, 0x00, 0x00, 0x00, 0x01, 0xff, 0xf0, 0x00,
    0x00, 0x00, 0x00, 0x2f, 0xff, 0xf0, 0x00, 0x00, 0x00, 0x07, 0xff, 0xff, 0xe0, 0x00, 0x00, 0x00, 0xbf, 0xff, 0xff, 0x40, 0x00, 0x00, 0x1f, 0xff,
    0xff, 0xe0, 0x00, 0x00, 0x02, 0xff, 0xff, 0xfd, 0x00, 0x00, 0x00, 0x03, 0xff, 0xff, 0x80, 0x00, 0x00, 0x00, 0x03, 0xff, 0xf8, 0x00, 0x00, 0x00,
    0x00, 0x03, 0xff, 0xff, 0x40, 0x00, 0x00, 0x00, 0x02, 0xff, 0xff, 0xf8, 0x00, 0x00, 0x00, 0x00, 0x2f, 0xff, 0xff, 0xd0, 0x00, 0x00, 0x00, 0x01,
    0xff, 0xff, 0xfe, 0x00, 0x00, 0x00, 0x00, 0x0b, 0xff, 0xff, 0xe0, 0x00, 0x00, 0x00, 0x00, 0x7f, 0xff, 0xf0, 0x00, 0x00, 0x00, 0x00, 0x02, 0xff,
    0xf0, 0x00, 0x00, 0x00, 0x00, 0x00, 0x1f, 0xe0, 0x00, 0x00, 0x00, 0x00, 0x00, 0x00, 0x40, 0x00, 0x00, 0x00, 0x00, 0x00, 0x00, 0x00, 0x00, 0x00,
    0x00, 0x00, 0x00, 0x00, 0x00, 0x00, 0x00, 0x00, 0x00, 0x00, 0x00, 0x00, 0x00, 0x00, 0x00, 0x00, 0x00, 0x00, 0x00, 0x00, 0x00, 0x00, 0x00, 0x00,
    0x00, 0x00, 0x00, 0x00, 0x00, 0x00, 0x00, 0x00, 0x00, 0x00, 0x00, 0x00, 0x00, 0x00, 0x00, 0x00, 0x00, 0x00, 0x00, 0x00, 0x00, 0x00, 0x00, 0x00,
    0x00, 0x00, 0x00, 0x00, 0x00, 0x00, 0x00, 0x00, 0x00, 0x00, 0x00, 0x00, 0x00, 0x00, 0x00, 0x00, 0x00, 0x00, 0x00, 0x00, 0x00, 0x00, 0x00, 0x00,
    0x00, 0x00, 0x00, 0x00, 0x00, 0x00, 0x00, 0x00, 0x00, 0x00, 0x00, 0x00, 0x00, 0x00, 0x00, 0x00, 0x00, 0x00, 0x00, 0x00, 0x00, 0x00, 0x00, 0x00,
    0x00, 0x00, 0x00, 0x00, 0x00, 0x00, 0x00, 0x00, 0x00, 0x00, 0x00, 0x00, 0x00, 0x00, 0x00, 0x00, 0x00, 0x00, 0x00, 0x00, 0x00, 0x00, 0x00, 0x00,
    0x00, 0x00, 0x00, 0x00, 0x00, 0x01, 0xaa, 0xaa, 0xaa, 0xaa, 0x80, 0x00, 0x03, 0xff, 0xff, 0xff, 0xff, 0xe0, 0x00, 0x03, 0xff, 0xff, 0xff, 0xff,
    0xf0, 0x00, 0x03, 0xff, 0xff, 0xff, 0xff, 0xf0, 0x00, 0x02, 0xff, 0xff, 0xff, 0xff, 0xd0, 0x00, 0x00, 0x00, 0x00, 0x00, 0x00, 0x00, 0x00, 0x01,
    0xaa, 0xaa, 0xaa, 0xaa, 0x80, 0x00, 0x03, 0xff, 0xff, 0xff, 0xff, 0xe0, 0x00, 0x03, 0xff, 0xff, 0xff, 0xff, 0xf0, 0x00, 0x03, 0xff, 0xff, 0xff,
    0xff, 0xf0, 0x00, 0x02, 0xff, 0xff, 0xff, 0xff, 0xd0, 0x00, 0x00, 0x00, 0x00, 0x00, 0x00, 0x00, 0x00, 0x00, 0x00, 0x00, 0x00, 0x00, 0x00, 0x00,
    0x00, 0x00, 0x00, 0x00, 0x00, 0x00, 0x00, 0x00, 0x00, 0x00, 0x00, 0x00, 0x00, 0x00, 0x00, 0x00, 0x00, 0x00, 0x00, 0x00, 0x00, 0x00, 0x00, 0x00,
    0x00, 0x00, 0x00, 0x00, 0x00, 0x00, 0x00, 0x00, 0x00, 0x00, 0x00, 0x00, 0x00, 0x00, 0x00, 0x00, 0x00, 0x00, 0x00, 0x00, 0x00, 0x00, 0x00, 0x00,
    0x00, 0x00, 0x00, 0x00, 0x00, 0x00, 0x00, 0x00, 0x00, 0x00, 0x00, 0x00, 0x00, 0x00, 0x00, 0x00, 0x00, 0x00, 0x00, 0x00, 0x00, 0x00, 0x00, 0x00,
    0x00, 0x00, 0x00, 0x00, 0x00, 0x00, 0x00, 0x00, 0x00, 0x00, 0x00, 0x00, 0x00, 0x00, 0x00, 0x00, 0x00, 0x00, 0x00, 0x00, 0x00, 0x00, 0x00, 0x00,
    0x00, 0x00, 0x00, 0x00, 0x00, 0x00, 0x00, 0x00, 0x00, 0x00, 0x00, 0x00, 0x00, 0x00, 0x00, 0x00, 0x00, 0x00, 0x00, 0x00, 0x00, 0x00, 0x00, 0x00,
    0x00, 0x00, 0x00, 0x00, 0x00, 0x00, 0x03, 0xf4, 0x00, 0x00, 0x00, 0x00, 0x00, 0x03, 0xff, 0x80, 0x00, 0x00, 0x00, 0x00, 0x03, 0xff, 0xfd, 0x00,
    0x00, 0x00, 0x00, 0x03, 0xff, 0xff, 0xe0, 0x00, 0x00, 0x00, 0x00, 0xbf, 0xff, 0xff, 0x40, 0x00, 0x00, 0x00, 0x07, 0xff, 0xff, 0xf8, 0x00, 0x00,
    0x00, 0x00, 0x2f, 0xff, 0xff, 0xd0, 0x00, 0x00, 0x00, 0x01, 0xbf, 0xff, 0xe0, 0x00, 0x00, 0x00, 0x00, 0x0f, 0xff, 0xf0, 0x00, 0x00, 0x00, 0x00,
    0xbf, 0xff, 0xf0, 0x00, 0x00, 0x00, 0x1b, 0xff, 0xff, 0xd0, 0x00, 0x00, 0x02, 0xff, 0xff, 0xfd, 0x00, 0x00, 0x00, 0x7f, 0xff, 0xff, 0x80, 0x00,
    0x00, 0x03, 0xff, 0xff, 0xf4, 0x00, 0x00, 0x00, 0x03, 0xff, 0xfe, 0x00, 0x00, 0x00, 0x00, 0x03, 0xff, 0xd0, 0x00, 0x00, 0x00, 0x00, 0x03, 0xf8,
    0x00, 0x00, 0x00, 0x00, 0x00, 0x01, 0x40, 0x00, 0x00, 0x00, 0x00, 0x00, 0x00, 0x00, 0x00, 0x00, 0x00, 0x00, 0x00, 0x00, 0x00, 0x00, 0x00, 0x00,
    0x00, 0x00, 0x00, 0x00, 0x00, 0x00, 0x00, 0x00, 0x00, 0x00, 0x00, 0x00, 0x00, 0x00, 0x00, 0x00, 0x00, 0x00, 0x00, 0x00, 0x00, 0x00, 0x00, 0x00,
    0x00, 0x00, 0x00, 0x00, 0x00, 0x00, 0x00, 0x00, 0x00, 0x00, 0x00, 0x00, 0x00, 0x00, 0x00, 0x00, 0x00, 0x00, 0x00, 0x00, 0x00, 0x00, 0x00, 0x00,
    0x00, 0x00, 0x00, 0xbf, 0xfd, 0x00, 0x07, 0xff, 0xff, 0x80, 0x0f, 0xff, 0xff, 0xd0, 0x0f, 0xff, 0xff, 0xf0, 0x0f, 0xe4, 0x7f, 0xf4, 0x0f, 0x40,
    0x1f, 0xf4, 0x00, 0x00, 0x1f, 0xf4, 0x00, 0x00, 0x3f, 0xf0, 0x00, 0x00, 0xbf, 0xf0, 0x00, 0x02, 0xff, 0xc0, 0x00, 0x07, 0xff, 0x40, 0x00, 0x0f,
    0xfe, 0x00, 0x00, 0x1f, 0xf8, 0x00, 0x00, 0x2f, 0xf0, 0x00, 0x00, 0x2f, 0xf0, 0x00, 0x00, 0x3f, 0xf0, 0x00, 0x00, 0x3f, 0xf0, 0x00, 0x00, 0x2f,
    0xe0, 0x00, 0x00, 0x1f, 0xd0, 0x00, 0x00, 0x3f, 0xf0, 0x00, 0x00, 0x3f, 0xf0, 0x00, 0x00, 0x3f, 0xf0, 0x00, 0x00, 0x3f, 0xf0, 0x00, 0x00, 0x2f,
    0xe0, 0x00, 0x00, 0x00, 0x00, 0x00, 0x00, 0x00, 0x00, 0x00, 0x00, 0x00, 0x00, 0x00, 0x00, 0x00, 0x00, 0x00, 0x00, 0x00, 0x00, 0x00, 0x00, 0x00,
    0x00, 0x00, 0x00, 0x00, 0x00, 0x00, 0x00, 0x00, 0x00, 0x00, 0x00, 0x00, 0x00, 0x00, 0x00, 0x00, 0x00, 0x00, 0x00, 0x00, 0x00, 0x00, 0x00, 0x00,
    0x00, 0x00, 0x00, 0x00, 0x00, 0x00, 0x00, 0x00, 0x00, 0x00, 0x00, 0x00, 0x00, 0x00, 0x00, 0x00, 0x00, 0x00, 0x00, 0x00, 0x00, 0x00, 0x00, 0x00,
    0x06, 0xff, 0xf8, 0x00, 0x00, 0x00, 0x00, 0x00, 0x7f, 0xff, 0xff, 0x80, 0x00, 0x00, 0x00, 0x02, 0xff, 0xff, 0xff, 0xf4, 0x00, 0x00, 0x00, 0x0f,
    0xff, 0xff, 0xff, 0xfd, 0x00, 0x00, 0x00, 0x3f, 0xfe, 0x40, 0x1f, 0xff, 0x40, 0x00, 0x00, 0xbf, 0xf0, 0x00, 0x01, 0xff, 0xc0, 0x00, 0x00, 0xff,
    0x80, 0x15, 0x00, 0x7f, 0xe0, 0x00, 0x02, 0xff, 0x03, 0xff, 0xff, 0xdf, 0xf0, 0x00, 0x03, 0xfc, 0x0f, 0xff, 0xff, 0xcb, 0xf4, 0x00, 0x0b, 0xf8,
    0x3f, 0xff, 0xff, 0xc7, 0xf8, 0x00, 0x0f, 0xf0, 0x7f, 0xfb, 0xff, 0xc3, 0xfc, 0x00, 0x0f, 0xf0, 0xbf, 0xc0, 0xff, 0xc3, 0xfc, 0x00, 0x0f, 0xf0,
    0xff, 0x40, 0x3f, 0xc3, 0xfc, 0x00, 0x0f, 0xe0, 0xff, 0x00, 0x3f, 0xc3, 0xfc, 0x00, 0x0f, 0xe0, 0xff, 0x00, 0x3f, 0xc3, 0xfc, 0x00, 0x0f, 0xf0,
    0xff, 0x00, 0x3f, 0xc7, 0xf8, 0x00, 0x0f, 0xf0, 0xff, 0x80, 0xbf, 0xcf, 0xf4, 0x00, 0x0f, 0xf0, 0xbf, 0xe6, 0xff, 0xff, 0xf0, 0x00, 0x0b, 0xf8,
    0x3f, 0xff, 0xff, 0xff, 0xd0, 0x00, 0x07, 0xfc, 0x1f, 0xff, 0xff, 0xff, 0x40, 0x00, 0x03, 0xfe, 0x07, 0xff, 0xff, 0xfc, 0x00, 0x00, 0x01, 0xff,
    0x80, 0x6a, 0x1a, 0x90, 0x00, 0x00, 0x00, 0xbf, 0xe0, 0x00, 0x01, 0xf0, 0x00, 0x00, 0x00, 0x3f, 0xfd, 0x00, 0x1f, 0xfc, 0x00, 0x00, 0x00, 0x0f,
    0xff, 0xff, 0xff, 0xfc, 0x00, 0x00, 0x00, 0x03, 0xff, 0xff, 0xff, 0xf4, 0x00, 0x00, 0x00, 0x00, 0x7f, 0xff, 0xff, 0x80, 0x00, 0x00, 0x00, 0x00,
    0x07, 0xff, 0xf8, 0x00, 0x00, 0x00, 0x00, 0x00, 0x00, 0x00, 0x00, 0x00, 0x00, 0x00, 0x00, 0x00, 0x00, 0x00, 0x00, 0x00, 0x00, 0x00, 0x00, 0x00,
    0x00, 0x00, 0x00, 0x00, 0x00, 0x00, 0x00, 0x00, 0x00, 0x00, 0x00, 0x00, 0x00, 0x00, 0xff, 0x40, 0x00, 0x00, 0x00, 0x01, 0xff, 0xc0, 0x00, 0x00,
    0x00, 0x03, 0xff, 0xd0, 0x00, 0x00, 0x00, 0x03, 0xff, 0xe0, 0x00, 0x00, 0x00, 0x0b, 0xff, 0xf0, 0x00, 0x00, 0x00, 0x0f, 0xff, 0xf4, 0x00, 0x00,
    0x00, 0x0f, 0xff, 0xf8, 0x00, 0x00, 0x00, 0x2f, 0xff, 0xfc, 0x00, 0x00, 0x00, 0x3f, 0xf7, 0xfd, 0x00, 0x00, 0x00, 0x3f, 0xd3, 0xfe, 0x00, 0x00,
    0x00, 0xbf, 0xc2, 0xff, 0x00, 0x00, 0x00, 0xff, 0xc1, 0xff, 0x40, 0x00, 0x01, 0xff, 0x40, 0xff, 0x80, 0x00, 0x02, 0xff, 0x00, 0xbf, 0xc0, 0x00,
    0x03, 0xff, 0xff, 0xff, 0xd0, 0x00, 0x07, 0xff, 0xff, 0xff, 0xe0, 0x00, 0x0b, 0xff, 0xff, 0xff, 0xf0, 0x00, 0x0f, 0xff, 0xff, 0xff, 0xf4, 0x00,
    0x1f, 0xf9, 0x55, 0x5f, 0xfc, 0x00, 0x2f, 0xf0, 0x00, 0x0b, 0xfc, 0x00, 0x3f, 0xf0, 0x00, 0x07, 0xfd, 0x00, 0x7f, 0xe0, 0x00, 0x03, 0xff, 0x00,
    0xbf, 0xc0, 0x00, 0x02, 0xff, 0x00, 0x7f, 0xc0, 0x00, 0x01, 0xff, 0x00, 0x00, 0x00, 0x00, 0x00, 0x00, 0x00, 0x00, 0x00, 0x00, 0x00, 0x00, 0x00,
    0x00, 0x00, 0x00, 0x00, 0x00, 0x00, 0x00, 0x00, 0x00, 0x00, 0x00, 0x00, 0x00, 0x00, 0x00, 0x00, 0x00, 0x00, 0x00, 0x00, 0x00, 0x00, 0x00, 0x00,
    0x00, 0x00, 0x00, 0x00, 0x00, 0x00, 0x00, 0x00, 0x00, 0x00, 0x00, 0x00, 0x00, 0x00, 0x00, 0x00, 0x00, 0x00, 0x00, 0x00, 0x00, 0x00, 0x00, 0x00,
    0x03, 0xff, 0xff, 0x90, 0x00, 0x00, 0x07, 0xff, 0xff, 0xfd, 0x00, 0x00, 0x07, 0xff, 0xff, 0xff, 0x40, 0x00, 0x07, 0xff, 0xff, 0xff, 0xc0, 0x00,
    0x07, 0xfe, 0xaa, 0xff, 0xd0, 0x00, 0x07, 0xfd, 0x00, 0x7f, 0xe0, 0x00, 0x07, 0xfd, 0x00, 0x3f, 0xf0, 0x00, 0x07, 0xfd, 0x00, 0x3f, 0xe0, 0x00,
    0x07, 0xfd, 0x00, 0xbf, 0xe0, 0x00, 0x07, 0xff, 0xff, 0xff, 0xc0, 0x00, 0x07, 0xff, 0xff, 0xff, 0x80, 0x00, 0x07, 0xff, 0xff, 0xff, 0x40, 0x00,
    0x07, 0xff, 0xff, 0xff, 0xd0, 0x00, 0x07, 0xfe, 0xaa, 0xff, 0xf0, 0x00, 0x07, 0xfd, 0x00, 0x3f, 0xf0, 0x00, 0x07, 0xfd, 0x00, 0x1f, 0xf4, 0x00,
    0x07, 0xfd, 0x00, 0x0f, 0xf8, 0x00, 0x07, 0xfd, 0x00, 0x1f, 0xf8, 0x00, 0x07, 0xfd, 0x00, 0x2f, 0xf4, 0x00, 0x07, 0xfe, 0x56, 0xff, 0xf0, 0x00,
    0x07, 0xff, 0xff, 0xff, 0xe0, 0x00, 0x07, 0xff, 0xff, 0xff, 0xc0, 0x00, 0x07, 0xff, 0xff, 0xff, 0x00, 0x00, 0x03, 0xff, 0xff, 0xe4, 0x00, 0x00,
    0x00, 0x00, 0x00, 0x00, 0x00, 0x00, 0x00, 0x00, 0x00, 0x00, 0x00, 0x00, 0x00, 0x00, 0x00, 0x00, 0x00, 0x00, 0x00, 0x00, 0x00, 0x00, 0x00, 0x00,
    0x00, 0x00, 0x00, 0x00, 0x00, 0x00, 0x00, 0x00, 0x00, 0x00, 0x00, 0x00, 0x00, 0x00, 0x00, 0x00, 0x00, 0x00, 0x00, 0x00, 0x00, 0x00, 0x00, 0x00,
    0x00, 0x00, 0x00, 0x00, 0x00, 0x00, 0x00, 0x00, 0x00, 0x00, 0x00, 0x00, 0x00, 0x01, 0xbf, 0xff, 0x40, 0x00, 0x00, 0x0b, 0xff, 0xff, 0xf4, 0x00,
    0x00, 0x3f, 0xff, 0xff, 0xfc, 0x00, 0x00, 0xff, 0xff, 0xff, 0xfd, 0x00, 0x02, 0xff, 0xf4, 0x1b, 0xfd, 0x00, 0x03, 0xff, 0x40, 0x00, 0xbd, 0x00,
    0x0b, 0xfe, 0x00, 0x00, 0x1c, 0x00, 0x0f, 0xfc, 0x00, 0x00, 0x00, 0x00, 0x0f, 0xfc, 0x00, 0x00, 0x00, 0x00, 0x1f, 0xf8, 0x00, 0x00, 0x00, 0x00,
    0x1f, 0xf4, 0x00, 0x00, 0x00, 0x00, 0x1f, 0xf4, 0x00, 0x00, 0x00, 0x00, 0x1f, 0xf4, 0x00, 0x00, 0x00, 0x00, 0x1f, 0xf4, 0x00, 0x00, 0x00, 0x00,
    0x1f, 0xf8, 0x00, 0x00, 0x00, 0x00, 0x0f, 0xf8, 0x00, 0x00, 0x00, 0x00, 0x0f, 0xfc, 0x00, 0x00, 0x00, 0x00, 0x0b, 0xfe, 0x00, 0x00, 0x18, 0x00,
    0x03, 0xff, 0x40, 0x00, 0x7d, 0x00, 0x02, 0xff, 0xe0, 0x07, 0xfd, 0x00, 0x00, 0xff, 0xff, 0xff, 0xfd, 0x00, 0x00, 0x3f, 0xff, 0xff, 0xfd, 0x00,
    0x00, 0x0f, 0xff, 0xff, 0xf4, 0x00, 0x00, 0x01, 0xff, 0xff, 0x80, 0x00, 0x00, 0x00, 0x05, 0x50, 0x00, 0x00, 0x00, 0x00, 0x00, 0x00, 0x00, 0x00,
    0x00, 0x00, 0x00, 0x00, 0x00, 0x00, 0x00, 0x00, 0x00, 0x00, 0x00, 0x00, 0x00, 0x00, 0x00, 0x00, 0x00, 0x00, 0x00, 0x00, 0x00, 0x00, 0x00, 0x00,
    0x00, 0x00, 0x00, 0x00, 0x00, 0x00, 0x00, 0x00, 0x00, 0x00, 0x00, 0x00, 0x00, 0x00, 0x00, 0x00, 0x00, 0x00, 0x00, 0x00, 0x00, 0x00, 0x00, 0x00,
    0x03, 0xff, 0xfe, 0x90, 0x00, 0x00, 0x07, 0xff, 0xff, 0xfe, 0x00, 0x00, 0x07, 0xff, 0xff, 0xff, 0xd0, 0x00, 0x07, 0xff, 0xff, 0xff, 0xf8, 0x00,
    0x07, 0xfe, 0xaa, 0xff, 0xfd, 0x00, 0x07, 0xfd, 0x00, 0x1f, 0xff, 0x00, 0x07, 0xfd, 0x00, 0x03, 0xff, 0x40, 0x07, 0xfd, 0x00, 0x01, 0xff, 0x80,
    0x07, 0xfd, 0x00, 0x00, 0xff, 0xc0, 0x07, 0xfd, 0x00, 0x00, 0xff, 0xc0, 0x07, 0xfd, 0x00, 0x00, 0xbf, 0xc0, 0x07, 0xfd, 0x00, 0x00, 0xbf, 0xc0,
    0x07, 0xfd, 0x00, 0x00, 0xbf, 0xc0, 0x07, 0xfd, 0x00, 0x00, 0xbf, 0xc0, 0x07, 0xfd, 0x00, 0x00, 0xff, 0xc0, 0x07, 0xfd, 0x00, 0x00, 0xff, 0xc0,
    0x07, 0xfd, 0x00, 0x01, 0xff, 0x80, 0x07, 0xfd, 0x00, 0x03, 0xff, 0x40, 0x07, 0xfd, 0x00, 0x1f, 0xff, 0x00, 0x07, 0xfe, 0x56, 0xff, 0xfd, 0x00,
    0x07, 0xff, 0xff, 0xff, 0xf8, 0x00, 0x07, 0xff, 0xff, 0xff, 0xe0, 0x00, 0x07, 0xff, 0xff, 0xff, 0x40, 0x00, 0x03, 0xff, 0xff, 0x90, 0x00, 0x00,
    0x00, 0x00, 0x00, 0x00, 0x00, 0x00, 0x00, 0x00, 0x00, 0x00, 0x00, 0x00, 0x00, 0x00, 0x00, 0x00, 0x00, 0x00, 0x00, 0x00, 0x00, 0x00, 0x00, 0x00,
    0x00, 0x00, 0x00, 0x00, 0x00, 0x00, 0x00, 0x00, 0x00, 0x00, 0x00, 0x00, 0x00, 0x00, 0x00, 0x00, 0x00, 0x00, 0x00, 0x00, 0x00, 0x00, 0x00, 0x00,
    0x00, 0x00, 0x00, 0x00, 0x00, 0x00, 0x00, 0x03, 0xff, 0xff, 0xff, 0x80, 0x07, 0xff, 0xff, 0xff, 0xc0, 0x07, 0xff, 0xff, 0xff, 0xc0, 0x07, 0xff,
    0xff, 0xff, 0xc0, 0x07, 0xfe, 0xaa, 0xaa, 0x40, 0x07, 0xfd, 0x00, 0x00, 0x00, 0x07, 0xfd, 0x00, 0x00, 0x00, 0x07, 0xfd, 0x00, 0x00, 0x00, 0x07,
    0xfd, 0x00, 0x00, 0x00, 0x07, 0xff, 0xff, 0xff, 0x40, 0x07, 0xff, 0xff, 0xff, 0x80, 0x07, 0xff, 0xff, 0xff, 0x80, 0x07, 0xff, 0xff, 0xff, 0x80,
    0x07, 0xfe, 0xaa, 0xaa, 0x00, 0x07, 0xfd, 0x00, 0x00, 0x00, 0x07, 0xfd, 0x00, 0x00, 0x00, 0x07, 0xfd, 0x00, 0x00, 0x00, 0x07, 0xfd, 0x00, 0x00,
    0x00, 0x07, 0xfd, 0x00, 0x00, 0x00, 0x07, 0xfe, 0x55, 0x55, 0x40, 0x07, 0xff, 0xff, 0xff, 0xd0, 0x07, 0xff, 0xff, 0xff, 0xd0, 0x07, 0xff, 0xff,
    0xff, 0xd0, 0x03, 0xff, 0xff, 0xff, 0xc0, 0x00, 0x00, 0x00, 0x00, 0x00, 0x00, 0x00, 0x00, 0x00, 0x00, 0x00, 0x00, 0x00, 0x00, 0x00, 0x00, 0x00,
    0x00, 0x00, 0x00, 0x00, 0x00, 0x00, 0x00, 0x00, 0x00, 0x00, 0x00, 0x00, 0x00, 0x00, 0x00, 0x00, 0x00, 0x00, 0x00, 0x00, 0x00, 0x00, 0x00, 0x00,
    0x00, 0x00, 0x00, 0x00, 0x00, 0x00, 0x00, 0x00, 0x00, 0x03, 0xff, 0xff, 0xfe, 0x00, 0x07, 0xff, 0xff, 0xff, 0x00, 0x07, 0xff, 0xff, 0xff, 0x00,
    0x07, 0xff, 0xff, 0xff, 0x00, 0x07, 0xfe, 0xaa, 0xa9, 0x00, 0x07, 0xfd, 0x00, 0x00, 0x00, 0x07, 0xfd, 0x00, 0x00, 0x00, 0x07, 0xfd, 0x00, 0x00,
    0x00, 0x07, 0xfd, 0x00, 0x00, 0x00, 0x07, 0xff, 0xff, 0xf8, 0x00, 0x07, 0xff, 0xff, 0xfc, 0x00, 0x07, 0xff, 0xff, 0xfc, 0x00, 0x07, 0xff, 0xff,
    0xfc, 0x00, 0x07, 0xfe, 0xaa, 0xa4, 0x00, 0x07, 0xfd, 0x00, 0x00, 0x00, 0x07, 0xfd, 0x00, 0x00, 0x00, 0x07, 0xfd, 0x00, 0x00, 0x00, 0x07, 0xfd,
    0x00, 0x00, 0x00, 0x07, 0xfd, 0x00, 0x00, 0x00, 0x07, 0xfd, 0x00, 0x00, 0x00, 0x07, 0xfd, 0x00, 0x00, 0x00, 0x07, 0xfd, 0x00, 0x00, 0x00, 0x07,
    0xfd, 0x00, 0x00, 0x00, 0x03, 0xfc, 0x00, 0x00, 0x00, 0x00, 0x00, 0x00, 0x00, 0x00, 0x00, 0x00, 0x00, 0x00, 0x00, 0x00, 0x00, 0x00, 0x00, 0x00,
    0x00, 0x00, 0x00, 0x00, 0x00, 0x00, 0x00, 0x00, 0x00, 0x00, 0x00, 0x00, 0x00, 0x00, 0x00, 0x00, 0x00, 0x00, 0x00, 0x00, 0x00, 0x00, 0x00, 0x00,
    0x00, 0x00, 0x00, 0x00, 0x00, 0x00, 0x00, 0x00, 0x00, 0x00, 0x00, 0x00, 0x00, 0x00, 0x00, 0x00, 0x00, 0x01, 0xbf, 0xff, 0x80, 0x00, 0x00, 0x0b,
    0xff, 0xff, 0xf8, 0x00, 0x00, 0x3f, 0xff, 0xff, 0xff, 0x00, 0x00, 0xff, 0xff, 0xff, 0xff, 0x00, 0x02, 0xff, 0xf5, 0x17, 0xff, 0x00, 0x03, 0xff,
    0x40, 0x00, 0x7f, 0x00, 0x0b, 0xfe, 0x00, 0x00, 0x0b, 0x00, 0x0f, 0xfc, 0x00, 0x00, 0x00, 0x00, 0x0f, 0xfc, 0x00, 0x00, 0x00, 0x00, 0x1f, 0xf8,
    0x00, 0x00, 0x00, 0x00, 0x1f, 0xf4, 0x00, 0x55, 0x55, 0x00, 0x1f, 0xf4, 0x00, 0xff, 0xff, 0x80, 0x1f, 0xf4, 0x01, 0xff, 0xff, 0x80, 0x1f, 0xf4,
    0x01, 0xff, 0xff, 0x80, 0x1f, 0xf8, 0x00, 0xff, 0xff, 0x80, 0x0f, 0xf8, 0x00, 0x00, 0xff, 0x80, 0x0f, 0xfc, 0x00, 0x00, 0xff, 0x80, 0x0b, 0xfe,
    0x00, 0x00, 0xff, 0x80, 0x03, 0xff, 0x40, 0x00, 0xff, 0x80, 0x02, 0xff, 0xe4, 0x02, 0xff, 0x80, 0x00, 0xff, 0xff, 0xff, 0xff, 0x80, 0x00, 0x3f,
    0xff, 0xff, 0xff, 0x40, 0x00, 0x0f, 0xff, 0xff, 0xfd, 0x00, 0x00, 0x01, 0xff, 0xff, 0xd0, 0x00, 0x00, 0x00, 0x05, 0x50, 0x00, 0x00, 0x00, 0x00,
    0x00, 0x00, 0x00, 0x00, 0x00, 0x00, 0x00, 0x00, 0x00, 0x00, 0x00, 0x00, 0x00, 0x00, 0x00, 0x00, 0x00, 0x00, 0x00, 0x00, 0x00, 0x00, 0x00, 0x00,
    0x00, 0x00, 0x00, 0x00, 0x00, 0x00, 0x00, 0x00, 0x00, 0x00, 0x00, 0x00, 0x00, 0x00, 0x00, 0x00, 0x00, 0x00, 0x00, 0x00, 0x00, 0x00, 0x00, 0x00,
    0x00, 0x00, 0x00, 0x00, 0x03, 0xfc, 0x00, 0x02, 0xfd, 0x00, 0x07, 0xfd, 0x00, 0x03, 0xfe, 0x00, 0x07, 0xfd, 0x00, 0x03, 0xfe, 0x00, 0x07, 0xfd,
    0x00, 0x03, 0xfe, 0x00, 0x07, 0xfd, 0x00, 0x03, 0xfe, 0x00, 0x07, 0xfd, 0x00, 0x03, 0xfe, 0x00, 0x07, 0xfd, 0x00, 0x03, 0xfe, 0x00, 0x07, 0xfd,
    0x00, 0x03, 0xfe, 0x00, 0x07, 0xfd, 0x00, 0x03, 0xfe, 0x00, 0x07, 0xff, 0xff, 0xff, 0xfe, 0x00, 0x07, 0xff, 0xff, 0xff, 0xfe, 0x00, 0x07, 0xff,
    0xff, 0xff, 0xfe, 0x00, 0x07, 0xff, 0xff, 0xff, 0xfe, 0x00, 0x07, 0xfe, 0xaa, 0xab, 0xfe, 0x00, 0x07, 0xfd, 0x00, 0x03, 0xfe, 0x00, 0x07, 0xfd,
    0x00, 0x03, 0xfe, 0x00, 0x07, 0xfd, 0x00, 0x03, 0xfe, 0x00, 0x07, 0xfd, 0x00, 0x03, 0xfe, 0x00, 0x07, 0xfd, 0x00, 0x03, 0xfe, 0x00, 0x07, 0xfd,
    0x00, 0x03, 0xfe, 0x00, 0x07, 0xfd, 0x00, 0x03, 0xfe, 0x00, 0x07, 0xfd, 0x00, 0x03, 0xfe, 0x00, 0x07, 0xfd, 0x00, 0x03, 0xfe, 0x00, 0x03, 0xfc,
    0x00, 0x02, 0xfd, 0x00, 0x00, 0x00, 0x00, 0x00, 0x00, 0x00, 0x00, 0x00, 0x00, 0x00, 0x00, 0x00, 0x00, 0x00, 0x00, 0x00, 0x00, 0x00, 0x00, 0x00,
    0x00, 0x00, 0x00, 0x00, 0x00, 0x00, 0x00, 0x00, 0x00, 0x00, 0x00, 0x00, 0x00, 0x00, 0x00, 0x00, 0x00, 0x00, 0x00, 0x00, 0x00, 0x00, 0x00, 0x00,
    0x00, 0x03, 0xfc, 0x00, 0x07, 0xfd, 0x00, 0x07, 0xfd, 0x00, 0x07, 0xfd, 0x00, 0x07, 0xfd, 0x00, 0x07, 0xfd, 0x00, 0x07, 0xfd, 0x00, 0x07, 0xfd,
    0x00, 0x07, 0xfd, 0x00, 0x07, 0xfd, 0x00, 0x07, 0xfd, 0x00, 0x07, 0xfd, 0x00, 0x07, 0xfd, 0x00, 0x07, 0xfd, 0x00, 0x07, 0xfd, 0x00, 0x07, 0xfd,
    0x00, 0x07, 0xfd, 0x00, 0x07, 0xfd, 0x00, 0x07, 0xfd, 0x00, 0x07, 0xfd, 0x00, 0x07, 0xfd, 0x00, 0x07, 0xfd, 0x00, 0x07, 0xfd, 0x00, 0x03, 0xfc,
    0x00, 0x00, 0x00, 0x00, 0x00, 0x00, 0x00, 0x00, 0x00, 0x00, 0x00, 0x00, 0x00, 0x00, 0x00, 0x00, 0x00, 0x00, 0x00, 0x00, 0x00, 0x00, 0x00, 0x00,
    0x00, 0x00, 0x00, 0x00, 0x00, 0x00, 0x00, 0x00, 0x3f, 0xc0, 0x00, 0x7f, 0xd0, 0x00, 0x7f, 0xd0, 0x00, 0x7f, 0xd0, 0x00, 0x7f, 0xd0, 0x00, 0x7f,
    0xd0, 0x00, 0x7f, 0xd0, 0x00, 0x7f, 0xd0, 0x00, 0x7f, 0xd0, 0x00, 0x7f, 0xd0, 0x00, 0x7f, 0xd0, 0x00, 0x7f, 0xd0, 0x00, 0x7f, 0xd0, 0x00, 0x7f,
    0xd0, 0x00, 0x7f, 0xd0, 0x00, 0x7f, 0xd0, 0x00, 0x7f, 0xd0, 0x00, 0x7f, 0xd0, 0x00, 0x7f, 0xd0, 0x00, 0x7f, 0xd0, 0x00, 0x7f, 0xd0, 0x00, 0x7f,
    0xd0, 0x00, 0x7f, 0xd0, 0x00, 0x7f, 0xc0, 0x00, 0xbf, 0xc0, 0x1a, 0xff, 0xc0, 0x7f, 0xff, 0x40, 0x7f, 0xff, 0x00, 0x7f, 0xfc, 0x00, 0x00, 0x00,
    0x00, 0x00, 0x00, 0x00, 0x00, 0x00, 0x00, 0x00, 0x00, 0x00, 0x00, 0x00, 0x00, 0x00, 0x00, 0x00, 0x00, 0x00, 0x00, 0x00, 0x00, 0x00, 0x00, 0x00,
    0x00, 0x00, 0x00, 0x00, 0x03, 0xfc, 0x00, 0x0b, 0xfd, 0x00, 0x07, 0xfd, 0x00, 0x2f, 0xfd, 0x00, 0x07, 0xfd, 0x00, 0xbf, 0xf8, 0x00, 0x07, 0xfd,
    0x01, 0xff, 0xe0, 0x00, 0x07, 0xfd, 0x07, 0xff, 0x80, 0x00, 0x07, 0xfd, 0x1f, 0xfe, 0x00, 0x00, 0x07, 0xfd, 0x7f, 0xfc, 0x00, 0x00, 0x07, 0xfe,
    0xff, 0xf0, 0x00, 0x00, 0x07, 0xff, 0xff, 0xc0, 0x00, 0x00, 0x07, 0xff, 0xff, 0x00, 0x00, 0x00, 0x07, 0xff, 0xfc, 0x00, 0x00, 0x00, 0x07, 0xff,
    0xf4, 0x00, 0x00, 0x00, 0x07, 0xff, 0xfc, 0x00, 0x00, 0x00, 0x07, 0xff, 0xff, 0x00, 0x00, 0x00, 0x07, 0xff, 0xff, 0xc0, 0x00, 0x00, 0x07, 0xfe,
    0xff, 0xf0, 0x00, 0x00, 0x07, 0xfd, 0x7f, 0xfc, 0x00, 0x00, 0x07, 0xfd, 0x2f, 0xfe, 0x00, 0x00, 0x07, 0xfd, 0x0b, 0xff, 0x80, 0x00, 0x07, 0xfd,
    0x02, 0xff, 0xd0, 0x00, 0x07, 0xfd, 0x00, 0xff, 0xf4, 0x00, 0x07, 0xfd, 0x00, 0x3f, 0xfd, 0x00, 0x07, 0xfd, 0x00, 0x0f, 0xff, 0x00, 0x03, 0xfc,
    0x00, 0x03, 0xff, 0x00, 0x00, 0x00, 0x00, 0x00, 0x00, 0x00, 0x00, 0x00, 0x00, 0x00, 0x00, 0x00, 0x00, 0x00, 0x00, 0x00, 0x00, 0x00, 0x00, 0x00,
    0x00, 0x00, 0x00, 0x00, 0x00, 0x00, 0x00, 0x00, 0x00, 0x00, 0x00, 0x00, 0x00, 0x00, 0x00, 0x00, 0x00, 0x00, 0x00, 0x00, 0x00, 0x00, 0x00, 0x00,
    0x00, 0x00, 0x00, 0x00, 0x00, 0x00, 0x00, 0x00, 0x00, 0x00, 0x00, 0x03, 0xfc, 0x00, 0x00, 0x00, 0x07, 0xfd, 0x00, 0x00, 0x00, 0x07, 0xfd, 0x00,
    0x00, 0x00, 0x07, 0xfd, 0x00, 0x00, 0x00, 0x07, 0xfd, 0x00, 0x00, 0x00, 0x07, 0xfd, 0x00, 0x00, 0x00, 0x07, 0xfd, 0x00, 0x00, 0x00, 0x07, 0xfd,
    0x00, 0x00, 0x00, 0x07, 0xfd, 0x00, 0x00, 0x00, 0x07, 0xfd, 0x00, 0x00, 0x00, 0x07, 0xfd, 0x00, 0x00, 0x00, 0x07, 0xfd, 0x00, 0x00, 0x00, 0x07,
    0xfd, 0x00, 0x00, 0x00, 0x07, 0xfd, 0x00, 0x00, 0x00, 0x07, 0xfd, 0x00, 0x00, 0x00, 0x07, 0xfd, 0x00, 0x00, 0x00, 0x07, 0xfd, 0x00, 0x00, 0x00,
    0x07, 0xfd, 0x00, 0x00, 0x00, 0x07, 0xfd, 0x00, 0x00, 0x00, 0x07, 0xfe, 0x55, 0x55, 0x00, 0x07, 0xff, 0xff, 0xff, 0xc0, 0x07, 0xff, 0xff, 0xff,
    0xc0, 0x07, 0xff, 0xff, 0xff, 0xc0, 0x03, 0xff, 0xff, 0xff, 0x80, 0x00, 0x00, 0x00, 0x00, 0x00, 0x00, 0x00, 0x00, 0x00, 0x00, 0x00, 0x00, 0x00,
    0x00, 0x00, 0x00, 0x00, 0x00, 0x00, 0x00, 0x00, 0x00, 0x00, 0x00, 0x00, 0x00, 0x00, 0x00, 0x00, 0x00, 0x00, 0x00, 0x00, 0x00, 0x00, 0x00, 0x00,
    0x00, 0x00, 0x00, 0x00, 0x00, 0x00, 0x00, 0x00, 0x00, 0x00, 0x00, 0x00, 0x00, 0x00, 0x00, 0x00, 0x00, 0x00, 0x00, 0x00, 0x00, 0x00, 0x00, 0x03,
    0xff, 0x40, 0x00, 0x3f, 0xf4, 0x00, 0x07, 0xff, 0xc0, 0x00, 0xbf, 0xf8, 0x00, 0x07, 0xff, 0xc0, 0x00, 0xff, 0xf8, 0x00, 0x07, 0xff, 0xd0, 0x00,
    0xff, 0xf8, 0x00, 0x07, 0xff, 0xf0, 0x02, 0xff, 0xf8, 0x00, 0x07, 0xff, 0xf0, 0x03, 0xff, 0xf8, 0x00, 0x07, 0xff, 0xf4, 0x03, 0xff, 0xf8, 0x00,
    0x07, 0xff, 0xfc, 0x0b, 0xff, 0xf8, 0x00, 0x07, 0xff, 0xfc, 0x0f, 0xff, 0xf8, 0x00, 0x07, 0xff, 0xfd, 0x0f, 0xff, 0xf8, 0x00, 0x07, 0xff, 0xff,
    0x2f, 0xff, 0xf8, 0x00, 0x07, 0xfd, 0xff, 0x3f, 0xef, 0xf8, 0x00, 0x07, 0xfc, 0xff, 0xbf, 0xcf, 0xf8, 0x00, 0x07, 0xfc, 0xbf, 0xff, 0xcf, 0xf8,
    0x00, 0x07, 0xfc, 0x3f, 0xff, 0x4f, 0xf8, 0x00, 0x07, 0xfc, 0x3f, 0xff, 0x0f, 0xf8, 0x00, 0x07, 0xfc, 0x2f, 0xff, 0x0f, 0xf8, 0x00, 0x07, 0xfc,
    0x0f, 0xfd, 0x0f, 0xf8, 0x00, 0x07, 0xfc, 0x0f, 0xfc, 0x0f, 0xf8, 0x00, 0x07, 0xfc, 0x07, 0xf8, 0x0f, 0xf8, 0x00, 0x07, 0xfc, 0x00, 0x00, 0x0f,
    0xf8, 0x00, 0x07, 0xfc, 0x00, 0x00, 0x0f, 0xf8, 0x00, 0x07, 0xfc, 0x00, 0x00, 0x0f, 0xf8, 0x00, 0x03, 0xfc, 0x00, 0x00, 0x0b, 0xf4, 0x00, 0x00,
    0x00, 0x00, 0x00, 0x00, 0x00, 0x00, 0x00, 0x00, 0x00, 0x00, 0x00, 0x00, 0x00, 0x00, 0x00, 0x00, 0x00, 0x00, 0x00, 0x00, 0x00, 0x00, 0x00, 0x00,
    0x00, 0x00, 0x00, 0x00, 0x00, 0x00, 0x00, 0x00, 0x00, 0x00, 0x00, 0x00, 0x00, 0x00, 0x00, 0x00, 0x00, 0x00, 0x00, 0x00, 0x00, 0x00, 0x00, 0x00,
    0x00, 0x00, 0x00, 0x00, 0x00, 0x00, 0x00, 0x00, 0x00, 0x00, 0x00, 0x00, 0x00, 0x00, 0x00, 0x00, 0x03, 0xff, 0x00, 0x02, 0xfc, 0x00, 0x07, 0xff,
    0x80, 0x03, 0xfe, 0x00, 0x07, 0xff, 0xc0, 0x03, 0xfe, 0x00, 0x07, 0xff, 0xd0, 0x03, 0xfe, 0x00, 0x07, 0xff, 0xf0, 0x03, 0xfe, 0x00, 0x07, 0xff,
    0xf4, 0x03, 0xfe, 0x00, 0x07, 0xff, 0xfc, 0x03, 0xfe, 0x00, 0x07, 0xff, 0xfd, 0x03, 0xfe, 0x00, 0x07, 0xff, 0xff, 0x03, 0xfe, 0x00, 0x07, 0xff,
    0xff, 0x43, 0xfe, 0x00, 0x07, 0xfd, 0xff, 0xc3, 0xfe, 0x00, 0x07, 0xfc, 0xbf, 0xd3, 0xfe, 0x00, 0x07, 0xfc, 0x3f, 0xf3, 0xfe, 0x00, 0x07, 0xfc,
    0x2f, 0xf7, 0xfe, 0x00, 0x07, 0xfc, 0x0f, 0xff, 0xfe, 0x00, 0x07, 0xfc, 0x0b, 0xff, 0xfe, 0x00, 0x07, 0xfc, 0x07, 0xff, 0xfe, 0x00, 0x07, 0xfc,
    0x03, 0xff, 0xfe, 0x00, 0x07, 0xfc, 0x01, 0xff, 0xfe, 0x00, 0x07, 0xfc, 0x00, 0xff, 0xfe, 0x00, 0x07, 0xfc, 0x00, 0x7f, 0xfe, 0x00, 0x07, 0xfc,
    0x00, 0x3f, 0xfe, 0x00, 0x07, 0xfc, 0x00, 0x1f, 0xfe, 0x00, 0x03, 0xfc, 0x00, 0x0f, 0xfd, 0x00, 0x00, 0x00, 0x00, 0x00, 0x00, 0x00, 0x00, 0x00,
    0x00, 0x00, 0x00, 0x00, 0x00, 0x00, 0x00, 0x00, 0x00, 0x00, 0x00, 0x00, 0x00, 0x00, 0x00, 0x00, 0x00, 0x00, 0x00, 0x00, 0x00, 0x00, 0x00, 0x00,
    0x00, 0x00, 0x00, 0x00, 0x00, 0x00, 0x00, 0x00, 0x00, 0x00, 0x00, 0x00, 0x00, 0x00, 0x00, 0x00, 0x00, 0x00, 0x00, 0x00, 0x00, 0x00, 0x00, 0x00,
    0x00, 0x00, 0x00, 0x00, 0x00, 0x01, 0xbf, 0xfd, 0x00, 0x00, 0x00, 0x0f, 0xff, 0xff, 0xd0, 0x00, 0x00, 0x3f, 0xff, 0xff, 0xf4, 0x00, 0x00, 0xff,
    0xff, 0xff, 0xfc, 0x00, 0x02, 0xff, 0xe4, 0x2f, 0xff, 0x00, 0x03, 0xff, 0x40, 0x03, 0xff, 0x40, 0x0b, 0xfe, 0x00, 0x01, 0xff, 0xc0, 0x0f, 0xfc,
    0x00, 0x00, 0xff, 0xc0, 0x0f, 0xfc, 0x00, 0x00, 0xbf, 0xd0, 0x1f, 0xf8, 0x00, 0x00, 0x7f, 0xe0, 0x1f, 0xf4, 0x00, 0x00, 0x3f, 0xe0, 0x1f, 0xf4,
    0x00, 0x00, 0x3f, 0xe0, 0x1f, 0xf4, 0x00, 0x00, 0x3f, 0xe0, 0x1f, 0xf4, 0x00, 0x00, 0x3f, 0xe0, 0x1f, 0xf8, 0x00, 0x00, 0x7f, 0xe0, 0x0f, 0xf8,
    0x00, 0x00, 0x7f, 0xd0, 0x0f, 0xfc, 0x00, 0x00, 0xff, 0xc0, 0x0b, 0xfe, 0x00, 0x01, 0xff, 0xc0, 0x03, 0xff, 0x40, 0x03, 0xff, 0x40, 0x02, 0xff,
    0xe0, 0x1f, 0xff, 0x00, 0x00, 0xff, 0xff, 0xff, 0xfd, 0x00, 0x00, 0x7f, 0xff, 0xff, 0xf8, 0x00, 0x00, 0x1f, 0xff, 0xff, 0xd0, 0x00, 0x00, 0x02,
    0xff, 0xfe, 0x00, 0x00, 0x00, 0x00, 0x05, 0x40, 0x00, 0x00, 0x00, 0x00, 0x00, 0x00, 0x00, 0x00, 0x00, 0x00, 0x00, 0x00, 0x00, 0x00, 0x00, 0x00,
    0x00, 0x00, 0x00, 0x00, 0x00, 0x00, 0x00, 0x00, 0x00, 0x00, 0x00, 0x00, 0x00, 0x00, 0x00, 0x00, 0x00, 0x00, 0x00, 0x00, 0x00, 0x00, 0x00, 0x00,
    0x00, 0x00, 0x00, 0x00, 0x00, 0x00, 0x00, 0x00, 0x00, 0x00, 0x00, 0x03, 0xff, 0xfe, 0x40, 0x00, 0x07, 0xff, 0xff, 0xf8, 0x00, 0x07, 0xff, 0xff,
    0xfe, 0x00, 0x07, 0xff, 0xff, 0xff, 0x40, 0x07, 0xfe, 0xab, 0xff, 0xc0, 0x07, 0xfd, 0x00, 0xff, 0xc0, 0x07, 0xfd, 0x00, 0xbf, 0xd0, 0x07, 0xfd,
    0x00, 0x7f, 0xd0, 0x07, 0xfd, 0x00, 0xbf, 0xd0, 0x07, 0xfd, 0x00, 0xff, 0xc0, 0x07, 0xfd, 0x07, 0xff, 0xc0, 0x07, 0xff, 0xff, 0xff, 0x80, 0x07,
    0xff, 0xff, 0xff, 0x00, 0x07, 0xff, 0xff, 0xfc, 0x00, 0x07, 0xff, 0xff, 0xd0, 0x00, 0x07, 0xfd, 0x00, 0x00, 0x00, 0x07, 0xfd, 0x00, 0x00, 0x00,
    0x07, 0xfd, 0x00, 0x00, 0x00, 0x07, 0xfd, 0x00, 0x00, 0x00, 0x07, 0xfd, 0x00, 0x00, 0x00, 0x07, 0xfd, 0x00, 0x00, 0x00, 0x07, 0xfd, 0x00, 0x00,
    0x00, 0x07, 0xfd, 0x00, 0x00, 0x00, 0x03, 0xfc, 0x00, 0x00, 0x00, 0x00, 0x00, 0x00, 0x00, 0x00, 0x00, 0x00, 0x00, 0x00, 0x00, 0x00, 0x00, 0x00,
    0x00, 0x00, 0x00, 0x00, 0x00, 0x00, 0x00, 0x00, 0x00, 0x00, 0x00, 0x00, 0x00, 0x00, 0x00, 0x00, 0x00, 0x00, 0x00, 0x00, 0x00, 0x00, 0x00, 0x00,
    0x00, 0x00, 0x00, 0x00, 0x00, 0x00, 0x00, 0x00, 0x00, 0x00, 0x00, 0x00, 0x00, 0x00, 0x00, 0x00, 0x00, 0x00, 0x00, 0x01, 0xbf, 0xfd, 0x00, 0x00,
    0x00, 0x0f, 0xff, 0xff, 0xd0, 0x00, 0x00, 0x3f, 0xff, 0xff, 0xf4, 0x00, 0x00, 0xff, 0xff, 0xff, 0xfc, 0x00, 0x02, 0xff, 0xe4, 0x2f, 0xff, 0x00,
    0x03, 0xff, 0x40, 0x03, 0xff, 0x40, 0x0b, 0xfe, 0x00, 0x01, 0xff, 0xc0, 0x0f, 0xfc, 0x00, 0x00, 0xff, 0xc0, 0x0f, 0xfc, 0x00, 0x00, 0xbf, 0xd0,
    0x1f, 0xf8, 0x00, 0x00, 0x7f, 0xe0, 0x1f, 0xf4, 0x00, 0x00, 0x3f, 0xe0, 0x1f, 0xf4, 0x00, 0x00, 0x3f, 0xe0, 0x1f, 0xf4, 0x00, 0x00, 0x3f, 0xe0,
    0x1f, 0xf4, 0x00, 0x00, 0x3f, 0xe0, 0x1f, 0xf8, 0x00, 0x00, 0x7f, 0xe0, 0x0f, 0xf8, 0x00, 0x00, 0x7f, 0xd0, 0x0f, 0xfc, 0x00, 0x00, 0xff, 0xc0,
    0x0b, 0xfe, 0x00, 0x01, 0xff, 0xc0, 0x03, 0xff, 0x40, 0x03, 0xff, 0x40, 0x02, 0xff, 0xe0, 0x1f, 0xff, 0x00, 0x00, 0xff, 0xff, 0xff, 0xfd, 0x00,
    0x00, 0x7f, 0xff, 0xff, 0xf8, 0x00, 0x00, 0x1f, 0xff, 0xff, 0xd0, 0x00, 0x00, 0x02, 0xff, 0xff, 0xd0, 0x00, 0x00, 0x00, 0x05, 0xff, 0xf0, 0x00,
    0x00, 0x00, 0x00, 0x3f, 0xfc, 0x00, 0x00, 0x00, 0x00, 0x0f, 0xfe, 0x00, 0x00, 0x00, 0x00, 0x03, 0xfe, 0x00, 0x00, 0x00, 0x00, 0x00, 0x00, 0x00,
    0x00, 0x00, 0x00, 0x00, 0x00, 0x00, 0x00, 0x00, 0x00, 0x00, 0x00, 0x00, 0x00, 0x00, 0x00, 0x00, 0x00, 0x00, 0x00, 0x00, 0x00, 0x00, 0x00, 0x00,
    0x00, 0x00, 0x00, 0x00, 0x00, 0x00, 0x03, 0xff, 0xfe, 0x80, 0x00, 0x00, 0x07, 0xff, 0xff, 0xf8, 0x00, 0x00, 0x07, 0xff, 0xff, 0xff, 0x00, 0x00,
    0x07, 0xff, 0xff, 0xff, 0x40, 0x00, 0x07, 0xfe, 0xab, 0xff, 0xc0, 0x00, 0x07, 0xfd, 0x00, 0xff, 0xc0, 0x00, 0x07, 0xfd, 0x00, 0xbf, 0xd0, 0x00,
    0x07, 0xfd, 0x00, 0x7f, 0xd0, 0x00, 0x07, 0xfd, 0x00, 0xbf, 0xc0, 0x00, 0x07, 0xfd, 0x00, 0xff, 0xc0, 0x00, 0x07, 0xff, 0xaf, 0xff, 0xc0, 0x00,
    0x07, 0xff, 0xff, 0xff, 0x40, 0x00, 0x07, 0xff, 0xff, 0xfd, 0x00, 0x00, 0x07, 0xff, 0xff, 0xfd, 0x00, 0x00, 0x07, 0xff, 0xff, 0xff, 0x00, 0x00,
    0x07, 0xfd, 0x02, 0xff, 0x80, 0x00, 0x07, 0xfd, 0x00, 0xff, 0xc0, 0x00, 0x07, 0xfd, 0x00, 0x7f, 0xe0, 0x00, 0x07, 0xfd, 0x00, 0x3f, 0xf0, 0x00,
    0x07, 0xfd, 0x00, 0x2f, 0xf4, 0x00, 0x07, 0xfd, 0x00, 0x0f, 0xfc, 0x00, 0x07, 0xfd, 0x00, 0x0b, 0xfd, 0x00, 0x07, 0xfd, 0x00, 0x03, 0xff, 0x00,
    0x03, 0xfc, 0x00, 0x02, 0xfe, 0x00, 0x00, 0x00, 0x00, 0x00, 0x00, 0x00, 0x00, 0x00, 0x00, 0x00, 0x00, 0x00, 0x00, 0x00, 0x00, 0x00, 0x00, 0x00,
    0x00, 0x00, 0x00, 0x00, 0x00, 0x00, 0x00, 0x00, 0x00, 0x00, 0x00, 0x00, 0x00, 0x00, 0x00, 0x00, 0x00, 0x00, 0x00, 0x00, 0x00, 0x00, 0x00, 0x00,
    0x00, 0x00, 0x00, 0x00, 0x00, 0x00, 0x00, 0x00, 0x00, 0x00, 0x00, 0x00, 0x00, 0x00, 0x1f, 0xff, 0xf8, 0x00, 0x00, 0xbf, 0xff, 0xff, 0x40, 0x03,
    0xff, 0xff, 0xff, 0x40, 0x07, 0xff, 0xff, 0xff, 0x40, 0x0f, 0xff, 0x41, 0xbf, 0x40, 0x0f, 0xfc, 0x00, 0x06, 0x00, 0x0f, 0xf8, 0x00, 0x00, 0x00,
    0x0f, 0xf8, 0x00, 0x00, 0x00, 0x0f, 0xfd, 0x00, 0x00, 0x00, 0x0f, 0xff, 0xf9, 0x00, 0x00, 0x07, 0xff, 0xff, 0xe0, 0x00, 0x02, 0xff, 0xff, 0xfd,
    0x00, 0x00, 0x7f, 0xff, 0xff, 0x40, 0x00, 0x06, 0xff, 0xff, 0xc0, 0x00, 0x00, 0x07, 0xff, 0xd0, 0x00, 0x00, 0x00, 0xbf, 0xd0, 0x00, 0x00, 0x00,
    0x7f, 0xe0, 0x00, 0x00, 0x00, 0x3f, 0xe0, 0x0f, 0x00, 0x00, 0x7f, 0xd0, 0x0f, 0xf4, 0x02, 0xff, 0xc0, 0x0f, 0xff, 0xff, 0xff, 0xc0, 0x0f, 0xff,
    0xff, 0xff, 0x40, 0x0f, 0xff, 0xff, 0xfd, 0x00, 0x01, 0xbf, 0xff, 0xe0, 0x00, 0x00, 0x01, 0x54, 0x00, 0x00, 0x00, 0x00, 0x00, 0x00, 0x00, 0x00,
    0x00, 0x00, 0x00, 0x00, 0x00, 0x00, 0x00, 0x00, 0x00, 0x00, 0x00, 0x00, 0x00, 0x00, 0x00, 0x00, 0x00, 0x00, 0x00, 0x00, 0x00, 0x00, 0x00, 0x00,
    0x00, 0x00, 0x00, 0x00, 0x00, 0x00, 0x00, 0x00, 0x00, 0x00, 0x00, 0x00, 0x00, 0x00, 0x00, 0x2f, 0xff, 0xff, 0xff, 0xfc, 0x3f, 0xff, 0xff, 0xff,
    0xfe, 0x3f, 0xff, 0xff, 0xff, 0xfe, 0x3f, 0xff, 0xff, 0xff, 0xfe, 0x1a, 0xaa, 0xff, 0xea, 0xa8, 0x00, 0x00, 0xff, 0x80, 0x00, 0x00, 0x00, 0xff,
    0x80, 0x00, 0x00, 0x00, 0xff, 0x80, 0x00, 0x00, 0x00, 0xff, 0x80, 0x00, 0x00, 0x00, 0xff, 0x80, 0x00, 0x00, 0x00, 0xff, 0x80, 0x00, 0x00, 0x00,
    0xff, 0x80, 0x00, 0x00, 0x00, 0xff, 0x80, 0x00, 0x00, 0x00, 0xff, 0x80, 0x00, 0x00, 0x00, 0xff, 0x80, 0x00, 0x00, 0x00, 0xff, 0x80, 0x00, 0x00,
    0x00, 0xff, 0x80, 0x00, 0x00, 0x00, 0xff, 0x80, 0x00, 0x00, 0x00, 0xff, 0x80, 0x00, 0x00, 0x00, 0xff, 0x80, 0x00, 0x00, 0x00, 0xff, 0x80, 0x00,
    0x00, 0x00, 0xff, 0x80, 0x00, 0x00, 0x00, 0xff, 0x80, 0x00, 0x00, 0x00, 0xff, 0x40, 0x00, 0x00, 0x00, 0x00, 0x00, 0x00, 0x00, 0x00, 0x00, 0x00,
    0x00, 0x00, 0x00, 0x00, 0x00, 0x00, 0x00, 0x00, 0x00, 0x00, 0x00, 0x00, 0x00, 0x00, 0x00, 0x00, 0x00, 0x00, 0x00, 0x00, 0x00, 0x00, 0x00, 0x00,
    0x00, 0x00, 0x00, 0x00, 0x00, 0x00, 0x00, 0x00, 0x00, 0x00, 0x00, 0x00, 0x00, 0x00, 0x00, 0x00, 0x00, 0x00, 0x00, 0x00, 0x00, 0x00, 0x07, 0xf8,
    0x00, 0x03, 0xfc, 0x00, 0x0b, 0xfc, 0x00, 0x07, 0xfd, 0x00, 0x0b, 0xfc, 0x00, 0x07, 0xfd, 0x00, 0x0b, 0xfc, 0x00, 0x07, 0xfd, 0x00, 0x0b, 0xfc,
    0x00, 0x07, 0xfd, 0x00, 0x0b, 0xfc, 0x00, 0x07, 0xfd, 0x00, 0x0b, 0xfc, 0x00, 0x07, 0xfd, 0x00, 0x0b, 0xfc, 0x00, 0x07, 0xfd, 0x00, 0x0b, 0xfc,
    0x00, 0x07, 0xfd, 0x00, 0x0b, 0xfc, 0x00, 0x07, 0xfd, 0x00, 0x0b, 0xfc, 0x00, 0x07, 0xfd, 0x00, 0x0b, 0xfc, 0x00, 0x07, 0xfd, 0x00, 0x0b, 0xfc,
    0x00, 0x07, 0xfd, 0x00, 0x0b, 0xfc, 0x00, 0x07, 0xfd, 0x00, 0x0b, 0xfc, 0x00, 0x07, 0xfd, 0x00, 0x0b, 0xfc, 0x00, 0x07, 0xfd, 0x00, 0x0b, 0xfc,
    0x00, 0x07, 0xfd, 0x00, 0x07, 0xfd, 0x00, 0x0b, 0xfc, 0x00, 0x03, 0xff, 0x00, 0x0f, 0xfc, 0x00, 0x03, 0xff, 0x80, 0x3f, 0xf8, 0x00, 0x01, 0xff,
    0xff, 0xff, 0xf0, 0x00, 0x00, 0xff, 0xff, 0xff, 0xe0, 0x00, 0x00, 0x3f, 0xff, 0xff, 0x80, 0x00, 0x00, 0x07, 0xff, 0xfd, 0x00, 0x00, 0x00, 0x00,
    0x15, 0x40, 0x00, 0x00, 0x00, 0x00, 0x00, 0x00, 0x00, 0x00, 0x00, 0x00, 0x00, 0x00, 0x00, 0x00, 0x00, 0x00, 0x00, 0x00, 0x00, 0x00, 0x00, 0x00,
    0x00, 0x00, 0x00, 0x00, 0x00, 0x00, 0x00, 0x00, 0x00, 0x00, 0x00, 0x00, 0x00, 0x00, 0x00, 0x00, 0x00, 0x00, 0x00, 0x00, 0x00, 0x00, 0x00, 0x00,
    0x00, 0x00, 0x00, 0x00, 0x00, 0x00, 0x00, 0x00, 0x00, 0x00, 0x7f, 0x80, 0x00, 0x00, 0xfe, 0x00, 0xbf, 0xc0, 0x00, 0x02, 0xff, 0x00, 0x7f, 0xe0,
    0x00, 0x03, 0xff, 0x00, 0x3f, 0xf0, 0x00, 0x07, 0xfe, 0x00, 0x2f, 0xf0, 0x00, 0x0b, 0xfc, 0x00, 0x1f, 0xf8, 0x00, 0x0f, 0xfc, 0x00, 0x0f, 0xfc,
    0x00, 0x1f, 0xf4, 0x00, 0x0b, 0xfc, 0x00, 0x2f, 0xf0, 0x00, 0x07, 0xfe, 0x00, 0x3f, 0xf0, 0x00, 0x03, 0xff, 0x00, 0x7f, 0xd0, 0x00, 0x02, 0xff,
    0x00, 0xff, 0xc0, 0x00, 0x01, 0xff, 0x80, 0xff, 0xc0, 0x00, 0x00, 0xff, 0xc1, 0xff, 0x40, 0x00, 0x00, 0xbf, 0xc3, 0xff, 0x00, 0x00, 0x00, 0x7f,
    0xe3, 0xfe, 0x00, 0x00, 0x00, 0x3f, 0xf7, 0xfd, 0x00, 0x00, 0x00, 0x2f, 0xff, 0xfc, 0x00, 0x00, 0x00, 0x0f, 0xff, 0xf8, 0x00, 0x00, 0x00, 0x0f,
    0xff, 0xf4, 0x00, 0x00, 0x00, 0x0b, 0xff, 0xf0, 0x00, 0x00, 0x00, 0x03, 0xff, 0xe0, 0x00, 0x00, 0x00, 0x03, 0xff, 0xd0, 0x00, 0x00, 0x00, 0x02,
    0xff, 0xc0, 0x00, 0x00, 0x00, 0x00, 0xff, 0x80, 0x00, 0x00, 0x00, 0x00, 0x00, 0x00, 0x00, 0x00, 0x00, 0x00, 0x00, 0x00, 0x00, 0x00, 0x00, 0x00,
    0x00, 0x00, 0x00, 0x00, 0x00, 0x00, 0x00, 0x00, 0x00, 0x00, 0x00, 0x00, 0x00, 0x00, 0x00, 0x00, 0x00, 0x00, 0x00, 0x00, 0x00, 0x00, 0x00, 0x00,
    0x00, 0x00, 0x00, 0x00, 0x00, 0x00, 0x00, 0x00, 0x00, 0x00, 0x00, 0x00, 0x00, 0x00, 0x00, 0x00, 0x00, 0x00, 0x00, 0x00, 0x00, 0x00, 0x00, 0x00,
    0x00, 0x00, 0x00, 0x00, 0x00, 0x00, 0x00, 0x00, 0x2f, 0xd0, 0x00, 0xbf, 0x40, 0x02, 0xfd, 0x00, 0x3f, 0xe0, 0x01, 0xff, 0xc0, 0x03, 0xfe, 0x00,
    0x3f, 0xf0, 0x01, 0xff, 0xc0, 0x03, 0xfe, 0x00, 0x2f, 0xf0, 0x02, 0xff, 0xd0, 0x07, 0xfd, 0x00, 0x1f, 0xf4, 0x03, 0xff, 0xe0, 0x0b, 0xfc, 0x00,
    0x0f, 0xf8, 0x03, 0xff, 0xf0, 0x0f, 0xfc, 0x00, 0x0f, 0xfc, 0x07, 0xff, 0xf0, 0x0f, 0xf8, 0x00, 0x0b, 0xfc, 0x0b, 0xff, 0xf4, 0x1f, 0xf4, 0x00,
    0x07, 0xfd, 0x0f, 0xff, 0xf8, 0x2f, 0xf0, 0x00, 0x03, 0xfd, 0x0f, 0xfb, 0xf8, 0x3f, 0xf0, 0x00, 0x03, 0xfe, 0x1f, 0xf3, 0xfc, 0x3f, 0xe0, 0x00,
    0x03, 0xff, 0x1f, 0xe3, 0xfc, 0x3f, 0xd0, 0x00, 0x02, 0xff, 0x2f, 0xe3, 0xfd, 0x7f, 0xd0, 0x00, 0x01, 0xff, 0x7f, 0xd2, 0xfe, 0xbf, 0xc0, 0x00,
    0x00, 0xff, 0xff, 0xc1, 0xff, 0xff, 0xc0, 0x00, 0x00, 0xff, 0xff, 0xc0, 0xff, 0xff, 0x80, 0x00, 0x00, 0xbf, 0xff, 0x80, 0xff, 0xff, 0x40, 0x00,
    0x00, 0x7f, 0xff, 0x40, 0xbf, 0xff, 0x00, 0x00, 0x00, 0x3f, 0xff, 0x00, 0x7f, 0xff, 0x00, 0x00, 0x00, 0x3f, 0xff, 0x00, 0x7f, 0xfe, 0x00, 0x00,
    0x00, 0x3f, 0xfe, 0x00, 0x3f, 0xfd, 0x00, 0x00, 0x00, 0x2f, 0xfe, 0x00, 0x3f, 0xfc, 0x00, 0x00, 0x00, 0x1f, 0xfd, 0x00, 0x2f, 0xfc, 0x00, 0x00,
    0x00, 0x0f, 0xfc, 0x00, 0x1f, 0xf8, 0x00, 0x00, 0x00, 0x00, 0x00, 0x00, 0x00, 0x00, 0x00, 0x00, 0x00, 0x00, 0x00, 0x00, 0x00, 0x00, 0x00, 0x00,
    0x00, 0x00, 0x00, 0x00, 0x00, 0x00, 0x00, 0x00, 0x00, 0x00, 0x00, 0x00, 0x00, 0x00, 0x00, 0x00, 0x00, 0x00, 0x00, 0x00, 0x00, 0x00, 0x00, 0x00,
    0x00, 0x00, 0x00, 0x00, 0x00, 0x00, 0x00, 0x00, 0x00, 0x00, 0x00, 0x00, 0x00, 0x00, 0x00, 0x00, 0x00, 0x00, 0x00, 0x00, 0x00, 0x00, 0x00, 0x00,
    0x00, 0x0f, 0xf4, 0x00, 0x07, 0xfc, 0x0f, 0xfc, 0x00, 0x0f, 0xfc, 0x0b, 0xfe, 0x00, 0x2f, 0xf8, 0x03, 0xff, 0x00, 0x3f, 0xf0, 0x01, 0xff, 0xc0,
    0xff, 0xd0, 0x00, 0xff, 0xd1, 0xff, 0xc0, 0x00, 0x3f, 0xf3, 0xff, 0x00, 0x00, 0x2f, 0xff, 0xfe, 0x00, 0x00, 0x0f, 0xff, 0xfc, 0x00, 0x00, 0x07,
    0xff, 0xf4, 0x00, 0x00, 0x03, 0xff, 0xf0, 0x00, 0x00, 0x01, 0xff, 0xc0, 0x00, 0x00, 0x03, 0xff, 0xe0, 0x00, 0x00, 0x0b, 0xff, 0xf0, 0x00, 0x00,
    0x0f, 0xff, 0xfc, 0x00, 0x00, 0x3f, 0xff, 0xfd, 0x00, 0x00, 0x7f, 0xf3, 0xff, 0x00, 0x00, 0xff, 0xc2, 0xff, 0x80, 0x02, 0xff, 0x80, 0xff, 0xc0,
    0x07, 0xff, 0x00, 0x7f, 0xe0, 0x0f, 0xfd, 0x00, 0x3f, 0xf4, 0x1f, 0xf8, 0x00, 0x1f, 0xfc, 0x3f, 0xf0, 0x00, 0x0b, 0xfd, 0x3f, 0xd0, 0x00, 0x03,
    0xfd, 0x00, 0x00, 0x00, 0x00, 0x00, 0x00, 0x00, 0x00, 0x00, 0x00, 0x00, 0x00, 0x00, 0x00, 0x00, 0x00, 0x00, 0x00, 0x00, 0x00, 0x00, 0x00, 0x00,
    0x00, 0x00, 0x00, 0x00, 0x00, 0x00, 0x00, 0x00, 0x00, 0x00, 0x00, 0x00, 0x00, 0x00, 0x00, 0x00, 0x00, 0x00, 0x00, 0x00, 0x00, 0x00, 0x00, 0x00,
    0x00, 0x00, 0x00, 0x2f, 0xd0, 0x00, 0x02, 0xfd, 0x3f, 0xf0, 0x00, 0x0b, 0xfd, 0x1f, 0xfc, 0x00, 0x1f, 0xfc, 0x0f, 0xfd, 0x00, 0x3f, 0xf4, 0x03,
    0xff, 0x00, 0xbf, 0xe0, 0x02, 0xff, 0x80, 0xff, 0xc0, 0x00, 0xff, 0xd2, 0xff, 0x40, 0x00, 0x7f, 0xf7, 0xff, 0x00, 0x00, 0x2f, 0xff, 0xfc, 0x00,
    0x00, 0x0f, 0xff, 0xf8, 0x00, 0x00, 0x0b, 0xff, 0xf0, 0x00, 0x00, 0x03, 0xff, 0xd0, 0x00, 0x00, 0x01, 0xff, 0xc0, 0x00, 0x00, 0x00, 0xff, 0x80,
    0x00, 0x00, 0x00, 0xff, 0x80, 0x00, 0x00, 0x00, 0xff, 0x80, 0x00, 0x00, 0x00, 0xff, 0x80, 0x00, 0x00, 0x00, 0xff, 0x80, 0x00, 0x00, 0x00, 0xff,
    0x80, 0x00, 0x00, 0x00, 0xff, 0x80, 0x00, 0x00, 0x00, 0xff, 0x80, 0x00, 0x00, 0x00, 0xff, 0x80, 0x00, 0x00, 0x00, 0xff, 0x80, 0x00, 0x00, 0x00,
    0xff, 0x40, 0x00, 0x00, 0x00, 0x00, 0x00, 0x00, 0x00, 0x00, 0x00, 0x00, 0x00, 0x00, 0x00, 0x00, 0x00, 0x00, 0x00, 0x00, 0x00, 0x00, 0x00, 0x00,
    0x00, 0x00, 0x00, 0x00, 0x00, 0x00, 0x00, 0x00, 0x00, 0x00, 0x00, 0x00, 0x00, 0x00, 0x00, 0x00, 0x00, 0x00, 0x00, 0x00, 0x00, 0x00, 0x00, 0x00,
    0x00, 0x00, 0x00, 0x00, 0x00, 0x0f, 0xff, 0xff, 0xff, 0xf8, 0x1f, 0xff, 0xff, 0xff, 0xfc, 0x1f, 0xff, 0xff, 0xff, 0xfc, 0x1f, 0xff, 0xff, 0xff,
    0xfc, 0x0a, 0xaa, 0xaa, 0xff, 0xf4, 0x00, 0x00, 0x00, 0xff, 0xe0, 0x00, 0x00, 0x02, 0xff, 0xc0, 0x00, 0x00, 0x07, 0xff, 0x40, 0x00, 0x00, 0x0f,
    0xfe, 0x00, 0x00, 0x00, 0x3f, 0xfc, 0x00, 0x00, 0x00, 0xbf, 0xf0, 0x00, 0x00, 0x01, 0xff, 0xd0, 0x00, 0x00, 0x03, 0xff, 0x80, 0x00, 0x00, 0x0b,
    0xff, 0x00, 0x00, 0x00, 0x1f, 0xfc, 0x00, 0x00, 0x00, 0x3f, 0xf4, 0x00, 0x00, 0x00, 0xff, 0xe0, 0x00, 0x00, 0x02, 0xff, 0xc0, 0x00, 0x00, 0x07,
    0xff, 0x40, 0x00, 0x00, 0x0f, 0xff, 0x55, 0x55, 0x54, 0x2f, 0xff, 0xff, 0xff, 0xfc, 0x3f, 0xff, 0xff, 0xff, 0xfd, 0x3f, 0xff, 0xff, 0xff, 0xfd,
    0x1f, 0xff, 0xff, 0xff, 0xfc, 0x00, 0x00, 0x00, 0x00, 0x00, 0x00, 0x00, 0x00, 0x00, 0x00, 0x00, 0x00, 0x00, 0x00, 0x00, 0x00, 0x00, 0x00, 0x00,
    0x00, 0x00, 0x00, 0x00, 0x00, 0x00, 0x00, 0x00, 0x00, 0x00, 0x00, 0x00, 0x00, 0x00, 0x00, 0x00, 0x00, 0x00, 0x00, 0x00, 0x00, 0x00, 0x07, 0xff,
    0xd0, 0x00, 0x0b, 0xff, 0xf0, 0x00, 0x0b, 0xff, 0xf0, 0x00, 0x0b, 0xff, 0xf0, 0x00, 0x0b, 0xfd, 0x40, 0x00, 0x0b, 0xfc, 0x00, 0x00, 0x0b, 0xfc,
    0x00, 0x00, 0x0b, 0xfc, 0x00, 0x00, 0x0b, 0xfc, 0x00, 0x00, 0x0b, 0xfc, 0x00, 0x00, 0x0b, 0xfc, 0x00, 0x00, 0x0b, 0xfc, 0x00, 0x00, 0x0b, 0xfc,
    0x00, 0x00, 0x0b, 0xfc, 0x00, 0x00, 0x0b, 0xfc, 0x00, 0x00, 0x0b, 0xfc, 0x00, 0x00, 0x0b, 0xfc, 0x00, 0x00, 0x0b, 0xfc, 0x00, 0x00, 0x0b, 0xfc,
    0x00, 0x00, 0x0b, 0xfc, 0x00, 0x00, 0x0b, 0xfc, 0x00, 0x00, 0x0b, 0xfc, 0x00, 0x00, 0x0b, 0xfc, 0x00, 0x00, 0x0b, 0xfc, 0x00, 0x00, 0x0b, 0xfc,
    0x00, 0x00, 0x0b, 0xff, 0xe0, 0x00, 0x0b, 0xff, 0xf0, 0x00, 0x0b, 0xff, 0xf0, 0x00, 0x07, 0xff, 0xe0, 0x00, 0x00, 0x00, 0x00, 0x00, 0x00, 0x00,
    0x00, 0x00, 0x00, 0x00, 0x00, 0x00, 0x00, 0x00, 0x00, 0x00, 0x00, 0x00, 0x00, 0xbf, 0x00, 0x00, 0xff, 0x40, 0x00, 0xbf, 0x80, 0x00, 0x7f, 0xc0,
    0x00, 0x3f, 0xc0, 0x00, 0x3f, 0xd0, 0x00, 0x2f, 0xf0, 0x00, 0x1f, 0xf0, 0x00, 0x0f, 0xf4, 0x00, 0x0b, 0xf8, 0x00, 0x07, 0xfc, 0x00, 0x03, 0xfc,
    0x00, 0x03, 0xfd, 0x00, 0x02, 0xfe, 0x00, 0x01, 0xff, 0x00, 0x00, 0xff, 0x40, 0x00, 0xff, 0x80, 0x00, 0x7f, 0xc0, 0x00, 0x3f, 0xc0, 0x00, 0x3f,
    0xd0, 0x00, 0x2f, 0xe0, 0x00, 0x1f, 0xf0, 0x00, 0x0f, 0xf0, 0x00, 0x0f, 0xf8, 0x00, 0x0b, 0xfc, 0x00, 0x07, 0xfc, 0x00, 0x02, 0xf8, 0x00, 0x00,
    0x00, 0x00, 0x00, 0x00, 0x00, 0x00, 0x00, 0x00, 0x00, 0x00, 0x00, 0x00, 0x00, 0x00, 0x00, 0x00, 0x00, 0x00, 0x00, 0x00, 0x02, 0xff, 0xe0, 0x00,
    0x07, 0xff, 0xf0, 0x00, 0x07, 0xff, 0xf0, 0x00, 0x07, 0xff, 0xf0, 0x00, 0x00, 0x5f, 0xf0, 0x00, 0x00, 0x0f, 0xf0, 0x00, 0x00, 0x0f, 0xf0, 0x00,
    0x00, 0x0f, 0xf0, 0x00, 0x00, 0x0f, 0xf0, 0x00, 0x00, 0x0f, 0xf0, 0x00, 0x00, 0x0f, 0xf0, 0x00, 0x00, 0x0f, 0xf0, 0x00, 0x00, 0x0f, 0xf0, 0x00,
    0x00, 0x0f, 0xf0, 0x00, 0x00, 0x0f, 0xf0, 0x00, 0x00, 0x0f, 0xf0, 0x00, 0x00, 0x0f, 0xf0, 0x00, 0x00, 0x0f, 0xf0, 0x00, 0x00, 0x0f, 0xf0, 0x00,
    0x00, 0x0f, 0xf0, 0x00, 0x00, 0x0f, 0xf0, 0x00, 0x00, 0x0f, 0xf0, 0x00, 0x00, 0x0f, 0xf0, 0x00, 0x00, 0x0f, 0xf0, 0x00, 0x00, 0x1f, 0xf0, 0x00,
    0x03, 0xff, 0xf0, 0x00, 0x07, 0xff, 0xf0, 0x00, 0x07, 0xff, 0xf0, 0x00, 0x03, 0xff, 0xf0, 0x00, 0x00, 0x00, 0x00, 0x00, 0x00, 0x00, 0x00, 0x00,
    0x00, 0x00, 0x00, 0x00, 0x00, 0x00, 0x00, 0x00, 0x00, 0x00, 0x00, 0x00, 0x00, 0x00, 0x00, 0x00, 0x00, 0x00, 0x00, 0x00, 0x00, 0x00, 0x00, 0x00,
    0x00, 0x00, 0x00, 0x00, 0x00, 0x00, 0x00, 0x00, 0x00, 0x0b, 0xf4, 0x00, 0x00, 0x00, 0x00, 0x00, 0x2f, 0xfd, 0x00, 0x00, 0x00, 0x00, 0x00, 0xbf,
    0xff, 0x00, 0x00, 0x00, 0x00, 0x01, 0xff, 0xff, 0xc0, 0x00, 0x00, 0x00, 0x07, 0xff, 0xff, 0xf0, 0x00, 0x00, 0x00, 0x0f, 0xfe, 0x3f, 0xf8, 0x00,
    0x00, 0x00, 0x3f, 0xf8, 0x0f, 0xfe, 0x00, 0x00, 0x00, 0xff, 0xe0, 0x03, 0xff, 0x80, 0x00, 0x02, 0xff, 0x80, 0x00, 0xff, 0xd0, 0x00, 0x03, 0xfe,
    0x00, 0x00, 0x3f, 0xe0, 0x00, 0x00, 0x50, 0x00, 0x00, 0x05, 0x40, 0x00, 0x00, 0x00, 0x00, 0x00, 0x00, 0x00, 0x00, 0x00, 0x00, 0x00, 0x00, 0x00,
    0x00, 0x00, 0x00, 0x00, 0x00, 0x00, 0x00, 0x00, 0x00, 0x00, 0x00, 0x00, 0x00, 0x00, 0x00, 0x00, 0x00, 0x00, 0x00, 0x00, 0x00, 0x00, 0x00, 0x00,
    0x00, 0x00, 0x00, 0x00, 0x00, 0x00, 0x00, 0x00, 0x00, 0x00, 0x00, 0x00, 0x00, 0x00, 0x00, 0x00, 0x00, 0x00, 0x00, 0x00, 0x00, 0x00, 0x00, 0x00,
    0x00, 0x00, 0x00, 0x00, 0x00, 0x00, 0x00, 0x00, 0x00, 0x00, 0x00, 0x00, 0x00, 0x00, 0x00, 0x00, 0x00, 0x00, 0x00, 0x00, 0x00, 0x00, 0x00, 0x00,
    0x00, 0x00, 0x00, 0x00, 0x00, 0x00, 0x00, 0x00, 0x00, 0x00, 0x00, 0x00, 0x00, 0x00, 0x00, 0x00, 0x00, 0x00, 0x00, 0x00, 0x00, 0x00, 0x00, 0x00,
    0x00, 0x00, 0x00, 0x00, 0x00, 0x00, 0x00, 0x00, 0x00, 0x00, 0x00, 0x00, 0x00, 0x00, 0x00, 0x00, 0x00, 0x00, 0x00, 0x00, 0x00, 0x00, 0x00, 0x00,
    0x00, 0x00, 0x00, 0x00, 0x00, 0x00, 0x00, 0x00, 0x00, 0x00, 0x00, 0x00, 0x00, 0x00, 0x00, 0x00, 0x00, 0x00, 0x00, 0x00, 0x00, 0x00, 0x00, 0x00,
    0x00, 0x00, 0x00, 0x00, 0x00, 0x00, 0x00, 0x00, 0x00, 0x00, 0x00, 0x00, 0x00, 0x00, 0x00, 0x00, 0x00, 0x00, 0x00, 0x00, 0x00, 0x00, 0x00, 0x00,
    0x00, 0x00, 0x00, 0x00, 0x00, 0x00, 0x00, 0x00, 0x00, 0x00, 0x00, 0x00, 0x00, 0x00, 0x00, 0x00, 0x00, 0x00, 0x00, 0x00, 0x00, 0x00, 0x00, 0x00,
    0x00, 0x00, 0x00, 0x00, 0x00, 0x00, 0x00, 0x00, 0x00, 0x00, 0x00, 0x00, 0x00, 0x00, 0x00, 0x00, 0x00, 0x00, 0x00, 0x00, 0x00, 0x00, 0x00, 0x00,
    0x00, 0x00, 0x00, 0x00, 0x00, 0x00, 0x00, 0x00, 0x00, 0x00, 0x00, 0x00, 0x00, 0x00, 0x00, 0x00, 0x00, 0x00, 0x00, 0x00, 0x00, 0x00, 0x00, 0x00,
    0x00, 0x00, 0x00, 0x00, 0x00, 0x00, 0x00, 0x00, 0x00, 0x00, 0x00, 0x00, 0x00, 0x00, 0x00, 0x00, 0x00, 0x00, 0x00, 0x00, 0x00, 0x00, 0x00, 0x00,
    0x00, 0x00, 0x00, 0x00, 0x00, 0x00, 0x00, 0x00, 0x00, 0x00, 0x3f, 0xff, 0xff, 0xff, 0x40, 0x7f, 0xff, 0xff, 0xff, 0xc0, 0x00, 0x00, 0x00, 0x00,
    0x00, 0x00, 0x00, 0x00, 0x00, 0x00, 0x00, 0x00, 0x0b, 0xf8, 0x00, 0x00, 0x0b, 0xfd, 0x00, 0x00, 0x03, 0xff, 0x00, 0x00, 0x00, 0xff, 0x80, 0x00,
    0x00, 0x7f, 0xd0, 0x00, 0x00, 0x2f, 0xf0, 0x00, 0x00, 0x0b, 0xf4, 0x00, 0x00, 0x01, 0x50, 0x00, 0x00, 0x00, 0x00, 0x00, 0x00, 0x00, 0x00, 0x00,
    0x00, 0x00, 0x00, 0x00, 0x00, 0x00, 0x00, 0x00, 0x00, 0x00, 0x00, 0x00, 0x00, 0x00, 0x00, 0x00, 0x00, 0x00, 0x00, 0x00, 0x00, 0x00, 0x00, 0x00,
    0x00, 0x00, 0x00, 0x00, 0x00, 0x00, 0x00, 0x00, 0x00, 0x00, 0x00, 0x00, 0x00, 0x00, 0x00, 0x00, 0x00, 0x00, 0x00, 0x00, 0x00, 0x00, 0x00, 0x00,
    0x00, 0x00, 0x00, 0x00, 0x00, 0x00, 0x00, 0x00, 0x00, 0x00, 0x00, 0x00, 0x00, 0x00, 0x00, 0x00, 0x00, 0x00, 0x00, 0x00, 0x00, 0x00, 0x00, 0x00,
    0x00, 0x00, 0x00, 0x00, 0x00, 0x00, 0x00, 0x00, 0x00, 0x00, 0x00, 0x00, 0x00, 0x00, 0x00, 0x00, 0x00, 0x00, 0x00, 0x00, 0x00, 0x00, 0x00, 0x00,
    0x00, 0x00, 0x00, 0x00, 0x00, 0x00, 0x00, 0x00, 0x00, 0x00, 0x00, 0x00, 0x00, 0x00, 0x00, 0x00, 0x00, 0x00, 0x00, 0x00, 0x00, 0x00, 0x00, 0x00,
    0x00, 0x00, 0x00, 0x00, 0x00, 0x00, 0x00, 0x00, 0x00, 0x00, 0x00, 0x00, 0x00, 0x00, 0x00, 0x1a, 0xe9, 0x00, 0x00, 0x02, 0xff, 0xff, 0xd0, 0x00,
    0x07, 0xff, 0xff, 0xf4, 0x00, 0x07, 0xff, 0xff, 0xfc, 0x00, 0x07, 0xfe, 0xaf, 0xfd, 0x00, 0x02, 0x80, 0x03, 0xfe, 0x00, 0x00, 0x00, 0x57, 0xff,
    0x00, 0x00, 0x6f, 0xff, 0xff, 0x00, 0x02, 0xff, 0xff, 0xff, 0x00, 0x07, 0xff, 0xff, 0xff, 0x00, 0x0f, 0xff, 0xff, 0xff, 0x00, 0x0f, 0xf8, 0x01,
    0xff, 0x00, 0x1f, 0xf0, 0x02, 0xff, 0x00, 0x1f, 0xf0, 0x03, 0xff, 0x00, 0x1f, 0xf8, 0x0f, 0xff, 0x00, 0x0f, 0xff, 0xff, 0xff, 0x00, 0x0b, 0xff,
    0xff, 0xff, 0x00, 0x03, 0xff, 0xff, 0xff, 0x00, 0x00, 0xbf, 0xfd, 0xff, 0x00, 0x00, 0x05, 0x40, 0x00, 0x00, 0x00, 0x00, 0x00, 0x00, 0x00, 0x00,
    0x00, 0x00, 0x00, 0x00, 0x00, 0x00, 0x00, 0x00, 0x00, 0x00, 0x00, 0x00, 0x00, 0x00, 0x00, 0x00, 0x00, 0x00, 0x00, 0x00, 0x00, 0x00, 0x00, 0x00,
    0x00, 0x00, 0x00, 0x00, 0x00, 0x00, 0x00, 0x00, 0x00, 0x00, 0x03, 0xf4, 0x00, 0x00, 0x00, 0x0b, 0xfc, 0x00, 0x00, 0x00, 0x0b, 0xfc, 0x00, 0x00,
    0x00, 0x0b, 0xfc, 0x00, 0x00, 0x00, 0x0b, 0xfc, 0x00, 0x00, 0x00, 0x0b, 0xfc, 0x00, 0x00, 0x00, 0x0b, 0xfc, 0x6e, 0x40, 0x00, 0x0b, 0xff, 0xff,
    0xf4, 0x00, 0x0b, 0xff, 0xff, 0xfd, 0x00, 0x0b, 0xff, 0xff, 0xff, 0x00, 0x0b, 0xff, 0xeb, 0xff, 0x80, 0x0b, 0xff, 0x00, 0xff, 0xc0, 0x0b, 0xfd,
    0x00, 0x7f, 0xd0, 0x0b, 0xfc, 0x00, 0x3f, 0xd0, 0x0b, 0xfc, 0x00, 0x3f, 0xe0, 0x0b, 0xfc, 0x00, 0x3f, 0xe0, 0x0b, 0xfc, 0x00, 0x3f, 0xe0, 0x0b,
    0xfc, 0x00, 0x3f, 0xe0, 0x0b, 0xfc, 0x00, 0x3f, 0xd0, 0x0b, 0xfe, 0x00, 0xbf, 0xc0, 0x0b, 0xff, 0x41, 0xff, 0xc0, 0x0b, 0xff, 0xff, 0xff, 0x40,
    0x0b, 0xff, 0xff, 0xff, 0x00, 0x0b, 0xff, 0xff, 0xfc, 0x00, 0x07, 0xfa, 0xff, 0xe0, 0x00, 0x00, 0x00, 0x15, 0x00, 0x00, 0x00, 0x00, 0x00, 0x00,
    0x00, 0x00, 0x00, 0x00, 0x00, 0x00, 0x00, 0x00, 0x00, 0x00, 0x00, 0x00, 0x00, 0x00, 0x00, 0x00, 0x00, 0x00, 0x00, 0x00, 0x00, 0x00, 0x00, 0x00,
    0x00, 0x00, 0x00, 0x00, 0x00, 0x00, 0x00, 0x00, 0x00, 0x00, 0x00, 0x00, 0x00, 0x00, 0x00, 0x00, 0x00, 0x00, 0x00, 0x00, 0x00, 0x00, 0x00, 0x00,
    0x00, 0x00, 0x00, 0x00, 0x00, 0x00, 0x00, 0x00, 0x00, 0x00, 0x00, 0x00, 0x00, 0x00, 0x00, 0x00, 0x00, 0x00, 0x00, 0x01, 0xbe, 0x40, 0x00, 0x00,
    0x2f, 0xff, 0xf8, 0x00, 0x00, 0xff, 0xff, 0xfc, 0x00, 0x02, 0xff, 0xff, 0xfc, 0x00, 0x07, 0xff, 0xea, 0xfc, 0x00, 0x0f, 0xfd, 0x00, 0x28, 0x00,
    0x0f, 0xf8, 0x00, 0x00, 0x00, 0x1f, 0xf4, 0x00, 0x00, 0x00, 0x1f, 0xf0, 0x00, 0x00, 0x00, 0x1f, 0xf0, 0x00, 0x00, 0x00, 0x1f, 0xf0, 0x00, 0x00,
    0x00, 0x1f, 0xf0, 0x00, 0x00, 0x00, 0x0f, 0xf4, 0x00, 0x00, 0x00, 0x0f, 0xfc, 0x00, 0x00, 0x00, 0x0b, 0xfe, 0x00, 0x7c, 0x00, 0x03, 0xff, 0xff,
    0xfc, 0x00, 0x01, 0xff, 0xff, 0xfc, 0x00, 0x00, 0xbf, 0xff, 0xfc, 0x00, 0x00, 0x1f, 0xff, 0xe4, 0x00, 0x00, 0x00, 0x55, 0x00, 0x00, 0x00, 0x00,
    0x00, 0x00, 0x00, 0x00, 0x00, 0x00, 0x00, 0x00, 0x00, 0x00, 0x00, 0x00, 0x00, 0x00, 0x00, 0x00, 0x00, 0x00, 0x00, 0x00, 0x00, 0x00, 0x00, 0x00,
    0x00, 0x00, 0x00, 0x00, 0x00, 0x00, 0x00, 0x00, 0x00, 0x00, 0x00, 0x00, 0x00, 0x00, 0x00, 0x00, 0x00, 0x7f, 0x40, 0x00, 0x00, 0x00, 0xbf, 0x80,
    0x00, 0x00, 0x00, 0xbf, 0x80, 0x00, 0x00, 0x00, 0xbf, 0x80, 0x00, 0x00, 0x00, 0xbf, 0x80, 0x00, 0x00, 0x00, 0xbf, 0x80, 0x00, 0x06, 0xe4, 0xbf,
    0x80, 0x00, 0x7f, 0xff, 0xff, 0x80, 0x00, 0xff, 0xff, 0xff, 0x80, 0x03, 0xff, 0xff, 0xff, 0x80, 0x07, 0xff, 0xaf, 0xff, 0x80, 0x0f, 0xfc, 0x03,
    0xff, 0x80, 0x0f, 0xf8, 0x01, 0xff, 0x80, 0x1f, 0xf0, 0x00, 0xff, 0x80, 0x1f, 0xf0, 0x00, 0xff, 0x80, 0x1f, 0xf0, 0x00, 0xff, 0x80, 0x1f, 0xf0,
    0x00, 0xff, 0x80, 0x1f, 0xf0, 0x00, 0xff, 0x80, 0x1f, 0xf4, 0x00, 0xff, 0x80, 0x0f, 0xf8, 0x01, 0xff, 0x80, 0x0b, 0xfd, 0x07, 0xff, 0x80, 0x07,
    0xff, 0xff, 0xff, 0x80, 0x02, 0xff, 0xff, 0xff, 0x80, 0x00, 0xff, 0xff, 0xff, 0x80, 0x00, 0x2f, 0xfe, 0xbf, 0x40, 0x00, 0x01, 0x50, 0x00, 0x00,
    0x00, 0x00, 0x00, 0x00, 0x00, 0x00, 0x00, 0x00, 0x00, 0x00, 0x00, 0x00, 0x00, 0x00, 0x00, 0x00, 0x00, 0x00, 0x00, 0x00, 0x00, 0x00, 0x00, 0x00,
    0x00, 0x00, 0x00, 0x00, 0x00, 0x00, 0x00, 0x00, 0x00, 0x00, 0x00, 0x00, 0x00, 0x00, 0x00, 0x00, 0x00, 0x00, 0x00, 0x00, 0x00, 0x00, 0x00, 0x00,
    0x00, 0x00, 0x00, 0x00, 0x00, 0x00, 0x00, 0x00, 0x00, 0x00, 0x00, 0x00, 0x00, 0x00, 0x00, 0x00, 0x00, 0x00, 0x00, 0x00, 0x00, 0x00, 0x00, 0x01,
    0xba, 0x40, 0x00, 0x00, 0x2f, 0xff, 0xe0, 0x00, 0x00, 0xff, 0xff, 0xfc, 0x00, 0x02, 0xff, 0xff, 0xfe, 0x00, 0x07, 0xff, 0xab, 0xff, 0x40, 0x0b,
    0xfd, 0x00, 0xff, 0x80, 0x0f, 0xf8, 0x00, 0xbf, 0xc0, 0x1f, 0xfe, 0xaa, 0xff, 0xc0, 0x1f, 0xff, 0xff, 0xff, 0xc0, 0x1f, 0xff, 0xff, 0xff, 0xc0,
    0x1f, 0xff, 0xff, 0xff, 0xc0, 0x1f, 0xf9, 0x55, 0x55, 0x40, 0x0f, 0xf4, 0x00, 0x00, 0x00, 0x0f, 0xfc, 0x00, 0x01, 0x00, 0x0b, 0xff, 0x00, 0x1f,
    0x80, 0x03, 0xff, 0xff, 0xff, 0x80, 0x01, 0xff, 0xff, 0xff, 0x80, 0x00, 0x7f, 0xff, 0xff, 0x40, 0x00, 0x0b, 0xff, 0xf9, 0x00, 0x00, 0x00, 0x55,
    0x00, 0x00, 0x00, 0x00, 0x00, 0x00, 0x00, 0x00, 0x00, 0x00, 0x00, 0x00, 0x00, 0x00, 0x00, 0x00, 0x00, 0x00, 0x00, 0x00, 0x00, 0x00, 0x00, 0x00,
    0x00, 0x00, 0x00, 0x00, 0x00, 0x00, 0x00, 0x00, 0x00, 0x00, 0x00, 0x00, 0x00, 0x00, 0x00, 0x06, 0xfe, 0x00, 0x00, 0x7f, 0xff, 0x00, 0x00, 0xff,
    0xff, 0x00, 0x02, 0xff, 0xff, 0x00, 0x03, 0xff, 0x54, 0x00, 0x03, 0xfd, 0x00, 0x00, 0x17, 0xfe, 0x54, 0x00, 0x7f, 0xff, 0xfd, 0x00, 0x7f, 0xff,
    0xfd, 0x00, 0x7f, 0xff, 0xfd, 0x00, 0x2b, 0xff, 0xa8, 0x00, 0x03, 0xfd, 0x00, 0x00, 0x03, 0xfd, 0x00, 0x00, 0x03, 0xfd, 0x00, 0x00, 0x03, 0xfd,
    0x00, 0x00, 0x03, 0xfd, 0x00, 0x00, 0x03, 0xfd, 0x00, 0x00, 0x03, 0xfd, 0x00, 0x00, 0x03, 0xfd, 0x00, 0x00, 0x03, 0xfd, 0x00, 0x00, 0x03, 0xfd,
    0x00, 0x00, 0x03, 0xfd, 0x00, 0x00, 0x03, 0xfd, 0x00, 0x00, 0x03, 0xfd, 0x00, 0x00, 0x03, 0xfc, 0x00, 0x00, 0x00, 0x00, 0x00, 0x00, 0x00, 0x00,
    0x00, 0x00, 0x00, 0x00, 0x00, 0x00, 0x00, 0x00, 0x00, 0x00, 0x00, 0x00, 0x00, 0x00, 0x00, 0x00, 0x00, 0x00, 0x00, 0x00, 0x00, 0x00, 0x00, 0x00,
    0x00, 0x00, 0x00, 0x00, 0x00, 0x00, 0x00, 0x00, 0x00, 0x00, 0x00, 0x00, 0x00, 0x00, 0x00, 0x00, 0x00, 0x00, 0x00, 0x00, 0x00, 0x00, 0x00, 0x00,
    0x00, 0x00, 0x00, 0x00, 0x00, 0x00, 0x00, 0x00, 0x00, 0x00, 0x00, 0x00, 0x00, 0x00, 0x00, 0x00, 0x00, 0x06, 0xe4, 0x15, 0x00, 0x00, 0x7f, 0xff,
    0xff, 0x80, 0x01, 0xff, 0xff, 0xff, 0x80, 0x03, 0xff, 0xff, 0xff, 0x80, 0x0b, 0xff, 0xaf, 0xff, 0x80, 0x0f, 0xfc, 0x03, 0xff, 0x80, 0x0f, 0xf4,
    0x00, 0xff, 0x80, 0x1f, 0xf0, 0x00, 0xff, 0x80, 0x1f, 0xf0, 0x00, 0xff, 0x80, 0x1f, 0xf0, 0x00, 0xbf, 0x80, 0x1f, 0xf0, 0x00, 0xff, 0x80, 0x1f,
    0xf0, 0x00, 0xff, 0x80, 0x0f, 0xf4, 0x00, 0xff, 0x80, 0x0f, 0xfc, 0x02, 0xff, 0x80, 0x0b, 0xff, 0x5b, 0xff, 0x80, 0x03, 0xff, 0xff, 0xff, 0x80,
    0x01, 0xff, 0xff, 0xff, 0x80, 0x00, 0xbf, 0xff, 0xff, 0x80, 0x00, 0x0b, 0xf9, 0xff, 0x40, 0x00, 0x00, 0x01, 0xff, 0x40, 0x02, 0xf4, 0x07, 0xff,
    0x00, 0x03, 0xff, 0xff, 0xfe, 0x00, 0x02, 0xff, 0xff, 0xfc, 0x00, 0x02, 0xff, 0xff, 0xf0, 0x00, 0x00, 0x00, 0x00, 0x00, 0x00, 0x00, 0x00, 0x00,
    0x00, 0x00, 0x00, 0x00, 0x00, 0x00, 0x00, 0x00, 0x00, 0x00, 0x00, 0x00, 0x03, 0xf4, 0x00, 0x00, 0x00, 0x0b, 0xfc, 0x00, 0x00, 0x00, 0x0b, 0xfc,
    0x00, 0x00, 0x00, 0x0b, 0xfc, 0x00, 0x00, 0x00, 0x0b, 0xfc, 0x00, 0x00, 0x00, 0x0b, 0xfc, 0x00, 0x00, 0x00, 0x0b, 0xfc, 0x6e, 0x80, 0x00, 0x0b,
    0xff, 0xff, 0xf4, 0x00, 0x0b, 0xff, 0xff, 0xfd, 0x00, 0x0b, 0xff, 0xff, 0xff, 0x00, 0x0b, 0xff, 0xeb, 0xff, 0x40, 0x0b, 0xff, 0x00, 0xff, 0x80,
    0x0b, 0xfd, 0x00, 0xff, 0x80, 0x0b, 0xfc, 0x00, 0xbf, 0xc0, 0x0b, 0xfc, 0x00, 0xbf, 0xc0, 0x0b, 0xfc, 0x00, 0xbf, 0xc0, 0x0b, 0xfc, 0x00, 0xbf,
    0xc0, 0x0b, 0xfc, 0x00, 0xbf, 0xc0, 0x0b, 0xfc, 0x00, 0xbf, 0xc0, 0x0b, 0xfc, 0x00, 0xbf, 0xc0, 0x0b, 0xfc, 0x00, 0xbf, 0xc0, 0x0b, 0xfc, 0x00,
    0xbf, 0xc0, 0x0b, 0xfc, 0x00, 0xbf, 0xc0, 0x0b, 0xfc, 0x00, 0xbf, 0xc0, 0x07, 0xf8, 0x00, 0x7f, 0x80, 0x00, 0x00, 0x00, 0x00, 0x00, 0x00, 0x00,
    0x00, 0x00, 0x00, 0x00, 0x00, 0x00, 0x00, 0x00, 0x00, 0x00, 0x00, 0x00, 0x00, 0x00, 0x00, 0x00, 0x00, 0x00, 0x00, 0x00, 0x00, 0x00, 0x00, 0x00,
    0x00, 0x00, 0x00, 0x00, 0x00, 0x00, 0x02, 0xf4, 0x00, 0x07, 0xfc, 0x00, 0x07, 0xfc, 0x00, 0x07, 0xfc, 0x00, 0x07, 0xfc, 0x00, 0x02, 0xa4, 0x00,
    0x01, 0x50, 0x00, 0x07, 0xfc, 0x00, 0x07, 0xfc, 0x00, 0x07, 0xfc, 0x00, 0x07, 0xfc, 0x00, 0x07, 0xfc, 0x00, 0x07, 0xfc, 0x00, 0x07, 0xfc, 0x00,
    0x07, 0xfc, 0x00, 0x07, 0xfc, 0x00, 0x07, 0xfc, 0x00, 0x07, 0xfc, 0x00, 0x07, 0xfc, 0x00, 0x07, 0xfc, 0x00, 0x07, 0xfc, 0x00, 0x07, 0xfc, 0x00,
    0x07, 0xfc, 0x00, 0x07, 0xfc, 0x00, 0x03, 0xf8, 0x00, 0x00, 0x00, 0x00, 0x00, 0x00, 0x00, 0x00, 0x00, 0x00, 0x00, 0x00, 0x00, 0x00, 0x00, 0x00,
    0x00, 0x00, 0x00, 0x00, 0x00, 0x00, 0x00, 0x00, 0x00, 0x00, 0x00, 0x00, 0x00, 0xbd, 0x00, 0x01, 0xff, 0x00, 0x01, 0xff, 0x00, 0x01, 0xff, 0x00,
    0x01, 0xff, 0x00, 0x00, 0xa9, 0x00, 0x00, 0x54, 0x00, 0x01, 0xff, 0x00, 0x01, 0xff, 0x00, 0x01, 0xff, 0x00, 0x01, 0xff, 0x00, 0x01, 0xff, 0x00,
    0x01, 0xff, 0x00, 0x01, 0xff, 0x00, 0x01, 0xff, 0x00, 0x01, 0xff, 0x00, 0x01, 0xff, 0x00, 0x01, 0xff, 0x00, 0x01, 0xff, 0x00, 0x01, 0xff, 0x00,
    0x01, 0xff, 0x00, 0x01, 0xff, 0x00, 0x01, 0xff, 0x00, 0x01, 0xff, 0x00, 0x01, 0xff, 0x00, 0x02, 0xff, 0x00, 0x02, 0xff, 0x00, 0x7f, 0xfe, 0x00,
    0x7f, 0xfc, 0x00, 0x7f, 0xf8, 0x00, 0x00, 0x00, 0x00, 0x00, 0x00, 0x00, 0x00, 0x00, 0x00, 0x00, 0x00, 0x00, 0x00, 0x00, 0x00, 0x00, 0x00, 0x00,
    0x00, 0x00, 0x03, 0xf4, 0x00, 0x00, 0x00, 0x0b, 0xfc, 0x00, 0x00, 0x00, 0x0b, 0xfc, 0x00, 0x00, 0x00, 0x0b, 0xfc, 0x00, 0x00, 0x00, 0x0b, 0xfc,
    0x00, 0x00, 0x00, 0x0b, 0xfc, 0x00, 0x00, 0x00, 0x0b, 0xfc, 0x00, 0x15, 0x40, 0x0b, 0xfc, 0x01, 0xff, 0xc0, 0x0b, 0xfc, 0x07, 0xff, 0x80, 0x0b,
    0xfc, 0x1f, 0xfe, 0x00, 0x0b, 0xfc, 0x7f, 0xf8, 0x00, 0x0b, 0xfd, 0xff, 0xe0, 0x00, 0x0b, 0xff, 0xff, 0x80, 0x00, 0x0b, 0xff, 0xfe, 0x00, 0x00,
    0x0b, 0xff, 0xf8, 0x00, 0x00, 0x0b, 0xff, 0xf0, 0x00, 0x00, 0x0b, 0xff, 0xfc, 0x00, 0x00, 0x0b, 0xff, 0xff, 0x00, 0x00, 0x0b, 0xff, 0xff, 0xc0,
    0x00, 0x0b, 0xfc, 0xff, 0xe0, 0x00, 0x0b, 0xfc, 0x7f, 0xf8, 0x00, 0x0b, 0xfc, 0x1f, 0xfe, 0x00, 0x0b, 0xfc, 0x07, 0xff, 0x80, 0x0b, 0xfc, 0x01,
    0xff, 0xd0, 0x07, 0xf8, 0x00, 0x7f, 0xd0, 0x00, 0x00, 0x00, 0x00, 0x00, 0x00, 0x00, 0x00, 0x00, 0x00, 0x00, 0x00, 0x00, 0x00, 0x00, 0x00, 0x00,
    0x00, 0x00, 0x00, 0x00, 0x00, 0x00, 0x00, 0x00, 0x00, 0x00, 0x00, 0x00, 0x00, 0x00, 0x00, 0x00, 0x00, 0x00, 0x00, 0x00, 0x02, 0xf4, 0x00, 0x07,
    0xfc, 0x00, 0x07, 0xfc, 0x00, 0x07, 0xfc, 0x00, 0x07, 0xfc, 0x00, 0x07, 0xfc, 0x00, 0x07, 0xfc, 0x00, 0x07, 0xfc, 0x00, 0x07, 0xfc, 0x00, 0x07,
    0xfc, 0x00, 0x07, 0xfc, 0x00, 0x07, 0xfc, 0x00, 0x07, 0xfc, 0x00, 0x07, 0xfc, 0x00, 0x07, 0xfc, 0x00, 0x07, 0xfc, 0x00, 0x07, 0xfc, 0x00, 0x07,
    0xfc, 0x00, 0x07, 0xfc, 0x00, 0x07, 0xfc, 0x00, 0x07, 0xfc, 0x00, 0x07, 0xfc, 0x00, 0x07, 0xfc, 0x00, 0x07, 0xfc, 0x00, 0x03, 0xf8, 0x00, 0x00,
    0x00, 0x00, 0x00, 0x00, 0x00, 0x00, 0x00, 0x00, 0x00, 0x00, 0x00, 0x00, 0x00, 0x00, 0x00, 0x00, 0x00, 0x00, 0x00, 0x00, 0x00, 0x00, 0x00, 0x00,
    0x00, 0x00, 0x00, 0x00, 0x00, 0x00, 0x00, 0x00, 0x00, 0x00, 0x00, 0x00, 0x00, 0x00, 0x00, 0x00, 0x00, 0x00, 0x00, 0x00, 0x00, 0x00, 0x00, 0x00,
    0x00, 0x00, 0x00, 0x00, 0x00, 0x00, 0x00, 0x00, 0x00, 0x00, 0x00, 0x00, 0x00, 0x00, 0x00, 0x00, 0x00, 0x00, 0x00, 0x00, 0x00, 0x00, 0x00, 0x00,
    0x00, 0x00, 0x00, 0x00, 0x00, 0x00, 0x00, 0x00, 0x00, 0x00, 0x00, 0x00, 0x01, 0x50, 0x6e, 0x40, 0x0a, 0xe4, 0x00, 0x07, 0xff, 0xff, 0xf0, 0xbf,
    0xfe, 0x00, 0x0b, 0xff, 0xff, 0xff, 0xff, 0xff, 0x80, 0x0b, 0xff, 0xff, 0xff, 0xff, 0xff, 0xc0, 0x0b, 0xff, 0xeb, 0xff, 0xfe, 0xff, 0xe0, 0x0b,
    0xff, 0x01, 0xff, 0xd0, 0x3f, 0xf0, 0x0b, 0xfd, 0x00, 0xff, 0xc0, 0x2f, 0xf0, 0x0b, 0xfc, 0x00, 0xff, 0x80, 0x1f, 0xf0, 0x0b, 0xfc, 0x00, 0xff,
    0x40, 0x1f, 0xf0, 0x0b, 0xfc, 0x00, 0xff, 0x40, 0x1f, 0xf0, 0x0b, 0xfc, 0x00, 0xff, 0x40, 0x1f, 0xf0, 0x0b, 0xfc, 0x00, 0xff, 0x40, 0x1f, 0xf0,
    0x0b, 0xfc, 0x00, 0xff, 0x40, 0x1f, 0xf0, 0x0b, 0xfc, 0x00, 0xff, 0x40, 0x1f, 0xf0, 0x0b, 0xfc, 0x00, 0xff, 0x40, 0x1f, 0xf0, 0x0b, 0xfc, 0x00,
    0xff, 0x40, 0x1f, 0xf0, 0x0b, 0xfc, 0x00, 0xff, 0x40, 0x1f, 0xf0, 0x0b, 0xfc, 0x00, 0xff, 0x40, 0x1f, 0xf0, 0x07, 0xf8, 0x00, 0xbf, 0x00, 0x0f,
    0xe0, 0x00, 0x00, 0x00, 0x00, 0x00, 0x00, 0x00, 0x00, 0x00, 0x00, 0x00, 0x00, 0x00, 0x00, 0x00, 0x00, 0x00, 0x00, 0x00, 0x00, 0x00, 0x00, 0x00,
    0x00, 0x00, 0x00, 0x00, 0x00, 0x00, 0x00, 0x00, 0x00, 0x00, 0x00, 0x00, 0x00, 0x00, 0x00, 0x00, 0x00, 0x00, 0x00, 0x00, 0x00, 0x00, 0x00, 0x00,
    0x00, 0x00, 0x00, 0x00, 0x00, 0x00, 0x00, 0x00, 0x00, 0x00, 0x00, 0x00, 0x00, 0x00, 0x00, 0x00, 0x00, 0x00, 0x00, 0x00, 0x00, 0x00, 0x00, 0x00,
    0x00, 0x00, 0x00, 0x00, 0x00, 0x00, 0x00, 0x00, 0x00, 0x00, 0x00, 0x00, 0x00, 0x00, 0x01, 0x50, 0x6e, 0x80, 0x00, 0x07, 0xff, 0xff, 0xf4, 0x00,
    0x0b, 0xff, 0xff, 0xfd, 0x00, 0x0b, 0xff, 0xff, 0xff, 0x00, 0x0b, 0xff, 0xeb, 0xff, 0x40, 0x0b, 0xff, 0x00, 0xff, 0x80, 0x0b, 0xfd, 0x00, 0xff,
    0x80, 0x0b, 0xfc, 0x00, 0xbf, 0xc0, 0x0b, 0xfc, 0x00, 0xbf, 0xc0, 0x0b, 0xfc, 0x00, 0xbf, 0xc0, 0x0b, 0xfc, 0x00, 0xbf, 0xc0, 0x0b, 0xfc, 0x00,
    0xbf, 0xc0, 0x0b, 0xfc, 0x00, 0xbf, 0xc0, 0x0b, 0xfc, 0x00, 0xbf, 0xc0, 0x0b, 0xfc, 0x00, 0xbf, 0xc0, 0x0b, 0xfc, 0x00, 0xbf, 0xc0, 0x0b, 0xfc,
    0x00, 0xbf, 0xc0, 0x0b, 0xfc, 0x00, 0xbf, 0xc0, 0x07, 0xf8, 0x00, 0x7f, 0x80, 0x00, 0x00, 0x00, 0x00, 0x00, 0x00, 0x00, 0x00, 0x00, 0x00, 0x00,
    0x00, 0x00, 0x00, 0x00, 0x00, 0x00, 0x00, 0x00, 0x00, 0x00, 0x00, 0x00, 0x00, 0x00, 0x00, 0x00, 0x00, 0x00, 0x00, 0x00, 0x00, 0x00, 0x00, 0x00,
    0x00, 0x00, 0x00, 0x00, 0x00, 0x00, 0x00, 0x00, 0x00, 0x00, 0x00, 0x00, 0x00, 0x00, 0x00, 0x00, 0x00, 0x00, 0x00, 0x00, 0x00, 0x00, 0x00, 0x00,
    0x00, 0x00, 0x00, 0x00, 0x00, 0x00, 0x00, 0x00, 0x00, 0x00, 0x00, 0x00, 0x00, 0x00, 0x00, 0x00, 0x00, 0x06, 0xb9, 0x00, 0x00, 0x00, 0x3f, 0xff,
    0xe0, 0x00, 0x00, 0xff, 0xff, 0xf8, 0x00, 0x03, 0xff, 0xff, 0xfd, 0x00, 0x07, 0xff, 0xaf, 0xff, 0x00, 0x0f, 0xfc, 0x02, 0xff, 0x40, 0x0f, 0xf8,
    0x00, 0xff, 0x80, 0x1f, 0xf4, 0x00, 0xff, 0xc0, 0x1f, 0xf0, 0x00, 0xbf, 0xc0, 0x1f, 0xf0, 0x00, 0xbf, 0xc0, 0x1f, 0xf0, 0x00, 0xbf, 0xc0, 0x1f,
    0xf0, 0x00, 0xbf, 0xc0, 0x1f, 0xf4, 0x00, 0xff, 0xc0, 0x0f, 0xfc, 0x01, 0xff, 0x80, 0x0b, 0xfe, 0x03, 0xff, 0x40, 0x07, 0xff, 0xff, 0xff, 0x00,
    0x02, 0xff, 0xff, 0xfc, 0x00, 0x00, 0xbf, 0xff, 0xf4, 0x00, 0x00, 0x1f, 0xff, 0x80, 0x00, 0x00, 0x00, 0x54, 0x00, 0x00, 0x00, 0x00, 0x00, 0x00,
    0x00, 0x00, 0x00, 0x00, 0x00, 0x00, 0x00, 0x00, 0x00, 0x00, 0x00, 0x00, 0x00, 0x00, 0x00, 0x00, 0x00, 0x00, 0x00, 0x00, 0x00, 0x00, 0x00, 0x00,
    0x00, 0x00, 0x00, 0x00, 0x00, 0x00, 0x00, 0x00, 0x00, 0x00, 0x00, 0x00, 0x00, 0x00, 0x00, 0x00, 0x00, 0x00, 0x00, 0x00, 0x00, 0x00, 0x00, 0x00,
    0x00, 0x00, 0x00, 0x00, 0x00, 0x00, 0x00, 0x00, 0x00, 0x00, 0x00, 0x00, 0x00, 0x00, 0x00, 0x00, 0x00, 0x00, 0x01, 0x50, 0x6e, 0x40, 0x00, 0x07,
    0xff, 0xff, 0xf4, 0x00, 0x0b, 0xff, 0xff, 0xfd, 0x00, 0x0b, 0xff, 0xff, 0xff, 0x00, 0x0b, 0xff, 0xeb, 0xff, 0x80, 0x0b, 0xff, 0x00, 0xff, 0xc0,
    0x0b, 0xfd, 0x00, 0x7f, 0xd0, 0x0b, 0xfc, 0x00, 0x3f, 0xd0, 0x0b, 0xfc, 0x00, 0x3f, 0xe0, 0x0b, 0xfc, 0x00, 0x3f, 0xe0, 0x0b, 0xfc, 0x00, 0x3f,
    0xe0, 0x0b, 0xfc, 0x00, 0x3f, 0xe0, 0x0b, 0xfc, 0x00, 0x3f, 0xd0, 0x0b, 0xfe, 0x00, 0xbf, 0xc0, 0x0b, 0xff, 0x41, 0xff, 0xc0, 0x0b, 0xff, 0xff,
    0xff, 0x40, 0x0b, 0xff, 0xff, 0xff, 0x00, 0x0b, 0xff, 0xff, 0xfc, 0x00, 0x0b, 0xfe, 0xff, 0xe0, 0x00, 0x0b, 0xfc, 0x15, 0x00, 0x00, 0x0b, 0xfc,
    0x00, 0x00, 0x00, 0x0b, 0xfc, 0x00, 0x00, 0x00, 0x0b, 0xfc, 0x00, 0x00, 0x00, 0x0b, 0xfc, 0x00, 0x00, 0x00, 0x00, 0x00, 0x00, 0x00, 0x00, 0x00,
    0x00, 0x00, 0x00, 0x00, 0x00, 0x00, 0x00, 0x00, 0x00, 0x00, 0x00, 0x00, 0x00, 0x00, 0x00, 0x00, 0x00, 0x00, 0x00, 0x00, 0x00, 0x00, 0x00, 0x00,
    0x00, 0x00, 0x00, 0x00, 0x00, 0x00, 0x00, 0x00, 0x00, 0x00, 0x00, 0x00, 0x00, 0x00, 0x00, 0x00, 0x00, 0x00, 0x00, 0x00, 0x00, 0x06, 0xe4, 0x15,
    0x00, 0x00, 0x7f, 0xff, 0xff, 0x80, 0x00, 0xff, 0xff, 0xff, 0x80, 0x03, 0xff, 0xff, 0xff, 0x80, 0x07, 0xff, 0xaf, 0xff, 0x80, 0x0f, 0xfc, 0x03,
    0xff, 0x80, 0x0f, 0xf8, 0x01, 0xff, 0x80, 0x1f, 0xf0, 0x00, 0xff, 0x80, 0x1f, 0xf0, 0x00, 0xff, 0x80, 0x1f, 0xf0, 0x00, 0xff, 0x80, 0x1f, 0xf0,
    0x00, 0xff, 0x80, 0x1f, 0xf0, 0x00, 0xff, 0x80, 0x1f, 0xf4, 0x00, 0xff, 0x80, 0x0f, 0xf8, 0x01, 0xff, 0x80, 0x0b, 0xfd, 0x07, 0xff, 0x80, 0x07,
    0xff, 0xff, 0xff, 0x80, 0x02, 0xff, 0xff, 0xff, 0x80, 0x00, 0xff, 0xff, 0xff, 0x80, 0x00, 0x2f, 0xfe, 0xff, 0x80, 0x00, 0x01, 0x50, 0xbf, 0x80,
    0x00, 0x00, 0x00, 0xbf, 0x80, 0x00, 0x00, 0x00, 0xbf, 0x80, 0x00, 0x00, 0x00, 0xbf, 0x80, 0x00, 0x00, 0x00, 0xbf, 0x80, 0x00, 0x00, 0x00, 0x00,
    0x00, 0x00, 0x00, 0x00, 0x00, 0x00, 0x00, 0x00, 0x00, 0x00, 0x00, 0x00, 0x00, 0x00, 0x00, 0x00, 0x00, 0x00, 0x00, 0x00, 0x00, 0x00, 0x00, 0x00,
    0x00, 0x00, 0x00, 0x00, 0x00, 0x00, 0x00, 0x00, 0x00, 0x00, 0x00, 0x00, 0x01, 0x50, 0x6f, 0x40, 0x07, 0xff, 0xff, 0xc0, 0x0b, 0xff, 0xff, 0xc0,
    0x0b, 0xff, 0xff, 0xc0, 0x0b, 0xff, 0xeb, 0xc0, 0x0b, 0xff, 0x00, 0x00, 0x0b, 0xfd, 0x00, 0x00, 0x0b, 0xfc, 0x00, 0x00, 0x0b, 0xfc, 0x00, 0x00,
    0x0b, 0xfc, 0x00, 0x00, 0x0b, 0xfc, 0x00, 0x00, 0x0b, 0xfc, 0x00, 0x00, 0x0b, 0xfc, 0x00, 0x00, 0x0b, 0xfc, 0x00, 0x00, 0x0b, 0xfc, 0x00, 0x00,
    0x0b, 0xfc, 0x00, 0x00, 0x0b, 0xfc, 0x00, 0x00, 0x0b, 0xfc, 0x00, 0x00, 0x07, 0xf8, 0x00, 0x00, 0x00, 0x00, 0x00, 0x00, 0x00, 0x00, 0x00, 0x00,
    0x00, 0x00, 0x00, 0x00, 0x00, 0x00, 0x00, 0x00, 0x00, 0x00, 0x00, 0x00, 0x00, 0x00, 0x00, 0x00, 0x00, 0x00, 0x00, 0x00, 0x00, 0x00, 0x00, 0x00,
    0x00, 0x00, 0x00, 0x00, 0x00, 0x00, 0x00, 0x00, 0x00, 0x00, 0x00, 0x00, 0x00, 0x00, 0x00, 0x00, 0x00, 0x00, 0x00, 0x00, 0x00, 0x00, 0x00, 0x00,
    0x00, 0x00, 0x00, 0x00, 0x00, 0x1a, 0xe9, 0x00, 0x01, 0xff, 0xff, 0xe0, 0x07, 0xff, 0xff, 0xf0, 0x0f, 0xff, 0xff, 0xf0, 0x1f, 0xfe, 0x6b, 0xf0,
    0x1f, 0xf0, 0x00, 0x50, 0x1f, 0xf0, 0x00, 0x00, 0x1f, 0xff, 0x90, 0x00, 0x0f, 0xff, 0xfe, 0x00, 0x07, 0xff, 0xff, 0xc0, 0x01, 0xff, 0xff, 0xf0,
    0x00, 0x1b, 0xff, 0xf4, 0x00, 0x00, 0x2f, 0xf8, 0x04, 0x00, 0x0f, 0xf8, 0x1f, 0x80, 0x0f, 0xf8, 0x2f, 0xff, 0xff, 0xf4, 0x2f, 0xff, 0xff, 0xf0,
    0x1f, 0xff, 0xff, 0xc0, 0x07, 0xff, 0xfe, 0x00, 0x00, 0x05, 0x50, 0x00, 0x00, 0x00, 0x00, 0x00, 0x00, 0x00, 0x00, 0x00, 0x00, 0x00, 0x00, 0x00,
    0x00, 0x00, 0x00, 0x00, 0x00, 0x00, 0x00, 0x00, 0x00, 0x00, 0x00, 0x00, 0x00, 0x00, 0x00, 0x00, 0x00, 0x00, 0x00, 0x00, 0x00, 0x00, 0x00, 0x00,
    0x00, 0x00, 0x00, 0x00, 0x07, 0xf8, 0x00, 0x00, 0x0b, 0xfc, 0x00, 0x00, 0x0b, 0xfc, 0x00, 0x00, 0x0b, 0xfc, 0x00, 0x00, 0x1b, 0xfd, 0x54, 0x00,
    0x3f, 0xff, 0xff, 0x00, 0x7f, 0xff, 0xff, 0x00, 0x3f, 0xff, 0xff, 0x00, 0x2f, 0xfe, 0xa9, 0x00, 0x0b, 0xfc, 0x00, 0x00, 0x0b, 0xfc, 0x00, 0x00,
    0x0b, 0xfc, 0x00, 0x00, 0x0b, 0xfc, 0x00, 0x00, 0x0b, 0xfc, 0x00, 0x00, 0x0b, 0xfc, 0x00, 0x00, 0x0b, 0xfc, 0x00, 0x00, 0x07, 0xfc, 0x00, 0x00,
    0x07, 0xfc, 0x00, 0x00, 0x07, 0xfd, 0x50, 0x00, 0x03, 0xff, 0xff, 0x00, 0x03, 0xff, 0xff, 0x00, 0x00, 0xff, 0xff, 0x00, 0x00, 0x2f, 0xfe, 0x00,
    0x00, 0x00, 0x00, 0x00, 0x00, 0x00, 0x00, 0x00, 0x00, 0x00, 0x00, 0x00, 0x00, 0x00, 0x00, 0x00, 0x00, 0x00, 0x00, 0x00, 0x00, 0x00, 0x00, 0x00,
    0x00, 0x00, 0x00, 0x00, 0x00, 0x00, 0x00, 0x00, 0x00, 0x00, 0x00, 0x00, 0x00, 0x00, 0x00, 0x00, 0x00, 0x00, 0x00, 0x00, 0x00, 0x00, 0x00, 0x00,
    0x00, 0x00, 0x00, 0x00, 0x00, 0x00, 0x00, 0x00, 0x00, 0x00, 0x00, 0x00, 0x00, 0x00, 0x00, 0x00, 0x00, 0x00, 0x00, 0x00, 0x00, 0x00, 0x01, 0x50,
    0x00, 0x15, 0x00, 0x0b, 0xf8, 0x00, 0xbf, 0x80, 0x0b, 0xf8, 0x00, 0xff, 0x80, 0x0b, 0xf8, 0x00, 0xff, 0x80, 0x0b, 0xf8, 0x00, 0xff, 0x80, 0x0b,
    0xf8, 0x00, 0xff, 0x80, 0x0b, 0xf8, 0x00, 0xff, 0x80, 0x0b, 0xf8, 0x00, 0xff, 0x80, 0x0b, 0xf8, 0x00, 0xff, 0x80, 0x0b, 0xf8, 0x00, 0xff, 0x80,
    0x0b, 0xf8, 0x00, 0xff, 0x80, 0x0b, 0xf8, 0x00, 0xff, 0x80, 0x0b, 0xfc, 0x00, 0xff, 0x80, 0x0b, 0xfc, 0x01, 0xff, 0x80, 0x07, 0xfe, 0x07, 0xff,
    0x80, 0x03, 0xff, 0xff, 0xff, 0x80, 0x02, 0xff, 0xff, 0xff, 0x80, 0x00, 0xff, 0xff, 0xff, 0x80, 0x00, 0x2f, 0xfe, 0xbf, 0x40, 0x00, 0x01, 0x50,
    0x00, 0x00, 0x00, 0x00, 0x00, 0x00, 0x00, 0x00, 0x00, 0x00, 0x00, 0x00, 0x00, 0x00, 0x00, 0x00, 0x00, 0x00, 0x00, 0x00, 0x00, 0x00, 0x00, 0x00,
    0x00, 0x00, 0x00, 0x00, 0x00, 0x00, 0x00, 0x00, 0x00, 0x00, 0x00, 0x00, 0x00, 0x00, 0x00, 0x00, 0x00, 0x00, 0x00, 0x00, 0x00, 0x00, 0x00, 0x00,
    0x00, 0x00, 0x00, 0x00, 0x00, 0x00, 0x00, 0x00, 0x00, 0x00, 0x00, 0x00, 0x00, 0x00, 0x00, 0x00, 0x00, 0x00, 0x00, 0x00, 0x00, 0x00, 0x00, 0x00,
    0x05, 0x40, 0x00, 0x15, 0x00, 0x3f, 0xd0, 0x00, 0x7f, 0xc0, 0x3f, 0xe0, 0x00, 0xff, 0xc0, 0x2f, 0xf0, 0x00, 0xff, 0x80, 0x1f, 0xf4, 0x01, 0xff,
    0x00, 0x0f, 0xf8, 0x03, 0xff, 0x00, 0x0b, 0xfc, 0x03, 0xfe, 0x00, 0x07, 0xfd, 0x07, 0xfc, 0x00, 0x03, 0xfe, 0x0f, 0xfc, 0x00, 0x02, 0xff, 0x0f,
    0xf8, 0x00, 0x00, 0xff, 0x5f, 0xf0, 0x00, 0x00, 0xff, 0xbf, 0xf0, 0x00, 0x00, 0xbf, 0xff, 0xe0, 0x00, 0x00, 0x3f, 0xff, 0xc0, 0x00, 0x00, 0x3f,
    0xff, 0xc0, 0x00, 0x00, 0x2f, 0xff, 0x80, 0x00, 0x00, 0x0f, 0xff, 0x00, 0x00, 0x00, 0x0f, 0xff, 0x00, 0x00, 0x00, 0x07, 0xfd, 0x00, 0x00, 0x00,
    0x00, 0x00, 0x00, 0x00, 0x00, 0x00, 0x00, 0x00, 0x00, 0x00, 0x00, 0x00, 0x00, 0x00, 0x00, 0x00, 0x00, 0x00, 0x00, 0x00, 0x00, 0x00, 0x00, 0x00,
    0x00, 0x00, 0x00, 0x00, 0x00, 0x00, 0x00, 0x00, 0x00, 0x00, 0x00, 0x00, 0x00, 0x00, 0x00, 0x00, 0x00, 0x00, 0x00, 0x00, 0x00, 0x00, 0x00, 0x00,
    0x00, 0x00, 0x00, 0x00, 0x00, 0x00, 0x00, 0x00, 0x00, 0x00, 0x00, 0x00, 0x00, 0x00, 0x00, 0x00, 0x00, 0x00, 0x00, 0x00, 0x00, 0x00, 0x00, 0x00,
    0x00, 0x00, 0x00, 0x00, 0x00, 0x00, 0x00, 0x00, 0x00, 0x00, 0x00, 0x00, 0x05, 0x40, 0x05, 0x50, 0x01, 0x50, 0x3f, 0xe0, 0x1f, 0xf4, 0x07, 0xfc,
    0x2f, 0xf0, 0x2f, 0xf8, 0x0b, 0xfc, 0x1f, 0xf0, 0x3f, 0xfc, 0x0f, 0xf8, 0x0f, 0xf4, 0x3f, 0xfc, 0x0f, 0xf4, 0x0f, 0xf8, 0x7f, 0xfd, 0x1f, 0xf0,
    0x0b, 0xfc, 0xbf, 0xfe, 0x2f, 0xf0, 0x0b, 0xfc, 0xff, 0xff, 0x3f, 0xe0, 0x07, 0xfd, 0xff, 0xff, 0x7f, 0xd0, 0x03, 0xfe, 0xff, 0xff, 0xbf, 0xc0,
    0x03, 0xff, 0xfe, 0xbf, 0xff, 0xc0, 0x02, 0xff, 0xfd, 0x7f, 0xff, 0x80, 0x01, 0xff, 0xfc, 0x3f, 0xff, 0x40, 0x00, 0xff, 0xfc, 0x3f, 0xff, 0x00,
    0x00, 0xff, 0xf8, 0x2f, 0xff, 0x00, 0x00, 0xbf, 0xf4, 0x1f, 0xfe, 0x00, 0x00, 0x7f, 0xf0, 0x0f, 0xfd, 0x00, 0x00, 0x3f, 0xf0, 0x0f, 0xfc, 0x00,
    0x00, 0x2f, 0xe0, 0x0b, 0xfc, 0x00, 0x00, 0x00, 0x00, 0x00, 0x00, 0x00, 0x00, 0x00, 0x00, 0x00, 0x00, 0x00, 0x00, 0x00, 0x00, 0x00, 0x00, 0x00,
    0x00, 0x00, 0x00, 0x00, 0x00, 0x00, 0x00, 0x00, 0x00, 0x00, 0x00, 0x00, 0x00, 0x00, 0x00, 0x00, 0x00, 0x00, 0x00, 0x00, 0x00, 0x00, 0x00, 0x00,
    0x00, 0x00, 0x00, 0x00, 0x00, 0x00, 0x00, 0x00, 0x00, 0x00, 0x00, 0x00, 0x00, 0x00, 0x00, 0x00, 0x00, 0x00, 0x00, 0x00, 0x00, 0x00, 0x00, 0x00,
    0x00, 0x00, 0x00, 0x00, 0x00, 0x00, 0x00, 0x00, 0x00, 0x00, 0x00, 0x00, 0x00, 0x00, 0x05, 0x40, 0x00, 0x15, 0x00, 0x2f, 0xf4, 0x00, 0xff, 0x80,
    0x1f, 0xfc, 0x03, 0xff, 0x40, 0x0b, 0xfe, 0x0b, 0xff, 0x00, 0x03, 0xff, 0x4f, 0xfc, 0x00, 0x01, 0xff, 0xff, 0xf4, 0x00, 0x00, 0xbf, 0xff, 0xe0,
    0x00, 0x00, 0x3f, 0xff, 0xc0, 0x00, 0x00, 0x1f, 0xff, 0x40, 0x00, 0x00, 0x0f, 0xff, 0x00, 0x00, 0x00, 0x1f, 0xff, 0x40, 0x00, 0x00, 0x3f, 0xff,
    0xc0, 0x00, 0x00, 0xbf, 0xff, 0xe0, 0x00, 0x01, 0xff, 0xff, 0xf4, 0x00, 0x03, 0xff, 0x1f, 0xfc, 0x00, 0x0b, 0xfd, 0x0b, 0xfe, 0x00, 0x1f, 0xfc,
    0x03, 0xff, 0x40, 0x3f, 0xf0, 0x01, 0xff, 0xc0, 0x3f, 0xd0, 0x00, 0xbf, 0xc0, 0x00, 0x00, 0x00, 0x00, 0x00, 0x00, 0x00, 0x00, 0x00, 0x00, 0x00,
    0x00, 0x00, 0x00, 0x00, 0x00, 0x00, 0x00, 0x00, 0x00, 0x00, 0x00, 0x00, 0x00, 0x00, 0x00, 0x00, 0x00, 0x00, 0x00, 0x00, 0x00, 0x00, 0x00, 0x00,
    0x00, 0x00, 0x00, 0x00, 0x00, 0x00, 0x00, 0x00, 0x00, 0x00, 0x00, 0x00, 0x00, 0x00, 0x00, 0x00, 0x00, 0x00, 0x00, 0x00, 0x00, 0x00, 0x00, 0x00,
    0x00, 0x00, 0x00, 0x00, 0x00, 0x00, 0x00, 0x00, 0x00, 0x00, 0x00, 0x00, 0x00, 0x00, 0x00, 0x00, 0x05, 0x40, 0x00, 0x15, 0x00, 0x3f, 0xd0, 0x00,
    0x7f, 0xc0, 0x3f, 0xf0, 0x00, 0xff, 0xc0, 0x2f, 0xf0, 0x00, 0xff, 0x80, 0x0f, 0xf4, 0x02, 0xff, 0x00, 0x0f, 0xfc, 0x03, 0xff, 0x00, 0x07, 0xfc,
    0x03, 0xfd, 0x00, 0x03, 0xfe, 0x0b, 0xfc, 0x00, 0x02, 0xff, 0x0f, 0xf8, 0x00, 0x01, 0xff, 0x5f, 0xf4, 0x00, 0x00, 0xff, 0xaf, 0xf0, 0x00, 0x00,
    0xbf, 0xff, 0xe0, 0x00, 0x00, 0x3f, 0xff, 0xd0, 0x00, 0x00, 0x3f, 0xff, 0xc0, 0x00, 0x00, 0x1f, 0xff, 0x80, 0x00, 0x00, 0x0f, 0xff, 0x00, 0x00,
    0x00, 0x0b, 0xff, 0x00, 0x00, 0x00, 0x07, 0xfd, 0x00, 0x00, 0x00, 0x0b, 0xfc, 0x00, 0x00, 0x00, 0x0f, 0xfc, 0x00, 0x00, 0x00, 0x1f, 0xf4, 0x00,
    0x00, 0x0b, 0xff, 0xf0, 0x00, 0x00, 0x0f, 0xff, 0xd0, 0x00, 0x00, 0x0f, 0xff, 0xc0, 0x00, 0x00, 0x00, 0x00, 0x00, 0x00, 0x00, 0x00, 0x00, 0x00,
    0x00, 0x00, 0x00, 0x00, 0x00, 0x00, 0x00, 0x00, 0x00, 0x00, 0x00, 0x00, 0x00, 0x00, 0x00, 0x00, 0x00, 0x00, 0x00, 0x00, 0x00, 0x00, 0x00, 0x00,
    0x00, 0x00, 0x00, 0x00, 0x00, 0x00, 0x00, 0x00, 0x05, 0x55, 0x55, 0x50, 0x1f, 0xff, 0xff, 0xfc, 0x2f, 0xff, 0xff, 0xfc, 0x1f, 0xff, 0xff, 0xfc,
    0x0b, 0xff, 0xff, 0xfc, 0x00, 0x00, 0x7f, 0xf0, 0x00, 0x00, 0xff, 0xd0, 0x00, 0x03, 0xff, 0x80, 0x00, 0x0b, 0xff, 0x00, 0x00, 0x1f, 0xfc, 0x00,
    0x00, 0x3f, 0xf4, 0x00, 0x00, 0xff, 0xe0, 0x00, 0x02, 0xff, 0x80, 0x00, 0x0b, 0xff, 0x00, 0x00, 0x1f, 0xfd, 0x00, 0x00, 0x3f, 0xff, 0xff, 0xfc,
    0x3f, 0xff, 0xff, 0xfc, 0x3f, 0xff, 0xff, 0xfc, 0x2f, 0xff, 0xff, 0xf8, 0x00, 0x00, 0x00, 0x00, 0x00, 0x00, 0x00, 0x00, 0x00, 0x00, 0x00, 0x00,
    0x00, 0x00, 0x00, 0x00, 0x00, 0x00, 0x00, 0x00, 0x00, 0x00, 0x00, 0x00, 0x00, 0x00, 0x00, 0x00, 0x00, 0x00, 0x00, 0x00, 0x00, 0x00, 0x00, 0x00,
    0x00, 0x00, 0x00, 0x00, 0x00, 0x00, 0x06, 0xbd, 0x00, 0x00, 0x00, 0x3f, 0xff, 0x00, 0x00, 0x00, 0xff, 0xff, 0x00, 0x00, 0x00, 0xff, 0xfe, 0x00,
    0x00, 0x01, 0xff, 0x94, 0x00, 0x00, 0x01, 0xff, 0x00, 0x00, 0x00, 0x02, 0xff, 0x00, 0x00, 0x00, 0x02, 0xff, 0x00, 0x00, 0x00, 0x02, 0xff, 0x00,
    0x00, 0x00, 0x02, 0xff, 0x00, 0x00, 0x00, 0x02, 0xff, 0x00, 0x00, 0x00, 0x02, 0xff, 0x00, 0x00, 0x00, 0x03, 0xfe, 0x00, 0x00, 0x01, 0xff, 0xfd,
    0x00, 0x00, 0x02, 0xff, 0xfc, 0x00, 0x00, 0x02, 0xff, 0xfc, 0x00, 0x00, 0x01, 0xff, 0xfd, 0x00, 0x00, 0x00, 0x07, 0xfe, 0x00, 0x00, 0x00, 0x02,
    0xff, 0x00, 0x00, 0x00, 0x02, 0xff, 0x00, 0x00, 0x00, 0x02, 0xff, 0x00, 0x00, 0x00, 0x02, 0xff, 0x00, 0x00, 0x00, 0x02, 0xff, 0x00, 0x00, 0x00,
    0x02, 0xff, 0x00, 0x00, 0x00, 0x01, 0xff, 0x00, 0x00, 0x00, 0x01, 0xff, 0x40, 0x00, 0x00, 0x00, 0xff, 0xfe, 0x00, 0x00, 0x00, 0xff, 0xff, 0x00,
    0x00, 0x00, 0x3f, 0xff, 0x00, 0x00, 0x00, 0x06, 0xfd, 0x00, 0x00, 0x00, 0x00, 0x00, 0x00, 0x00, 0x00, 0x00, 0x00, 0x00, 0x00, 0x00, 0x01, 0xfd,
    0x00, 0x02, 0xfe, 0x00, 0x02, 0xfe, 0x00, 0x02, 0xfe, 0x00, 0x02, 0xfe, 0x00, 0x02, 0xfe, 0x00, 0x02, 0xfe, 0x00, 0x02, 0xfe, 0x00, 0x02, 0xfe,
    0x00, 0x02, 0xfe, 0x00, 0x02, 0xfe, 0x00, 0x02, 0xfe, 0x00, 0x02, 0xfe, 0x00, 0x02, 0xfe, 0x00, 0x02, 0xfe, 0x00, 0x02, 0xfe, 0x00, 0x02, 0xfe,
    0x00, 0x02, 0xfe, 0x00, 0x02, 0xfe, 0x00, 0x02, 0xfe, 0x00, 0x02, 0xfe, 0x00, 0x02, 0xfe, 0x00, 0x02, 0xfe, 0x00, 0x02, 0xfe, 0x00, 0x02, 0xfe,
    0x00, 0x02, 0xfe, 0x00, 0x02, 0xfe, 0x00, 0x02, 0xfe, 0x00, 0x02, 0xfe, 0x00, 0x02, 0xfe, 0x00, 0x00, 0x00, 0x00, 0x00, 0x00, 0x00, 0x00, 0x00,
    0x00, 0x00, 0x00, 0x00, 0x00, 0x00, 0x00, 0x00, 0x00, 0x00, 0x00, 0x00, 0x00, 0xfa, 0x40, 0x00, 0x00, 0x02, 0xff, 0xf0, 0x00, 0x00, 0x02, 0xff,
    0xfc, 0x00, 0x00, 0x02, 0xff, 0xfd, 0x00, 0x00, 0x00, 0x57, 0xfe, 0x00, 0x00, 0x00, 0x03, 0xfe, 0x00, 0x00, 0x00, 0x02, 0xfe, 0x00, 0x00, 0x00,
    0x02, 0xfe, 0x00, 0x00, 0x00, 0x02, 0xfe, 0x00, 0x00, 0x00, 0x02, 0xfe, 0x00, 0x00, 0x00, 0x02, 0xfe, 0x00, 0x00, 0x00, 0x02, 0xff, 0x00, 0x00,
    0x00, 0x02, 0xff, 0x40, 0x00, 0x00, 0x01, 0xff, 0xfe, 0x00, 0x00, 0x00, 0xbf, 0xff, 0x00, 0x00, 0x00, 0xbf, 0xff, 0x00, 0x00, 0x00, 0xff, 0xfe,
    0x00, 0x00, 0x02, 0xff, 0x40, 0x00, 0x00, 0x02, 0xff, 0x00, 0x00, 0x00, 0x02, 0xfe, 0x00, 0x00, 0x00, 0x02, 0xfe, 0x00, 0x00, 0x00, 0x02, 0xfe,
    0x00, 0x00, 0x00, 0x02, 0xfe, 0x00, 0x00, 0x00, 0x02, 0xfe, 0x00, 0x00, 0x00, 0x03, 0xfe, 0x00, 0x00, 0x00, 0x07, 0xfe, 0x00, 0x00, 0x01, 0xff,
    0xfd, 0x00, 0x00, 0x02, 0xff, 0xfc, 0x00, 0x00, 0x02, 0xff, 0xf4, 0x00, 0x00, 0x01, 0xfe, 0x40, 0x00, 0x00, 0x00, 0x00, 0x00, 0x00, 0x00, 0x00,
    0x00, 0x00, 0x00, 0x00, 0x00, 0x00, 0x00, 0x00, 0x00, 0x00, 0x00, 0x00, 0x00, 0x00, 0x00, 0x00, 0x00, 0x00, 0x00, 0x00, 0x00, 0x00, 0x00, 0x00,
    0x00, 0x00, 0x00, 0x00, 0x00, 0x00, 0x00, 0x00, 0x00, 0x00, 0x00, 0x00, 0x00, 0x00, 0x00, 0x00, 0x00, 0x00, 0x00, 0x00, 0x00, 0x00, 0x00, 0x00,
    0x00, 0x00, 0x00, 0x00, 0x00, 0x00, 0x00, 0x00, 0x00, 0x00, 0x00, 0x00, 0x00, 0x00, 0x00, 0x00, 0x00, 0x00, 0x00, 0x00, 0x00, 0x00, 0x00, 0x00,
    0x00, 0x00, 0x00, 0x00, 0x00, 0x00, 0x00, 0x00, 0x00, 0x00, 0x00, 0x00, 0x00, 0x00, 0x00, 0x00, 0x00, 0x00, 0x00, 0x00, 0x00, 0x00, 0x00, 0x00,
    0x00, 0x00, 0x00, 0x00, 0x01, 0xa4, 0x00, 0x00, 0xd0, 0x00, 0x00, 0x2f, 0xff, 0x90, 0x07, 0xf0, 0x00, 0x01, 0xff, 0xff, 0xfe, 0xbf, 0xf0, 0x00,
    0x03, 0xff, 0xff, 0xff, 0xff, 0xe0, 0x00, 0x03, 0xff, 0xff, 0xff, 0xff, 0xd0, 0x00, 0x03, 0xf4, 0x06, 0xff, 0xfe, 0x00, 0x00, 0x03, 0xc0, 0x00,
    0x1b, 0xa0, 0x00, 0x00, 0x00, 0x00, 0x00, 0x00, 0x00, 0x00, 0x00, 0x00, 0x00, 0x00, 0x00, 0x00, 0x00, 0x00, 0x00, 0x00, 0x00, 0x00, 0x00, 0x00,
    0x00, 0x00, 0x00, 0x00, 0x00, 0x00, 0x00, 0x00, 0x00, 0x00, 0x00, 0x00, 0x00, 0x00, 0x00, 0x00, 0x00, 0x00, 0x00, 0x00, 0x00, 0x00, 0x00, 0x00,
    0x00, 0x00, 0x00, 0x00, 0x00, 0x00, 0x00, 0x00, 0x00, 0x00, 0x00, 0x00, 0x00, 0x00, 0x00, 0x00, 0x00, 0x00, 0x00, 0x00, 0x00, 0x00, 0x00, 0x00,
    0x00, 0x00, 0x00, 0x00, 0x00, 0x00, 0x00, 0x00, 0x00, 0x00, 0x00, 0x00, 0x00, 0x00, 0x00, 0x00,
};
static const glyph_t cond32_glyphs[95] = {
    {11, 10, -1, 0}, /* ' ' */
    {13, 12, -1, 102}, /* '!' */
    {14, 13, -1, 238}, /* '"' */
    {25, 24, -1, 374}, /* '#' */
    {19, 18, -1, 612}, /* '$' */
    {28, 27, -1, 782}, /* '%' */
    {23, 22, -1, 1020}, /* '&' */
    {9, 8, -1, 1224}, /* ''' */
    {13, 12, -1, 1326}, /* '(' */
    {13, 12, -1, 1462}, /* ')' */
    {15, 14, -1, 1598}, /* '*' */
    {25, 24, -1, 1734}, /* '+' */
    {11, 10, -1, 1972}, /* ',' */
    {12, 11, -1, 2074}, /* '-' */
    {11, 10, -1, 2176}, /* '.' */
    {12, 10, -1, 2278}, /* '/' */
    {19, 18, -1, 2380}, /* '0' */
    {19, 18, -1, 2550}, /* '1' */
    {19, 18, -1, 2720}, /* '2' */
    {19, 18, -1, 2890}, /* '3' */
    {19, 18, -1, 3060}, /* '4' */
    {19, 18, -1, 3230}, /* '5' */
    {19, 18, -1, 3400}, /* '6' */
    {19, 18, -1, 3570}, /* '7' */
    {19, 18, -1, 3740}, /* '8' */
    {19, 18, -1, 3910}, /* '9' */
    {11, 10, -1, 4080}, /* ':' */
    {11, 10, -1, 4182}, /* ';' */
    {25, 24, -1, 4284}, /* '<' */
    {25, 24, -1, 4522}, /* '=' */
    {25, 24, -1, 4760}, /* '>' */
    {16, 15, -1, 4998}, /* '?' */
    {29, 28, -1, 5134}, /* '@' */
    {21, 19, -1, 5406}, /* 'A' */
    {21, 20, -1, 5610}, /* 'B' */
    {21, 20, -1, 5814}, /* 'C' */
    {23, 22, -1, 6018}, /* 'D' */
    {19, 18, -1, 6222}, /* 'E' */
    {18, 17, -1, 6392}, /* 'F' */
    {23, 22, -1, 6562}, /* 'G' */
    {22, 21, -1, 6766}, /* 'H' */
    {10, 9, -1, 6970}, /* 'I' */
    {12, 9, -3, 7072}, /* 'J' */
    {21, 19, -1, 7174}, /* 'K' */
    {17, 16, -1, 7378}, /* 'L' */
    {25, 24, -1, 7548}, /* 'M' */
    {22, 21, -1, 7786}, /* 'N' */
    {23, 22, -1, 7990}, /* 'O' */
    {18, 17, -1, 8194}, /* 'P' */
    {23, 22, -1, 8364}, /* 'Q' */
    {21, 20, -1, 8568}, /* 'R' */
    {19, 18, -1, 8772}, /* 'S' */
    {20, 17, -2, 8942}, /* 'T' */
    {22, 21, -1, 9112}, /* 'U' */
    {21, 19, -1, 9316}, /* 'V' */
    {29, 28, -1, 9520}, /* 'W' */
    {20, 19, -1, 9792}, /* 'X' */
    {20, 17, -2, 9962}, /* 'Y' */
    {20, 19, -1, 10132}, /* 'Z' */
    {13, 12, -1, 10302}, /* '[' */
    {12, 10, -1, 10438}, /* 'backslash' */
    {13, 12, -1, 10540}, /* ']' */
    {25, 24, -1, 10676}, /* '^' */
    {17, 14, -2, 10914}, /* '_' */
    {15, 14, -1, 11084}, /* '`' */
    {19, 18, -1, 11220}, /* 'a' */
    {19, 18, -1, 11390}, /* 'b' */
    {17, 16, -1, 11560}, /* 'c' */
    {19, 18, -1, 11730}, /* 'd' */
    {19, 18, -1, 11900}, /* 'e' */
    {13, 11, -1, 12070}, /* 'f' */
    {19, 18, -1, 12206}, /* 'g' */
    {19, 18, -1, 12376}, /* 'h' */
    {10, 9, -1, 12546}, /* 'i' */
    {11, 9, -2, 12648}, /* 'j' */
    {18, 17, -1, 12750}, /* 'k' */
    {10, 9, -1, 12920}, /* 'l' */
    {28, 27, -1, 13022}, /* 'm' */
    {19, 18, -1, 13260}, /* 'n' */
    {19, 18, -1, 13430}, /* 'o' */
    {19, 18, -1, 13600}, /* 'p' */
    {19, 18, -1, 13770}, /* 'q' */
    {14, 12, -1, 13940}, /* 'r' */
    {16, 15, -1, 14076}, /* 's' */
    {13, 12, -1, 14212}, /* 't' */
    {19, 18, -1, 14348}, /* 'u' */
    {18, 17, -1, 14518}, /* 'v' */
    {24, 23, -1, 14688}, /* 'w' */
    {18, 17, -1, 14892}, /* 'x' */
    {18, 17, -1, 15062}, /* 'y' */
    {16, 15, -1, 15232}, /* 'z' */
    {19, 18, -1, 15368}, /* '{' */
    {11, 10, -1, 15538}, /* '|' */
    {19, 18, -1, 15640}, /* '}' */
    {25, 24, -1, 15810}, /* '~' */
};
static const font_t cond32 = { cond32_bits, cond32_glyphs, 34, 28 };
static const uint8_t cond40_bits[23730] = {
    0x00, 0x00, 0x00, 0x00, 0x00, 0x00, 0x00, 0x00, 0x00, 0x00, 0x00, 0x00, 0x00, 0x00, 0x00, 0x00, 0x00, 0x00, 0x00, 0x00, 0x00, 0x00, 0x00, 0x00,
    0x00, 0x00, 0x00, 0x00, 0x00, 0x00, 0x00, 0x00, 0x00, 0x00, 0x00, 0x00, 0x00, 0x00, 0x00, 0x00, 0x00, 0x00, 0x00, 0x00, 0x00, 0x00, 0x00, 0x00,
    0x00, 0x00, 0x00, 0x00, 0x00, 0x00, 0x00, 0x00, 0x00, 0x00, 0x00, 0x00, 0x00, 0x00, 0x00, 0x00, 0x00, 0x00, 0x00, 0x00, 0x00, 0x00, 0x00, 0x00,
    0x00, 0x00, 0x00, 0x00, 0x00, 0x00, 0x00, 0x00, 0x00, 0x00, 0x00, 0x00, 0x00, 0x00, 0x00, 0x00, 0x00, 0x00, 0x00, 0x00, 0x00, 0x00, 0x00, 0x00,
    0x00, 0x00, 0x00, 0x00, 0x00, 0x00, 0x00, 0x00, 0x00, 0x00, 0x00, 0x00, 0x00, 0x00, 0x00, 0x00, 0x00, 0x00, 0x00, 0x00, 0x00, 0x00, 0x00, 0x00,
    0x00, 0x00, 0x00, 0x00, 0x00, 0x00, 0x00, 0x00, 0x00, 0x00, 0x00, 0x00, 0x00, 0x00, 0x00, 0x00, 0x00, 0x00, 0x00, 0x00, 0x00, 0x00, 0x00, 0x00,
    0x00, 0x00, 0x00, 0x00, 0x00, 0x00, 0x00, 0x00, 0x00, 0x00, 0x00, 0x00, 0x00, 0x00, 0x00, 0x00, 0x00, 0x00, 0x00, 0x00, 0x00, 0x00, 0x00, 0x00,
    0x00, 0x00, 0x00, 0x00, 0x00, 0x00, 0x00, 0x00, 0x00, 0x00, 0x00, 0x00, 0x00, 0x00, 0x00, 0x00, 0x00, 0x00, 0x00, 0x00, 0x00, 0x00, 0x00, 0x00,
    0x00, 0x00, 0x00, 0x00, 0x00, 0x1a, 0xa0, 0x00, 0x00, 0x3f, 0xf8, 0x00, 0x00, 0x3f, 0xf8, 0x00, 0x00, 0x3f, 0xf8, 0x00, 0x00, 0x3f, 0xf8, 0x00,
    0x00, 0x3f, 0xf8, 0x00, 0x00, 0x3f, 0xf8, 0x00, 0x00, 0x3f, 0xf8, 0x00, 0x00, 0x3f, 0xf8, 0x00, 0x00, 0x3f, 0xf8, 0x00, 0x00, 0x3f, 0xf8, 0x00,
    0x00, 0x3f, 0xf8, 0x00, 0x00, 0x3f, 0xf8, 0x00, 0x00, 0x3f, 0xf8, 0x00, 0x00, 0x3f, 0xf4, 0x00, 0x00, 0x2f, 0xf4, 0x00, 0x00, 0x2f, 0xf4, 0x00,
    0x00, 0x2f, 0xf4, 0x00, 0x00, 0x2f, 0xf4, 0x00, 0x00, 0x2f, 0xf0, 0x00, 0x00, 0x1f, 0xf0, 0x00, 0x00, 0x00, 0x00, 0x00, 0x00, 0x00, 0x00, 0x00,
    0x00, 0x1a, 0xa0, 0x00, 0x00, 0x3f, 0xf8, 0x00, 0x00, 0x3f, 0xf8, 0x00, 0x00, 0x3f, 0xf8, 0x00, 0x00, 0x3f, 0xf8, 0x00, 0x00, 0x3f, 0xf8, 0x00,
    0x00, 0x2f, 0xf4, 0x00, 0x00, 0x00, 0x00, 0x00, 0x00, 0x00, 0x00, 0x00, 0x00, 0x00, 0x00, 0x00, 0x00, 0x00, 0x00, 0x00, 0x00, 0x00, 0x00, 0x00,
    0x00, 0x00, 0x00, 0x00, 0x00, 0x00, 0x00, 0x00, 0x00, 0x00, 0x00, 0x00, 0x00, 0x00, 0x00, 0x00, 0x00, 0x00, 0x00, 0x00, 0x00, 0x00, 0x00, 0x00,
    0x00, 0x00, 0x00, 0x00, 0x00, 0x00, 0x00, 0x00, 0x00, 0x00, 0x00, 0x00, 0xaa, 0x0a, 0xa0, 0x00, 0x02, 0xff, 0x1f, 0xf4, 0x00, 0x02, 0xff, 0x1f,
    0xf4, 0x00, 0x02, 0xff, 0x1f, 0xf4, 0x00, 0x02, 0xff, 0x1f, 0xf4, 0x00, 0x02, 0xff, 0x1f, 0xf4, 0x00, 0x02, 0xff, 0x1f, 0xf4, 0x00, 0x02, 0xff,
    0x1f, 0xf4, 0x00, 0x02, 0xff, 0x1f, 0xf4, 0x00, 0x02, 0xff, 0x1f, 0xf4, 0x00, 0x02, 0xff, 0x1f, 0xf4, 0x00, 0x02, 0xff, 0x1f, 0xf4, 0x00, 0x00,
    0xa9, 0x0a, 0xa0, 0x00, 0x00, 0x00, 0x00, 0x00, 0x00, 0x00, 0x00, 0x00, 0x00, 0x00, 0x00, 0x00, 0x00, 0x00, 0x00, 0x00, 0x00, 0x00, 0x00, 0x00,
    0x00, 0x00, 0x00, 0x00, 0x00, 0x00, 0x00, 0x00, 0x00, 0x00, 0x00, 0x00, 0x00, 0x00, 0x00, 0x00, 0x00, 0x00, 0x00, 0x00, 0x00, 0x00, 0x00, 0x00,
    0x00, 0x00, 0x00, 0x00, 0x00, 0x00, 0x00, 0x00, 0x00, 0x00, 0x00, 0x00, 0x00, 0x00, 0x00, 0x00, 0x00, 0x00, 0x00, 0x00, 0x00, 0x00, 0x00, 0x00,
    0x00, 0x00, 0x00, 0x00, 0x00, 0x00, 0x00, 0x00, 0x00, 0x00, 0x00, 0x00, 0x00, 0x00, 0x00, 0x00, 0x00, 0x00, 0x00, 0x00, 0x00, 0x00, 0x00, 0x00,
    0x00, 0x00, 0x00, 0x00, 0x00, 0x00, 0x00, 0x00, 0x00, 0x00, 0x00, 0x00, 0x00, 0x00, 0x00, 0x00, 0x00, 0x00, 0x00, 0x00, 0x00, 0x00, 0x00, 0x00,
    0x00, 0x00, 0x00, 0x00, 0x00, 0x00, 0x00, 0x00, 0x00, 0x00, 0x00, 0x00, 0x00, 0x00, 0x00, 0x00, 0x00, 0x00, 0x00, 0x00, 0x00, 0x00, 0x00, 0x00,
    0x00, 0x00, 0x00, 0x00, 0x00, 0x00, 0x00, 0x00, 0x00, 0x00, 0x00, 0x00, 0x00, 0x00, 0x00, 0x00, 0x00, 0x00, 0x00, 0x00, 0x00, 0x00, 0x00, 0x00,
    0x00, 0x00, 0x00, 0x00, 0x00, 0x15, 0x00, 0x14, 0x00, 0x00, 0x00, 0x00, 0x00, 0xbf, 0xc0, 0xff, 0x40, 0x00, 0x00, 0x00, 0x00, 0xff, 0xc1, 0xff,
    0x40, 0x00, 0x00, 0x00, 0x00, 0xff, 0x82, 0xff, 0x00, 0x00, 0x00, 0x00, 0x01, 0xff, 0x43, 0xff, 0x00, 0x00, 0x00, 0x00, 0x02, 0xff, 0x03, 0xfe,
    0x00, 0x00, 0x00, 0x00, 0x03, 0xff, 0x03, 0xfd, 0x00, 0x00, 0x00, 0x00, 0x03, 0xfe, 0x07, 0xfd, 0x00, 0x00, 0x00, 0x2a, 0xab, 0xff, 0xaf, 0xfe,
    0xa9, 0x00, 0x00, 0x7f, 0xff, 0xff, 0xff, 0xff, 0xff, 0x00, 0x00, 0x7f, 0xff, 0xff, 0xff, 0xff, 0xff, 0x00, 0x00, 0x7f, 0xff, 0xff, 0xff, 0xff,
    0xff, 0x00, 0x00, 0x7f, 0xff, 0xff, 0xff, 0xff, 0xff, 0x00, 0x00, 0x05, 0x6f, 0xf9, 0x7f, 0xf5, 0x54, 0x00, 0x00, 0x00, 0x2f, 0xf0, 0x3f, 0xe0,
    0x00, 0x00, 0x00, 0x00, 0x3f, 0xf0, 0x7f, 0xd0, 0x00, 0x00, 0x00, 0x00, 0x3f, 0xe0, 0x7f, 0xd0, 0x00, 0x00, 0x01, 0xaa, 0xbf, 0xfa, 0xff, 0xea,
    0x90, 0x00, 0x07, 0xff, 0xff, 0xff, 0xff, 0xff, 0xf0, 0x00, 0x07, 0xff, 0xff, 0xff, 0xff, 0xff, 0xf0, 0x00, 0x07, 0xff, 0xff, 0xff, 0xff, 0xff,
    0xf0, 0x00, 0x07, 0xff, 0xff, 0xff, 0xff, 0xff, 0xf0, 0x00, 0x00, 0x56, 0xff, 0x97, 0xff, 0x55, 0x40, 0x00, 0x00, 0x02, 0xff, 0x03, 0xfe, 0x00,
    0x00, 0x00, 0x00, 0x03, 0xff, 0x07, 0xfd, 0x00, 0x00, 0x00, 0x00, 0x03, 0xfe, 0x0b, 0xfc, 0x00, 0x00, 0x00, 0x00, 0x07, 0xfd, 0x0b, 0xfc, 0x00,
    0x00, 0x00, 0x00, 0x0b, 0xfc, 0x0f, 0xfc, 0x00, 0x00, 0x00, 0x00, 0x0b, 0xfc, 0x0f, 0xf8, 0x00, 0x00, 0x00, 0x00, 0x0b, 0xf8, 0x0f, 0xf0, 0x00,
    0x00, 0x00, 0x00, 0x00, 0x00, 0x00, 0x00, 0x00, 0x00, 0x00, 0x00, 0x00, 0x00, 0x00, 0x00, 0x00, 0x00, 0x00, 0x00, 0x00, 0x00, 0x00, 0x00, 0x00,
    0x00, 0x00, 0x00, 0x00, 0x00, 0x00, 0x00, 0x00, 0x00, 0x00, 0x00, 0x00, 0x00, 0x00, 0x00, 0x00, 0x00, 0x00, 0x00, 0x00, 0x00, 0x00, 0x00, 0x00,
    0x00, 0x00, 0x00, 0x00, 0x00, 0x00, 0x00, 0x00, 0x00, 0x00, 0x00, 0x00, 0x00, 0x00, 0x00, 0x00, 0x00, 0x00, 0x00, 0x00, 0x00, 0x00, 0x00, 0x00,
    0x00, 0x00, 0x00, 0x00, 0x00, 0x00, 0x00, 0x00, 0x0b, 0xc0, 0x00, 0x00, 0x00, 0x00, 0x0f, 0xe0, 0x00, 0x00, 0x00, 0x00, 0x0f, 0xe0, 0x00, 0x00,
    0x00, 0x00, 0x0f, 0xe0, 0x00, 0x00, 0x00, 0x00, 0x1f, 0xf4, 0x00, 0x00, 0x00, 0x07, 0xff, 0xff, 0xe4, 0x00, 0x00, 0x2f, 0xff, 0xff, 0xfd, 0x00,
    0x00, 0xbf, 0xff, 0xff, 0xfd, 0x00, 0x01, 0xff, 0xff, 0xff, 0xfd, 0x00, 0x02, 0xff, 0xef, 0xf6, 0xfd, 0x00, 0x03, 0xff, 0x4f, 0xe0, 0x18, 0x00,
    0x03, 0xff, 0x0f, 0xe0, 0x00, 0x00, 0x03, 0xff, 0x0f, 0xe0, 0x00, 0x00, 0x03, 0xff, 0x4f, 0xe0, 0x00, 0x00, 0x03, 0xff, 0xff, 0xe0, 0x00, 0x00,
    0x01, 0xff, 0xff, 0xf8, 0x00, 0x00, 0x00, 0xff, 0xff, 0xff, 0xd0, 0x00, 0x00, 0x3f, 0xff, 0xff, 0xf8, 0x00, 0x00, 0x0b, 0xff, 0xff, 0xfe, 0x00,
    0x00, 0x00, 0x6f, 0xff, 0xff, 0x00, 0x00, 0x00, 0x0f, 0xff, 0xff, 0x80, 0x00, 0x00, 0x0f, 0xe3, 0xff, 0xc0, 0x00, 0x00, 0x0f, 0xe1, 0xff, 0xc0,
    0x00, 0x00, 0x0f, 0xe0, 0xff, 0xc0, 0x03, 0xc0, 0x0f, 0xe1, 0xff, 0xc0, 0x03, 0xf9, 0x0f, 0xe7, 0xff, 0x80, 0x03, 0xff, 0xff, 0xff, 0xff, 0x00,
    0x03, 0xff, 0xff, 0xff, 0xfe, 0x00, 0x03, 0xff, 0xff, 0xff, 0xf8, 0x00, 0x00, 0xbf, 0xff, 0xff, 0xd0, 0x00, 0x00, 0x06, 0xff, 0xf9, 0x00, 0x00,
    0x00, 0x00, 0x0f, 0xe0, 0x00, 0x00, 0x00, 0x00, 0x0f, 0xe0, 0x00, 0x00, 0x00, 0x00, 0x0f, 0xe0, 0x00, 0x00, 0x00, 0x00, 0x0f, 0xe0, 0x00, 0x00,
    0x00, 0x00, 0x0f, 0xe0, 0x00, 0x00, 0x00, 0x00, 0x00, 0x00, 0x00, 0x00, 0x00, 0x00, 0x00, 0x00, 0x00, 0x00, 0x00, 0x00, 0x00, 0x00, 0x00, 0x00,
    0x00, 0x00, 0x00, 0x00, 0x00, 0x00, 0x00, 0x00, 0x00, 0x00, 0x00, 0x00, 0x00, 0x00, 0x00, 0x00, 0x00, 0x00, 0x00, 0x00, 0x00, 0x00, 0x00, 0x00,
    0x00, 0x00, 0x00, 0x00, 0x00, 0x00, 0x00, 0x00, 0x00, 0x00, 0x00, 0x00, 0x00, 0x00, 0x00, 0x00, 0x00, 0x00, 0x00, 0x00, 0x00, 0x00, 0x1f, 0xfe,
    0x00, 0x00, 0x03, 0xfd, 0x00, 0x00, 0x00, 0xbf, 0xff, 0xc0, 0x00, 0x0f, 0xfc, 0x00, 0x00, 0x02, 0xff, 0xff, 0xf0, 0x00, 0x1f, 0xf8, 0x00, 0x00,
    0x03, 0xff, 0xff, 0xf4, 0x00, 0x3f, 0xf0, 0x00, 0x00, 0x0b, 0xfe, 0x2f, 0xfc, 0x00, 0x7f, 0xe0, 0x00, 0x00, 0x0f, 0xfc, 0x0f, 0xfc, 0x00, 0xff,
    0xc0, 0x00, 0x00, 0x0f, 0xf8, 0x07, 0xfd, 0x02, 0xff, 0x40, 0x00, 0x00, 0x0f, 0xf8, 0x07, 0xfd, 0x03, 0xff, 0x00, 0x00, 0x00, 0x0f, 0xf8, 0x07,
    0xfd, 0x0b, 0xfd, 0x00, 0x00, 0x00, 0x0f, 0xf8, 0x07, 0xfd, 0x0f, 0xfc, 0x00, 0x00, 0x00, 0x0f, 0xfc, 0x0b, 0xfc, 0x2f, 0xf4, 0x00, 0x00, 0x00,
    0x0b, 0xfc, 0x0f, 0xfc, 0x3f, 0xe0, 0x00, 0x00, 0x00, 0x07, 0xff, 0x7f, 0xf8, 0xff, 0xc0, 0x00, 0x00, 0x00, 0x03, 0xff, 0xff, 0xf1, 0xff, 0x80,
    0x65, 0x00, 0x00, 0x01, 0xff, 0xff, 0xe3, 0xff, 0x0b, 0xff, 0xd0, 0x00, 0x00, 0x7f, 0xff, 0x87, 0xfe, 0x3f, 0xff, 0xf4, 0x00, 0x00, 0x0b, 0xf8,
    0x0f, 0xfc, 0xbf, 0xff, 0xfc, 0x00, 0x00, 0x00, 0x00, 0x1f, 0xf4, 0xff, 0xff, 0xff, 0x00, 0x00, 0x00, 0x00, 0x3f, 0xf1, 0xff, 0x83, 0xff, 0x00,
    0x00, 0x00, 0x00, 0xbf, 0xd2, 0xff, 0x01, 0xff, 0x40, 0x00, 0x00, 0x00, 0xff, 0xc3, 0xff, 0x00, 0xff, 0x80, 0x00, 0x00, 0x02, 0xff, 0x43, 0xff,
    0x00, 0xff, 0x80, 0x00, 0x00, 0x03, 0xfe, 0x03, 0xff, 0x00, 0xff, 0x80, 0x00, 0x00, 0x0f, 0xfc, 0x03, 0xff, 0x00, 0xff, 0x80, 0x00, 0x00, 0x1f,
    0xf8, 0x02, 0xff, 0x01, 0xff, 0x40, 0x00, 0x00, 0x3f, 0xf0, 0x01, 0xff, 0x83, 0xff, 0x00, 0x00, 0x00, 0x7f, 0xe0, 0x00, 0xff, 0xff, 0xff, 0x00,
    0x00, 0x00, 0xff, 0xc0, 0x00, 0xbf, 0xff, 0xfc, 0x00, 0x00, 0x01, 0xff, 0x40, 0x00, 0x3f, 0xff, 0xf4, 0x00, 0x00, 0x03, 0xff, 0x00, 0x00, 0x0b,
    0xff, 0xd0, 0x00, 0x00, 0x00, 0xa8, 0x00, 0x00, 0x00, 0x55, 0x00, 0x00, 0x00, 0x00, 0x00, 0x00, 0x00, 0x00, 0x00, 0x00, 0x00, 0x00, 0x00, 0x00,
    0x00, 0x00, 0x00, 0x00, 0x00, 0x00, 0x00, 0x00, 0x00, 0x00, 0x00, 0x00, 0x00, 0x00, 0x00, 0x00, 0x00, 0x00, 0x00, 0x00, 0x00, 0x00, 0x00, 0x00,
    0x00, 0x00, 0x00, 0x00, 0x00, 0x00, 0x00, 0x00, 0x00, 0x00, 0x00, 0x00, 0x00, 0x00, 0x00, 0x00, 0x00, 0x00, 0x00, 0x00, 0x00, 0x00, 0x00, 0x00,
    0x00, 0x00, 0x00, 0x00, 0x00, 0x00, 0x00, 0x00, 0x00, 0x00, 0x00, 0x00, 0x00, 0x00, 0x00, 0x00, 0x00, 0x00, 0x00, 0x00, 0x00, 0x00, 0x00, 0x00,
    0x00, 0x00, 0x00, 0x00, 0x00, 0x00, 0x00, 0x00, 0x00, 0x00, 0x2f, 0xff, 0x90, 0x00, 0x00, 0x00, 0x00, 0x01, 0xff, 0xff, 0xfc, 0x00, 0x00, 0x00,
    0x00, 0x07, 0xff, 0xff, 0xfd, 0x00, 0x00, 0x00, 0x00, 0x0f, 0xff, 0xff, 0xfd, 0x00, 0x00, 0x00, 0x00, 0x2f, 0xff, 0xff, 0xfd, 0x00, 0x00, 0x00,
    0x00, 0x3f, 0xfc, 0x00, 0xbd, 0x00, 0x00, 0x00, 0x00, 0x3f, 0xf4, 0x00, 0x04, 0x00, 0x00, 0x00, 0x00, 0x3f, 0xf0, 0x00, 0x00, 0x00, 0x00, 0x00,
    0x00, 0x3f, 0xf4, 0x00, 0x00, 0x00, 0x00, 0x00, 0x00, 0x2f, 0xfc, 0x00, 0x00, 0x00, 0x00, 0x00, 0x00, 0x1f, 0xfe, 0x00, 0x00, 0x00, 0x00, 0x00,
    0x00, 0x0f, 0xff, 0x80, 0x00, 0x00, 0x00, 0x00, 0x00, 0x1f, 0xff, 0xd0, 0x00, 0x00, 0x00, 0x00, 0x00, 0x3f, 0xff, 0xf4, 0x00, 0x1f, 0xf0, 0x00,
    0x00, 0xff, 0xff, 0xfc, 0x00, 0x2f, 0xf4, 0x00, 0x02, 0xff, 0xff, 0xff, 0x00, 0x3f, 0xf4, 0x00, 0x03, 0xff, 0x8f, 0xff, 0xc0, 0x3f, 0xf0, 0x00,
    0x07, 0xff, 0x03, 0xff, 0xf0, 0x3f, 0xf0, 0x00, 0x0b, 0xfe, 0x00, 0xff, 0xf8, 0xbf, 0xe0, 0x00, 0x0f, 0xfd, 0x00, 0x7f, 0xfe, 0xff, 0xc0, 0x00,
    0x0f, 0xfd, 0x00, 0x1f, 0xff, 0xff, 0xc0, 0x00, 0x0f, 0xfe, 0x00, 0x0b, 0xff, 0xff, 0x40, 0x00, 0x0b, 0xff, 0x00, 0x02, 0xff, 0xff, 0x00, 0x00,
    0x07, 0xff, 0x40, 0x00, 0xff, 0xfd, 0x00, 0x00, 0x03, 0xff, 0xd0, 0x00, 0xff, 0xff, 0x00, 0x00, 0x02, 0xff, 0xfe, 0x6f, 0xff, 0xff, 0xc0, 0x00,
    0x00, 0xff, 0xff, 0xff, 0xff, 0xff, 0xe0, 0x00, 0x00, 0x3f, 0xff, 0xff, 0xff, 0xff, 0xf8, 0x00, 0x00, 0x0f, 0xff, 0xff, 0xf8, 0x7f, 0xfd, 0x00,
    0x00, 0x01, 0xff, 0xff, 0x90, 0x1f, 0xfd, 0x00, 0x00, 0x00, 0x05, 0x94, 0x00, 0x00, 0x00, 0x00, 0x00, 0x00, 0x00, 0x00, 0x00, 0x00, 0x00, 0x00,
    0x00, 0x00, 0x00, 0x00, 0x00, 0x00, 0x00, 0x00, 0x00, 0x00, 0x00, 0x00, 0x00, 0x00, 0x00, 0x00, 0x00, 0x00, 0x00, 0x00, 0x00, 0x00, 0x00, 0x00,
    0x00, 0x00, 0x00, 0x00, 0x00, 0x00, 0x00, 0x00, 0x00, 0x00, 0x00, 0x00, 0x00, 0x00, 0x00, 0x00, 0x00, 0x00, 0x00, 0x00, 0x00, 0x00, 0xaa, 0x00,
    0x02, 0xff, 0x00, 0x02, 0xff, 0x00, 0x02, 0xff, 0x00, 0x02, 0xff, 0x00, 0x02, 0xff, 0x00, 0x02, 0xff, 0x00, 0x02, 0xff, 0x00, 0x02, 0xff, 0x00,
    0x02, 0xff, 0x00, 0x02, 0xff, 0x00, 0x02, 0xff, 0x00, 0x00, 0xa9, 0x00, 0x00, 0x00, 0x00, 0x00, 0x00, 0x00, 0x00, 0x00, 0x00, 0x00, 0x00, 0x00,
    0x00, 0x00, 0x00, 0x00, 0x00, 0x00, 0x00, 0x00, 0x00, 0x00, 0x00, 0x00, 0x00, 0x00, 0x00, 0x00, 0x00, 0x00, 0x00, 0x00, 0x00, 0x00, 0x00, 0x00,
    0x00, 0x00, 0x00, 0x00, 0x00, 0x00, 0x00, 0x00, 0x00, 0x00, 0x00, 0x00, 0x00, 0x00, 0x00, 0x00, 0x00, 0x00, 0x00, 0x00, 0x00, 0x00, 0x00, 0x00,
    0x00, 0x00, 0x00, 0x00, 0x00, 0x00, 0x00, 0x00, 0x00, 0x00, 0x00, 0x00, 0x00, 0x00, 0x00, 0x00, 0x00, 0x00, 0x00, 0x00, 0x00, 0x00, 0x00, 0x00,
    0x00, 0x00, 0x00, 0x00, 0x00, 0x00, 0x00, 0x00, 0xbf, 0x00, 0x00, 0x01, 0xff, 0x80, 0x00, 0x03, 0xff, 0x00, 0x00, 0x07, 0xfe, 0x00, 0x00, 0x0f,
    0xfc, 0x00, 0x00, 0x1f, 0xf8, 0x00, 0x00, 0x2f, 0xf4, 0x00, 0x00, 0x3f, 0xf0, 0x00, 0x00, 0x7f, 0xe0, 0x00, 0x00, 0xff, 0xd0, 0x00, 0x00, 0xff,
    0xc0, 0x00, 0x01, 0xff, 0xc0, 0x00, 0x02, 0xff, 0x80, 0x00, 0x02, 0xff, 0x80, 0x00, 0x03, 0xff, 0x40, 0x00, 0x03, 0xff, 0x40, 0x00, 0x03, 0xff,
    0x00, 0x00, 0x03, 0xff, 0x00, 0x00, 0x03, 0xff, 0x00, 0x00, 0x03, 0xff, 0x00, 0x00, 0x03, 0xff, 0x40, 0x00, 0x03, 0xff, 0x40, 0x00, 0x02, 0xff,
    0x80, 0x00, 0x02, 0xff, 0x80, 0x00, 0x01, 0xff, 0xc0, 0x00, 0x00, 0xff, 0xc0, 0x00, 0x00, 0xff, 0xd0, 0x00, 0x00, 0xbf, 0xe0, 0x00, 0x00, 0x3f,
    0xf0, 0x00, 0x00, 0x3f, 0xf4, 0x00, 0x00, 0x1f, 0xf8, 0x00, 0x00, 0x0f, 0xfc, 0x00, 0x00, 0x0b, 0xfd, 0x00, 0x00, 0x03, 0xff, 0x00, 0x00, 0x01,
    0xff, 0x40, 0x00, 0x00, 0xff, 0x40, 0x00, 0x00, 0x00, 0x00, 0x00, 0x00, 0x00, 0x00, 0x00, 0x00, 0x00, 0x00, 0x00, 0x00, 0x00, 0x00, 0x00, 0x00,
    0x00, 0x00, 0x00, 0x00, 0x00, 0x00, 0x02, 0xf8, 0x00, 0x00, 0x03, 0xfe, 0x00, 0x00, 0x03, 0xff, 0x40, 0x00, 0x00, 0xff, 0xc0, 0x00, 0x00, 0xff,
    0xc0, 0x00, 0x00, 0x7f, 0xe0, 0x00, 0x00, 0x3f, 0xf0, 0x00, 0x00, 0x2f, 0xf4, 0x00, 0x00, 0x1f, 0xfc, 0x00, 0x00, 0x0f, 0xfc, 0x00, 0x00, 0x0f,
    0xfd, 0x00, 0x00, 0x0b, 0xfe, 0x00, 0x00, 0x07, 0xff, 0x00, 0x00, 0x03, 0xff, 0x00, 0x00, 0x03, 0xff, 0x00, 0x00, 0x03, 0xff, 0x40, 0x00, 0x03,
    0xff, 0x40, 0x00, 0x03, 0xff, 0x40, 0x00, 0x03, 0xff, 0x40, 0x00, 0x03, 0xff, 0x40, 0x00, 0x03, 0xff, 0x40, 0x00, 0x03, 0xff, 0x00, 0x00, 0x03,
    0xff, 0x00, 0x00, 0x07, 0xff, 0x00, 0x00, 0x0b, 0xfe, 0x00, 0x00, 0x0b, 0xfd, 0x00, 0x00, 0x0f, 0xfc, 0x00, 0x00, 0x1f, 0xfc, 0x00, 0x00, 0x2f,
    0xf8, 0x00, 0x00, 0x3f, 0xf0, 0x00, 0x00, 0x7f, 0xf0, 0x00, 0x00, 0xbf, 0xd0, 0x00, 0x00, 0xff, 0xc0, 0x00, 0x02, 0xff, 0x40, 0x00, 0x03, 0xff,
    0x00, 0x00, 0x03, 0xfc, 0x00, 0x00, 0x00, 0x00, 0x00, 0x00, 0x00, 0x00, 0x00, 0x00, 0x00, 0x00, 0x00, 0x00, 0x00, 0x00, 0x00, 0x00, 0x00, 0x00,
    0x00, 0x00, 0x00, 0x00, 0x00, 0x00, 0x00, 0x00, 0x00, 0x00, 0x00, 0x00, 0x00, 0x00, 0x00, 0x00, 0x00, 0x00, 0x01, 0xfd, 0x00, 0x00, 0x00, 0x01,
    0xfe, 0x00, 0x00, 0x00, 0x01, 0xfe, 0x00, 0x00, 0x0b, 0x01, 0xfe, 0x02, 0xc0, 0x1f, 0xd1, 0xfe, 0x1f, 0xd0, 0x3f, 0xfe, 0xfe, 0xbf, 0xf0, 0x2f,
    0xff, 0xff, 0xff, 0xe0, 0x07, 0xff, 0xff, 0xff, 0x40, 0x00, 0xbf, 0xff, 0xf8, 0x00, 0x00, 0x1f, 0xff, 0xd0, 0x00, 0x00, 0xbf, 0xff, 0xf8, 0x00,
    0x07, 0xff, 0xff, 0xff, 0x40, 0x2f, 0xff, 0xff, 0xff, 0xf0, 0x3f, 0xfa, 0xfe, 0xbf, 0xf0, 0x1f, 0xd1, 0xfe, 0x1f, 0xd0, 0x0a, 0x01, 0xfe, 0x02,
    0x80, 0x00, 0x01, 0xfe, 0x00, 0x00, 0x00, 0x01, 0xfe, 0x00, 0x00, 0x00, 0x00, 0xfd, 0x00, 0x00, 0x00, 0x00, 0x00, 0x00, 0x00, 0x00, 0x00, 0x00,
    0x00, 0x00, 0x00, 0x00, 0x00, 0x00, 0x00, 0x00, 0x00, 0x00, 0x00, 0x00, 0x00, 0x00, 0x00, 0x00, 0x00, 0x00, 0x00, 0x00, 0x00, 0x00, 0x00, 0x00,
    0x00, 0x00, 0x00, 0x00, 0x00, 0x00, 0x00, 0x00, 0x00, 0x00, 0x00, 0x00, 0x00, 0x00, 0x00, 0x00, 0x00, 0x00, 0x00, 0x00, 0x00, 0x00, 0x00, 0x00,
    0x00, 0x00, 0x00, 0x00, 0x00, 0x00, 0x00, 0x00, 0x00, 0x00, 0x00, 0x00, 0x00, 0x00, 0x00, 0x00, 0x00, 0x00, 0x00, 0x00, 0x00, 0x00, 0x00, 0x00,
    0x00, 0x00, 0x00, 0x00, 0x00, 0x00, 0x00, 0x00, 0x00, 0x00, 0x00, 0x00, 0x00, 0x00, 0x00, 0x00, 0x00, 0x00, 0x00, 0x00, 0x00, 0x00, 0x00, 0x00,
    0x00, 0x00, 0x00, 0x00, 0x00, 0x00, 0x00, 0x00, 0x00, 0x00, 0x00, 0x00, 0x00, 0x00, 0x00, 0x00, 0x00, 0x00, 0x00, 0x00, 0x00, 0x00, 0x00, 0x00,
    0x00, 0x00, 0x00, 0x00, 0x00, 0x00, 0x00, 0x00, 0x00, 0x00, 0x00, 0x00, 0x00, 0x00, 0x00, 0x00, 0x00, 0x00, 0x00, 0x00, 0x00, 0x00, 0x00, 0x00,
    0x00, 0x00, 0x00, 0x00, 0x00, 0x00, 0x00, 0x00, 0x00, 0x00, 0x00, 0x00, 0x00, 0x00, 0x00, 0x00, 0x00, 0x00, 0x00, 0x2f, 0xd0, 0x00, 0x00, 0x00,
    0x00, 0x00, 0x00, 0x3f, 0xe0, 0x00, 0x00, 0x00, 0x00, 0x00, 0x00, 0x3f, 0xe0, 0x00, 0x00, 0x00, 0x00, 0x00, 0x00, 0x3f, 0xe0, 0x00, 0x00, 0x00,
    0x00, 0x00, 0x00, 0x3f, 0xe0, 0x00, 0x00, 0x00, 0x00, 0x00, 0x00, 0x3f, 0xe0, 0x00, 0x00, 0x00, 0x00, 0x00, 0x00, 0x3f, 0xe0, 0x00, 0x00, 0x00,
    0x00, 0x00, 0x00, 0x3f, 0xe0, 0x00, 0x00, 0x00, 0x00, 0x00, 0x00, 0x3f, 0xe0, 0x00, 0x00, 0x00, 0x00, 0x00, 0x00, 0x3f, 0xe0, 0x00, 0x00, 0x00,
    0x00, 0x55, 0x55, 0xbf, 0xf5, 0x55, 0x54, 0x00, 0x01, 0xff, 0xff, 0xff, 0xff, 0xff, 0xfc, 0x00, 0x01, 0xff, 0xff, 0xff, 0xff, 0xff, 0xfc, 0x00,
    0x01, 0xff, 0xff, 0xff, 0xff, 0xff, 0xfc, 0x00, 0x01, 0xff, 0xff, 0xff, 0xff, 0xff, 0xfc, 0x00, 0x00, 0xaa, 0xaa, 0xbf, 0xfa, 0xaa, 0xa4, 0x00,
    0x00, 0x00, 0x00, 0x3f, 0xe0, 0x00, 0x00, 0x00, 0x00, 0x00, 0x00, 0x3f, 0xe0, 0x00, 0x00, 0x00, 0x00, 0x00, 0x00, 0x3f, 0xe0, 0x00, 0x00, 0x00,
    0x00, 0x00, 0x00, 0x3f, 0xe0, 0x00, 0x00, 0x00, 0x00, 0x00, 0x00, 0x3f, 0xe0, 0x00, 0x00, 0x00, 0x00, 0x00, 0x00, 0x3f, 0xe0, 0x00, 0x00, 0x00,
    0x00, 0x00, 0x00, 0x3f, 0xe0, 0x00, 0x00, 0x00, 0x00, 0x00, 0x00, 0x3f, 0xe0, 0x00, 0x00, 0x00, 0x00, 0x00, 0x00, 0x3f, 0xe0, 0x00, 0x00, 0x00,
    0x00, 0x00, 0x00, 0x3f, 0xd0, 0x00, 0x00, 0x00, 0x00, 0x00, 0x00, 0x00, 0x00, 0x00, 0x00, 0x00, 0x00, 0x00, 0x00, 0x00, 0x00, 0x00, 0x00, 0x00,
    0x00, 0x00, 0x00, 0x00, 0x00, 0x00, 0x00, 0x00, 0x00, 0x00, 0x00, 0x00, 0x00, 0x00, 0x00, 0x00, 0x00, 0x00, 0x00, 0x00, 0x00, 0x00, 0x00, 0x00,
    0x00, 0x00, 0x00, 0x00, 0x00, 0x00, 0x00, 0x00, 0x00, 0x00, 0x00, 0x00, 0x00, 0x00, 0x00, 0x00, 0x00, 0x00, 0x00, 0x00, 0x00, 0x00, 0x00, 0x00,
    0x00, 0x00, 0x00, 0x00, 0x00, 0x00, 0x00, 0x00, 0x00, 0x00, 0x00, 0x00, 0x00, 0x00, 0x00, 0x00, 0x00, 0x00, 0x00, 0x00, 0x00, 0x00, 0x00, 0x00,
    0x00, 0x00, 0x00, 0x00, 0x00, 0x00, 0x00, 0x00, 0x00, 0x00, 0x00, 0x00, 0x00, 0x00, 0x00, 0x00, 0x00, 0x00, 0x00, 0x00, 0x00, 0x00, 0x00, 0x00,
    0x00, 0x00, 0x00, 0x00, 0x00, 0x00, 0x00, 0x00, 0x00, 0x00, 0x00, 0x00, 0x00, 0x00, 0x00, 0x00, 0x00, 0x00, 0x00, 0x00, 0x00, 0x00, 0x00, 0x00,
    0x00, 0x00, 0x00, 0x00, 0x00, 0x00, 0x00, 0x00, 0x00, 0x00, 0x00, 0x00, 0x00, 0x00, 0x00, 0x00, 0x00, 0x00, 0x00, 0x00, 0x00, 0x00, 0x00, 0x00,
    0x00, 0x6a, 0x80, 0x00, 0x00, 0xff, 0xe0, 0x00, 0x00, 0xff, 0xe0, 0x00, 0x00, 0xff, 0xe0, 0x00, 0x00, 0xff, 0xe0, 0x00, 0x00, 0xff, 0xc0, 0x00,
    0x01, 0xff, 0x80, 0x00, 0x02, 0xff, 0x00, 0x00, 0x03, 0xff, 0x00, 0x00, 0x03, 0xfd, 0x00, 0x00, 0x07, 0xfc, 0x00, 0x00, 0x01, 0x50, 0x00, 0x00,
    0x00, 0x00, 0x00, 0x00, 0x00, 0x00, 0x00, 0x00, 0x00, 0x00, 0x00, 0x00, 0x00, 0x00, 0x00, 0x00, 0x00, 0x00, 0x00, 0x00, 0x00, 0x00, 0x00, 0x00,
    0x00, 0x00, 0x00, 0x00, 0x00, 0x00, 0x00, 0x00, 0x00, 0x00, 0x00, 0x00, 0x00, 0x00, 0x00, 0x00, 0x00, 0x00, 0x00, 0x00, 0x00, 0x00, 0x00, 0x00,
    0x00, 0x00, 0x00, 0x00, 0x00, 0x00, 0x00, 0x00, 0x00, 0x00, 0x00, 0x00, 0x00, 0x00, 0x00, 0x00, 0x00, 0x00, 0x00, 0x00, 0x00, 0x00, 0x00, 0x00,
    0x00, 0x00, 0x00, 0x00, 0x00, 0x00, 0x00, 0x00, 0x00, 0x00, 0x00, 0x00, 0x00, 0x00, 0x00, 0x00, 0x00, 0x00, 0x00, 0x00, 0x0f, 0xff, 0xff, 0x40,
    0x1f, 0xff, 0xff, 0x80, 0x1f, 0xff, 0xff, 0x80, 0x1f, 0xff, 0xff, 0x80, 0x0f, 0xff, 0xff, 0x40, 0x00, 0x00, 0x00, 0x00, 0x00, 0x00, 0x00, 0x00,
    0x00, 0x00, 0x00, 0x00, 0x00, 0x00, 0x00, 0x00, 0x00, 0x00, 0x00, 0x00, 0x00, 0x00, 0x00, 0x00, 0x00, 0x00, 0x00, 0x00, 0x00, 0x00, 0x00, 0x00,
    0x00, 0x00, 0x00, 0x00, 0x00, 0x00, 0x00, 0x00, 0x00, 0x00, 0x00, 0x00, 0x00, 0x00, 0x00, 0x00, 0x00, 0x00, 0x00, 0x00, 0x00, 0x00, 0x00, 0x00,
    0x00, 0x00, 0x00, 0x00, 0x00, 0x00, 0x00, 0x00, 0x00, 0x00, 0x00, 0x00, 0x00, 0x00, 0x00, 0x00, 0x00, 0x00, 0x00, 0x00, 0x00, 0x00, 0x00, 0x00,
    0x00, 0x00, 0x00, 0x00, 0x00, 0x00, 0x00, 0x00, 0x00, 0x00, 0x00, 0x00, 0x00, 0x00, 0x00, 0x00, 0x00, 0x00, 0x00, 0x00, 0x00, 0x00, 0x00, 0x00,
    0x00, 0x00, 0x00, 0x00, 0x00, 0x00, 0x00, 0x00, 0x00, 0x00, 0x00, 0x00, 0x00, 0x00, 0x00, 0x00, 0x00, 0x00, 0x00, 0x00, 0x00, 0x00, 0x00, 0x00,
    0x00, 0x00, 0x00, 0x00, 0x00, 0x00, 0x00, 0x00, 0x00, 0x00, 0x00, 0x00, 0x00, 0x00, 0x00, 0x00, 0x00, 0x00, 0x00, 0x00, 0x00, 0x00, 0x00, 0x00,
    0x00, 0x00, 0x00, 0x00, 0x00, 0x00, 0x00, 0x00, 0x00, 0x00, 0x00, 0x00, 0x00, 0x00, 0x00, 0x00, 0x00, 0x00, 0x00, 0x00, 0x00, 0x00, 0x00, 0x00,
    0x00, 0xaa, 0x80, 0x00, 0x01, 0xff, 0xc0, 0x00, 0x01, 0xff, 0xc0, 0x00, 0x01, 0xff, 0xc0, 0x00, 0x01, 0xff, 0xc0, 0x00, 0x01, 0xff, 0xc0, 0x00,
    0x00, 0xff, 0xc0, 0x00, 0x00, 0x00, 0x00, 0x00, 0x00, 0x00, 0x00, 0x00, 0x00, 0x00, 0x00, 0x00, 0x00, 0x00, 0x00, 0x00, 0x00, 0x00, 0x00, 0x00,
    0x00, 0x00, 0x00, 0x00, 0x00, 0x00, 0x00, 0x00, 0x00, 0x00, 0x00, 0x00, 0x00, 0x00, 0x00, 0x00, 0x00, 0x00, 0x00, 0x00, 0x00, 0x00, 0x00, 0x00,
    0x00, 0x00, 0x00, 0x00, 0x00, 0x00, 0x2a, 0x80, 0x00, 0x00, 0x7f, 0xd0, 0x00, 0x00, 0xbf, 0xc0, 0x00, 0x00, 0xff, 0xc0, 0x00, 0x00, 0xff, 0x80,
    0x00, 0x02, 0xff, 0x40, 0x00, 0x03, 0xff, 0x00, 0x00, 0x03, 0xff, 0x00, 0x00, 0x07, 0xfe, 0x00, 0x00, 0x0b, 0xfd, 0x00, 0x00, 0x0f, 0xfc, 0x00,
    0x00, 0x0f, 0xf8, 0x00, 0x00, 0x1f, 0xf4, 0x00, 0x00, 0x3f, 0xf0, 0x00, 0x00, 0x3f, 0xf0, 0x00, 0x00, 0x7f, 0xe0, 0x00, 0x00, 0xbf, 0xd0, 0x00,
    0x00, 0xff, 0xc0, 0x00, 0x00, 0xff, 0xc0, 0x00, 0x01, 0xff, 0x80, 0x00, 0x02, 0xff, 0x00, 0x00, 0x03, 0xff, 0x00, 0x00, 0x07, 0xfe, 0x00, 0x00,
    0x0b, 0xfd, 0x00, 0x00, 0x0f, 0xfc, 0x00, 0x00, 0x0f, 0xfc, 0x00, 0x00, 0x1f, 0xf8, 0x00, 0x00, 0x2f, 0xf4, 0x00, 0x00, 0x3f, 0xf0, 0x00, 0x00,
    0x3f, 0xe0, 0x00, 0x00, 0x7f, 0xd0, 0x00, 0x00, 0xff, 0xc0, 0x00, 0x00, 0xff, 0xc0, 0x00, 0x00, 0x6a, 0x00, 0x00, 0x00, 0x00, 0x00, 0x00, 0x00,
    0x00, 0x00, 0x00, 0x00, 0x00, 0x00, 0x00, 0x00, 0x00, 0x00, 0x00, 0x00, 0x00, 0x00, 0x00, 0x00, 0x00, 0x00, 0x00, 0x00, 0x00, 0x00, 0x00, 0x00,
    0x00, 0x00, 0x00, 0x00, 0x00, 0x00, 0x00, 0x00, 0x00, 0x00, 0x00, 0x00, 0x00, 0x00, 0x00, 0x00, 0x00, 0x00, 0x00, 0x00, 0xbf, 0xfd, 0x00, 0x00,
    0x00, 0x07, 0xff, 0xff, 0xc0, 0x00, 0x00, 0x1f, 0xff, 0xff, 0xf0, 0x00, 0x00, 0x3f, 0xff, 0xff, 0xf8, 0x00, 0x00, 0xbf, 0xff, 0xff, 0xfd, 0x00,
    0x00, 0xff, 0xf0, 0x1f, 0xff, 0x00, 0x02, 0xff, 0xc0, 0x07, 0xff, 0x40, 0x03, 0xff, 0x80, 0x03, 0xff, 0x80, 0x03, 0xff, 0x40, 0x02, 0xff, 0xc0,
    0x07, 0xff, 0x00, 0x01, 0xff, 0xc0, 0x07, 0xff, 0x00, 0x00, 0xff, 0xc0, 0x0b, 0xff, 0x00, 0x00, 0xff, 0xd0, 0x0b, 0xfe, 0x00, 0x00, 0xff, 0xd0,
    0x0b, 0xfe, 0x00, 0x00, 0xff, 0xd0, 0x0b, 0xfe, 0x00, 0x00, 0xff, 0xd0, 0x0b, 0xfe, 0x00, 0x00, 0xff, 0xd0, 0x0b, 0xfe, 0x00, 0x00, 0xff, 0xd0,
    0x0b, 0xfe, 0x00, 0x00, 0xff, 0xd0, 0x0b, 0xff, 0x00, 0x00, 0xff, 0xd0, 0x07, 0xff, 0x00, 0x00, 0xff, 0xc0, 0x07, 0xff, 0x00, 0x01, 0xff, 0xc0,
    0x03, 0xff, 0x40, 0x02, 0xff, 0xc0, 0x03, 0xff, 0x80, 0x03, 0xff, 0x80, 0x02, 0xff, 0xc0, 0x03, 0xff, 0x40, 0x01, 0xff, 0xe0, 0x0f, 0xff, 0x00,
    0x00, 0xff, 0xfd, 0xbf, 0xfe, 0x00, 0x00, 0x7f, 0xff, 0xff, 0xfc, 0x00, 0x00, 0x2f, 0xff, 0xff, 0xf4, 0x00, 0x00, 0x0b, 0xff, 0xff, 0xd0, 0x00,
    0x00, 0x01, 0xff, 0xff, 0x00, 0x00, 0x00, 0x00, 0x06, 0x90, 0x00, 0x00, 0x00, 0x00, 0x00, 0x00, 0x00, 0x00, 0x00, 0x00, 0x00, 0x00, 0x00, 0x00,
    0x00, 0x00, 0x00, 0x00, 0x00, 0x00, 0x00, 0x00, 0x00, 0x00, 0x00, 0x00, 0x00, 0x00, 0x00, 0x00, 0x00, 0x00, 0x00, 0x00, 0x00, 0x00, 0x00, 0x00,
    0x00, 0x00, 0x00, 0x00, 0x00, 0x00, 0x00, 0x00, 0x00, 0x00, 0x00, 0x00, 0x00, 0x00, 0x00, 0x00, 0x00, 0x00, 0x00, 0x00, 0x00, 0x00, 0x00, 0x00,
    0x00, 0x00, 0x00, 0x00, 0x00, 0x00, 0x00, 0x00, 0x1a, 0xa4, 0x00, 0x00, 0x00, 0x6f, 0xff, 0xfc, 0x00, 0x00, 0x00, 0xff, 0xff, 0xfc, 0x00, 0x00,
    0x01, 0xff, 0xff, 0xfc, 0x00, 0x00, 0x01, 0xff, 0xff, 0xfc, 0x00, 0x00, 0x01, 0xff, 0xff, 0xfc, 0x00, 0x00, 0x00, 0xf9, 0x1f, 0xfc, 0x00, 0x00,
    0x00, 0x00, 0x0f, 0xfc, 0x00, 0x00, 0x00, 0x00, 0x0f, 0xfc, 0x00, 0x00, 0x00, 0x00, 0x0f, 0xfc, 0x00, 0x00, 0x00, 0x00, 0x0f, 0xfc, 0x00, 0x00,
    0x00, 0x00, 0x0f, 0xfc, 0x00, 0x00, 0x00, 0x00, 0x0f, 0xfc, 0x00, 0x00, 0x00, 0x00, 0x0f, 0xfc, 0x00, 0x00, 0x00, 0x00, 0x0f, 0xfc, 0x00, 0x00,
    0x00, 0x00, 0x0f, 0xfc, 0x00, 0x00, 0x00, 0x00, 0x0f, 0xfc, 0x00, 0x00, 0x00, 0x00, 0x0f, 0xfc, 0x00, 0x00, 0x00, 0x00, 0x0f, 0xfc, 0x00, 0x00,
    0x00, 0x00, 0x0f, 0xfc, 0x00, 0x00, 0x00, 0x00, 0x0f, 0xfc, 0x00, 0x00, 0x00, 0x00, 0x0f, 0xfc, 0x00, 0x00, 0x00, 0x00, 0x0f, 0xfc, 0x00, 0x00,
    0x00, 0x00, 0x0f, 0xfc, 0x00, 0x00, 0x00, 0x00, 0x1f, 0xfc, 0x00, 0x00, 0x00, 0xbf, 0xff, 0xff, 0xff, 0x40, 0x00, 0xff, 0xff, 0xff, 0xff, 0x80,
    0x00, 0xff, 0xff, 0xff, 0xff, 0x80, 0x00, 0xff, 0xff, 0xff, 0xff, 0x80, 0x00, 0x7f, 0xff, 0xff, 0xff, 0x40, 0x00, 0x00, 0x00, 0x00, 0x00, 0x00,
    0x00, 0x00, 0x00, 0x00, 0x00, 0x00, 0x00, 0x00, 0x00, 0x00, 0x00, 0x00, 0x00, 0x00, 0x00, 0x00, 0x00, 0x00, 0x00, 0x00, 0x00, 0x00, 0x00, 0x00,
    0x00, 0x00, 0x00, 0x00, 0x00, 0x00, 0x00, 0x00, 0x00, 0x00, 0x00, 0x00, 0x00, 0x00, 0x00, 0x00, 0x00, 0x00, 0x00, 0x00, 0x00, 0x00, 0x00, 0x00,
    0x00, 0x00, 0x00, 0x00, 0x00, 0x00, 0x00, 0x00, 0x00, 0x00, 0x00, 0x00, 0x00, 0x00, 0x00, 0x00, 0x00, 0x00, 0x00, 0x07, 0xff, 0xf8, 0x00, 0x00,
    0x01, 0xff, 0xff, 0xff, 0x80, 0x00, 0x07, 0xff, 0xff, 0xff, 0xf0, 0x00, 0x07, 0xff, 0xff, 0xff, 0xf8, 0x00, 0x07, 0xff, 0xff, 0xff, 0xfc, 0x00,
    0x07, 0xfe, 0x40, 0x7f, 0xfe, 0x00, 0x07, 0xe0, 0x00, 0x0f, 0xff, 0x00, 0x01, 0x00, 0x00, 0x07, 0xff, 0x00, 0x00, 0x00, 0x00, 0x03, 0xff, 0x00,
    0x00, 0x00, 0x00, 0x07, 0xff, 0x00, 0x00, 0x00, 0x00, 0x07, 0xff, 0x00, 0x00, 0x00, 0x00, 0x0f, 0xff, 0x00, 0x00, 0x00, 0x00, 0x1f, 0xfd, 0x00,
    0x00, 0x00, 0x00, 0x3f, 0xfc, 0x00, 0x00, 0x00, 0x00, 0xff, 0xf4, 0x00, 0x00, 0x00, 0x02, 0xff, 0xf0, 0x00, 0x00, 0x00, 0x0b, 0xff, 0xc0, 0x00,
    0x00, 0x00, 0x1f, 0xff, 0x00, 0x00, 0x00, 0x00, 0x7f, 0xfd, 0x00, 0x00, 0x00, 0x01, 0xff, 0xf4, 0x00, 0x00, 0x00, 0x03, 0xff, 0xe0, 0x00, 0x00,
    0x00, 0x0f, 0xff, 0x80, 0x00, 0x00, 0x00, 0x3f, 0xff, 0x00, 0x00, 0x00, 0x00, 0xbf, 0xfc, 0x00, 0x00, 0x00, 0x02, 0xff, 0xf4, 0x00, 0x00, 0x00,
    0x07, 0xff, 0xff, 0xff, 0xff, 0x00, 0x0b, 0xff, 0xff, 0xff, 0xff, 0x40, 0x0b, 0xff, 0xff, 0xff, 0xff, 0x40, 0x0b, 0xff, 0xff, 0xff, 0xff, 0x40,
    0x07, 0xff, 0xff, 0xff, 0xff, 0x00, 0x00, 0x00, 0x00, 0x00, 0x00, 0x00, 0x00, 0x00, 0x00, 0x00, 0x00, 0x00, 0x00, 0x00, 0x00, 0x00, 0x00, 0x00,
    0x00, 0x00, 0x00, 0x00, 0x00, 0x00, 0x00, 0x00, 0x00, 0x00, 0x00, 0x00, 0x00, 0x00, 0x00, 0x00, 0x00, 0x00, 0x00, 0x00, 0x00, 0x00, 0x00, 0x00,
    0x00, 0x00, 0x00, 0x00, 0x00, 0x00, 0x00, 0x00, 0x00, 0x00, 0x00, 0x00, 0x00, 0x00, 0x00, 0x00, 0x00, 0x00, 0x00, 0x00, 0x00, 0x00, 0x00, 0x00,
    0x00, 0x00, 0x00, 0x00, 0x00, 0x00, 0x00, 0x1b, 0xff, 0xf9, 0x00, 0x00, 0x01, 0xff, 0xff, 0xff, 0xd0, 0x00, 0x02, 0xff, 0xff, 0xff, 0xf4, 0x00,
    0x02, 0xff, 0xff, 0xff, 0xfc, 0x00, 0x02, 0xff, 0xff, 0xff, 0xfe, 0x00, 0x02, 0xf9, 0x00, 0x2f, 0xff, 0x00, 0x00, 0x00, 0x00, 0x07, 0xff, 0x40,
    0x00, 0x00, 0x00, 0x03, 0xff, 0x40, 0x00, 0x00, 0x00, 0x03, 0xff, 0x40, 0x00, 0x00, 0x00, 0x03, 0xff, 0x40, 0x00, 0x00, 0x00, 0x0b, 0xff, 0x00,
    0x00, 0x00, 0x55, 0xbf, 0xfe, 0x00, 0x00, 0x03, 0xff, 0xff, 0xfc, 0x00, 0x00, 0x03, 0xff, 0xff, 0xf0, 0x00, 0x00, 0x03, 0xff, 0xff, 0xf0, 0x00,
    0x00, 0x03, 0xff, 0xff, 0xfc, 0x00, 0x00, 0x02, 0xab, 0xff, 0xff, 0x00, 0x00, 0x00, 0x00, 0x1f, 0xff, 0x40, 0x00, 0x00, 0x00, 0x03, 0xff, 0x80,
    0x00, 0x00, 0x00, 0x02, 0xff, 0xc0, 0x00, 0x00, 0x00, 0x01, 0xff, 0xc0, 0x00, 0x00, 0x00, 0x01, 0xff, 0xc0, 0x00, 0x00, 0x00, 0x02, 0xff, 0xc0,
    0x01, 0x00, 0x00, 0x03, 0xff, 0x80, 0x07, 0xe0, 0x00, 0x1f, 0xff, 0x40, 0x07, 0xff, 0xaa, 0xff, 0xff, 0x00, 0x07, 0xff, 0xff, 0xff, 0xfd, 0x00,
    0x07, 0xff, 0xff, 0xff, 0xf8, 0x00, 0x07, 0xff, 0xff, 0xff, 0xe0, 0x00, 0x00, 0xbf, 0xff, 0xfe, 0x00, 0x00, 0x00, 0x01, 0x59, 0x40, 0x00, 0x00,
    0x00, 0x00, 0x00, 0x00, 0x00, 0x00, 0x00, 0x00, 0x00, 0x00, 0x00, 0x00, 0x00, 0x00, 0x00, 0x00, 0x00, 0x00, 0x00, 0x00, 0x00, 0x00, 0x00, 0x00,
    0x00, 0x00, 0x00, 0x00, 0x00, 0x00, 0x00, 0x00, 0x00, 0x00, 0x00, 0x00, 0x00, 0x00, 0x00, 0x00, 0x00, 0x00, 0x00, 0x00, 0x00, 0x00, 0x00, 0x00,
    0x00, 0x00, 0x00, 0x00, 0x00, 0x00, 0x00, 0x00, 0x00, 0x00, 0x00, 0x00, 0x00, 0x00, 0x00, 0x00, 0x00, 0x00, 0x00, 0x00, 0x00, 0x6a, 0xa0, 0x00,
    0x00, 0x00, 0x00, 0xff, 0xf4, 0x00, 0x00, 0x00, 0x03, 0xff, 0xf4, 0x00, 0x00, 0x00, 0x07, 0xff, 0xf4, 0x00, 0x00, 0x00, 0x0f, 0xff, 0xf4, 0x00,
    0x00, 0x00, 0x2f, 0xff, 0xf4, 0x00, 0x00, 0x00, 0x3f, 0xff, 0xf4, 0x00, 0x00, 0x00, 0xff, 0xff, 0xf4, 0x00, 0x00, 0x01, 0xff, 0xff, 0xf4, 0x00,
    0x00, 0x03, 0xff, 0x7f, 0xf4, 0x00, 0x00, 0x0b, 0xfe, 0x3f, 0xf4, 0x00, 0x00, 0x0f, 0xfc, 0x3f, 0xf4, 0x00, 0x00, 0x2f, 0xf8, 0x3f, 0xf4, 0x00,
    0x00, 0x7f, 0xf0, 0x3f, 0xf4, 0x00, 0x00, 0xff, 0xd0, 0x3f, 0xf4, 0x00, 0x02, 0xff, 0xc0, 0x3f, 0xf4, 0x00, 0x03, 0xff, 0x00, 0x3f, 0xf4, 0x00,
    0x0b, 0xfe, 0x00, 0x3f, 0xf4, 0x00, 0x0f, 0xfe, 0xaa, 0xbf, 0xfe, 0x90, 0x1f, 0xff, 0xff, 0xff, 0xff, 0xf0, 0x1f, 0xff, 0xff, 0xff, 0xff, 0xf0,
    0x1f, 0xff, 0xff, 0xff, 0xff, 0xf0, 0x1f, 0xff, 0xff, 0xff, 0xff, 0xf0, 0x05, 0x55, 0x55, 0xbf, 0xf9, 0x40, 0x00, 0x00, 0x00, 0x3f, 0xf4, 0x00,
    0x00, 0x00, 0x00, 0x3f, 0xf4, 0x00, 0x00, 0x00, 0x00, 0x3f, 0xf4, 0x00, 0x00, 0x00, 0x00, 0x3f, 0xf4, 0x00, 0x00, 0x00, 0x00, 0x3f, 0xf4, 0x00,
    0x00, 0x00, 0x00, 0x3f, 0xf0, 0x00, 0x00, 0x00, 0x00, 0x00, 0x00, 0x00, 0x00, 0x00, 0x00, 0x00, 0x00, 0x00, 0x00, 0x00, 0x00, 0x00, 0x00, 0x00,
    0x00, 0x00, 0x00, 0x00, 0x00, 0x00, 0x00, 0x00, 0x00, 0x00, 0x00, 0x00, 0x00, 0x00, 0x00, 0x00, 0x00, 0x00, 0x00, 0x00, 0x00, 0x00, 0x00, 0x00,
    0x00, 0x00, 0x00, 0x00, 0x00, 0x00, 0x00, 0x00, 0x00, 0x00, 0x00, 0x00, 0x00, 0x00, 0x00, 0x00, 0x00, 0x00, 0x00, 0x00, 0x00, 0x00, 0x00, 0x00,
    0x00, 0x00, 0x00, 0x00, 0x00, 0x00, 0x00, 0xaa, 0xaa, 0xaa, 0xa4, 0x00, 0x01, 0xff, 0xff, 0xff, 0xfc, 0x00, 0x01, 0xff, 0xff, 0xff, 0xfc, 0x00,
    0x01, 0xff, 0xff, 0xff, 0xfc, 0x00, 0x01, 0xff, 0xff, 0xff, 0xfc, 0x00, 0x01, 0xff, 0xd5, 0x55, 0x50, 0x00, 0x01, 0xff, 0xc0, 0x00, 0x00, 0x00,
    0x01, 0xff, 0xc0, 0x00, 0x00, 0x00, 0x01, 0xff, 0xc0, 0x00, 0x00, 0x00, 0x01, 0xff, 0xc4, 0x00, 0x00, 0x00, 0x01, 0xff, 0xff, 0xf9, 0x00, 0x00,
    0x01, 0xff, 0xff, 0xff, 0x80, 0x00, 0x01, 0xff, 0xff, 0xff, 0xf0, 0x00, 0x01, 0xff, 0xff, 0xff, 0xfc, 0x00, 0x01, 0xff, 0xff, 0xff, 0xfd, 0x00,
    0x00, 0xf8, 0x00, 0x7f, 0xff, 0x00, 0x00, 0x00, 0x00, 0x0f, 0xff, 0x40, 0x00, 0x00, 0x00, 0x03, 0xff, 0x80, 0x00, 0x00, 0x00, 0x03, 0xff, 0x80,
    0x00, 0x00, 0x00, 0x02, 0xff, 0x80, 0x00, 0x00, 0x00, 0x02, 0xff, 0x80, 0x00, 0x00, 0x00, 0x02, 0xff, 0x80, 0x00, 0x00, 0x00, 0x03, 0xff, 0x80,
    0x01, 0x00, 0x00, 0x0b, 0xff, 0x40, 0x07, 0xe0, 0x00, 0x2f, 0xff, 0x00, 0x07, 0xff, 0xab, 0xff, 0xfe, 0x00, 0x07, 0xff, 0xff, 0xff, 0xfc, 0x00,
    0x07, 0xff, 0xff, 0xff, 0xf0, 0x00, 0x07, 0xff, 0xff, 0xff, 0xc0, 0x00, 0x01, 0xbf, 0xff, 0xfd, 0x00, 0x00, 0x00, 0x01, 0x69, 0x40, 0x00, 0x00,
    0x00, 0x00, 0x00, 0x00, 0x00, 0x00, 0x00, 0x00, 0x00, 0x00, 0x00, 0x00, 0x00, 0x00, 0x00, 0x00, 0x00, 0x00, 0x00, 0x00, 0x00, 0x00, 0x00, 0x00,
    0x00, 0x00, 0x00, 0x00, 0x00, 0x00, 0x00, 0x00, 0x00, 0x00, 0x00, 0x00, 0x00, 0x00, 0x00, 0x00, 0x00, 0x00, 0x00, 0x00, 0x00, 0x00, 0x00, 0x00,
    0x00, 0x00, 0x00, 0x00, 0x00, 0x00, 0x00, 0x00, 0x00, 0x00, 0x00, 0x00, 0x00, 0x00, 0x00, 0x00, 0x00, 0x00, 0x00, 0x00, 0x1b, 0xff, 0xe4, 0x00,
    0x00, 0x00, 0xff, 0xff, 0xff, 0x00, 0x00, 0x03, 0xff, 0xff, 0xff, 0x00, 0x00, 0x0f, 0xff, 0xff, 0xff, 0x00, 0x00, 0x3f, 0xff, 0xff, 0xff, 0x00,
    0x00, 0x7f, 0xfd, 0x00, 0x7f, 0x00, 0x00, 0xff, 0xf0, 0x00, 0x00, 0x00, 0x01, 0xff, 0xd0, 0x00, 0x00, 0x00, 0x02, 0xff, 0xc0, 0x00, 0x00, 0x00,
    0x03, 0xff, 0x40, 0x40, 0x00, 0x00, 0x03, 0xff, 0x6f, 0xff, 0x40, 0x00, 0x07, 0xff, 0xff, 0xff, 0xf0, 0x00, 0x07, 0xff, 0xff, 0xff, 0xfc, 0x00,
    0x0b, 0xff, 0xff, 0xff, 0xff, 0x00, 0x0b, 0xff, 0xff, 0xbf, 0xff, 0x40, 0x0b, 0xff, 0xf0, 0x07, 0xff, 0xc0, 0x0b, 0xff, 0xc0, 0x02, 0xff, 0xc0,
    0x0b, 0xff, 0x80, 0x00, 0xff, 0xd0, 0x07, 0xff, 0x40, 0x00, 0xff, 0xd0, 0x07, 0xff, 0x40, 0x00, 0xff, 0xe0, 0x03, 0xff, 0x40, 0x00, 0xff, 0xe0,
    0x03, 0xff, 0x40, 0x00, 0xff, 0xe0, 0x03, 0xff, 0x80, 0x00, 0xff, 0xd0, 0x01, 0xff, 0xc0, 0x01, 0xff, 0xc0, 0x00, 0xff, 0xe0, 0x03, 0xff, 0xc0,
    0x00, 0xbf, 0xfe, 0x6f, 0xff, 0x40, 0x00, 0x3f, 0xff, 0xff, 0xff, 0x00, 0x00, 0x1f, 0xff, 0xff, 0xfc, 0x00, 0x00, 0x07, 0xff, 0xff, 0xf0, 0x00,
    0x00, 0x00, 0xbf, 0xff, 0x80, 0x00, 0x00, 0x00, 0x05, 0x94, 0x00, 0x00, 0x00, 0x00, 0x00, 0x00, 0x00, 0x00, 0x00, 0x00, 0x00, 0x00, 0x00, 0x00,
    0x00, 0x00, 0x00, 0x00, 0x00, 0x00, 0x00, 0x00, 0x00, 0x00, 0x00, 0x00, 0x00, 0x00, 0x00, 0x00, 0x00, 0x00, 0x00, 0x00, 0x00, 0x00, 0x00, 0x00,
    0x00, 0x00, 0x00, 0x00, 0x00, 0x00, 0x00, 0x00, 0x00, 0x00, 0x00, 0x00, 0x00, 0x00, 0x00, 0x00, 0x00, 0x00, 0x00, 0x00, 0x00, 0x00, 0x00, 0x00,
    0x00, 0x00, 0x00, 0x00, 0x00, 0x00, 0x02, 0xaa, 0xaa, 0xaa, 0xaa, 0x40, 0x03, 0xff, 0xff, 0xff, 0xff, 0xc0, 0x03, 0xff, 0xff, 0xff, 0xff, 0xc0,
    0x03, 0xff, 0xff, 0xff, 0xff, 0x80, 0x03, 0xff, 0xff, 0xff, 0xff, 0x40, 0x01, 0x55, 0x55, 0x5f, 0xff, 0x00, 0x00, 0x00, 0x00, 0x0f, 0xfe, 0x00,
    0x00, 0x00, 0x00, 0x1f, 0xfd, 0x00, 0x00, 0x00, 0x00, 0x2f, 0xfc, 0x00, 0x00, 0x00, 0x00, 0x3f, 0xf8, 0x00, 0x00, 0x00, 0x00, 0x7f, 0xf0, 0x00,
    0x00, 0x00, 0x00, 0xbf, 0xf0, 0x00, 0x00, 0x00, 0x00, 0xff, 0xe0, 0x00, 0x00, 0x00, 0x01, 0xff, 0xc0, 0x00, 0x00, 0x00, 0x03, 0xff, 0xc0, 0x00,
    0x00, 0x00, 0x03, 0xff, 0x80, 0x00, 0x00, 0x00, 0x07, 0xff, 0x00, 0x00, 0x00, 0x00, 0x0f, 0xff, 0x00, 0x00, 0x00, 0x00, 0x0f, 0xfd, 0x00, 0x00,
    0x00, 0x00, 0x2f, 0xfc, 0x00, 0x00, 0x00, 0x00, 0x3f, 0xfc, 0x00, 0x00, 0x00, 0x00, 0x3f, 0xf4, 0x00, 0x00, 0x00, 0x00, 0xbf, 0xf0, 0x00, 0x00,
    0x00, 0x00, 0xff, 0xe0, 0x00, 0x00, 0x00, 0x00, 0xff, 0xd0, 0x00, 0x00, 0x00, 0x02, 0xff, 0xc0, 0x00, 0x00, 0x00, 0x03, 0xff, 0x80, 0x00, 0x00,
    0x00, 0x07, 0xff, 0x40, 0x00, 0x00, 0x00, 0x0b, 0xff, 0x00, 0x00, 0x00, 0x00, 0x07, 0xfe, 0x00, 0x00, 0x00, 0x00, 0x00, 0x00, 0x00, 0x00, 0x00,
    0x00, 0x00, 0x00, 0x00, 0x00, 0x00, 0x00, 0x00, 0x00, 0x00, 0x00, 0x00, 0x00, 0x00, 0x00, 0x00, 0x00, 0x00, 0x00, 0x00, 0x00, 0x00, 0x00, 0x00,
    0x00, 0x00, 0x00, 0x00, 0x00, 0x00, 0x00, 0x00, 0x00, 0x00, 0x00, 0x00, 0x00, 0x00, 0x00, 0x00, 0x00, 0x00, 0x00, 0x00, 0x00, 0x00, 0x00, 0x00,
    0x00, 0x00, 0x00, 0x00, 0x00, 0x00, 0x00, 0x00, 0x00, 0x00, 0x00, 0x00, 0x00, 0x00, 0x00, 0x00, 0x00, 0x00, 0x00, 0x01, 0xbf, 0xfe, 0x00, 0x00,
    0x00, 0x0f, 0xff, 0xff, 0xe0, 0x00, 0x00, 0x3f, 0xff, 0xff, 0xfc, 0x00, 0x00, 0xff, 0xff, 0xff, 0xfe, 0x00, 0x01, 0xff, 0xff, 0xff, 0xff, 0x00,
    0x02, 0xff, 0xe0, 0x0b, 0xff, 0x40, 0x03, 0xff, 0x80, 0x03, 0xff, 0x80, 0x03, 0xff, 0x40, 0x02, 0xff, 0xc0, 0x03, 0xff, 0x40, 0x02, 0xff, 0xc0,
    0x03, 0xff, 0x40, 0x02, 0xff, 0x80, 0x02, 0xff, 0xc0, 0x03, 0xff, 0x40, 0x01, 0xff, 0xf4, 0x1f, 0xff, 0x00, 0x00, 0xbf, 0xff, 0xff, 0xfd, 0x00,
    0x00, 0x3f, 0xff, 0xff, 0xf8, 0x00, 0x00, 0x1f, 0xff, 0xff, 0xf4, 0x00, 0x00, 0xbf, 0xff, 0xff, 0xfd, 0x00, 0x01, 0xff, 0xff, 0xff, 0xff, 0x00,
    0x03, 0xff, 0xd0, 0x0b, 0xff, 0x80, 0x07, 0xff, 0x40, 0x02, 0xff, 0xc0, 0x0b, 0xff, 0x00, 0x00, 0xff, 0xd0, 0x0b, 0xff, 0x00, 0x00, 0xff, 0xd0,
    0x0b, 0xfe, 0x00, 0x00, 0xff, 0xd0, 0x0b, 0xff, 0x00, 0x00, 0xff, 0xd0, 0x07, 0xff, 0x00, 0x01, 0xff, 0xc0, 0x03, 0xff, 0xc0, 0x03, 0xff, 0xc0,
    0x03, 0xff, 0xf9, 0x6f, 0xff, 0x80, 0x01, 0xff, 0xff, 0xff, 0xff, 0x00, 0x00, 0xbf, 0xff, 0xff, 0xfd, 0x00, 0x00, 0x2f, 0xff, 0xff, 0xf4, 0x00,
    0x00, 0x07, 0xff, 0xff, 0x80, 0x00, 0x00, 0x00, 0x16, 0x54, 0x00, 0x00, 0x00, 0x00, 0x00, 0x00, 0x00, 0x00, 0x00, 0x00, 0x00, 0x00, 0x00, 0x00,
    0x00, 0x00, 0x00, 0x00, 0x00, 0x00, 0x00, 0x00, 0x00, 0x00, 0x00, 0x00, 0x00, 0x00, 0x00, 0x00, 0x00, 0x00, 0x00, 0x00, 0x00, 0x00, 0x00, 0x00,
    0x00, 0x00, 0x00, 0x00, 0x00, 0x00, 0x00, 0x00, 0x00, 0x00, 0x00, 0x00, 0x00, 0x00, 0x00, 0x00, 0x00, 0x00, 0x00, 0x00, 0x00, 0x00, 0x00, 0x00,
    0x00, 0x00, 0x00, 0x00, 0x00, 0x00, 0x00, 0x01, 0xbf, 0xf9, 0x00, 0x00, 0x00, 0x0f, 0xff, 0xff, 0x80, 0x00, 0x00, 0x3f, 0xff, 0xff, 0xf0, 0x00,
    0x00, 0xff, 0xff, 0xff, 0xf8, 0x00, 0x02, 0xff, 0xff, 0xff, 0xfc, 0x00, 0x03, 0xff, 0xd0, 0x1f, 0xfe, 0x00, 0x07, 0xff, 0x40, 0x07, 0xff, 0x00,
    0x0b, 0xff, 0x00, 0x03, 0xff, 0x40, 0x0b, 0xfe, 0x00, 0x03, 0xff, 0x80, 0x0f, 0xfe, 0x00, 0x02, 0xff, 0xc0, 0x0f, 0xfe, 0x00, 0x02, 0xff, 0xc0,
    0x0f, 0xfe, 0x00, 0x02, 0xff, 0xc0, 0x0b, 0xff, 0x00, 0x03, 0xff, 0xc0, 0x07, 0xff, 0x00, 0x03, 0xff, 0xd0, 0x03, 0xff, 0xc0, 0x0f, 0xff, 0xd0,
    0x03, 0xff, 0xf5, 0x7f, 0xff, 0xd0, 0x01, 0xff, 0xff, 0xff, 0xff, 0xd0, 0x00, 0xbf, 0xff, 0xff, 0xff, 0xc0, 0x00, 0x2f, 0xff, 0xff, 0xff, 0xc0,
    0x00, 0x07, 0xff, 0xfe, 0xff, 0xc0, 0x00, 0x00, 0x1a, 0x52, 0xff, 0xc0, 0x00, 0x00, 0x00, 0x03, 0xff, 0x80, 0x00, 0x00, 0x00, 0x07, 0xff, 0x00,
    0x00, 0x00, 0x00, 0x0f, 0xff, 0x00, 0x00, 0xe4, 0x00, 0x3f, 0xfd, 0x00, 0x00, 0xff, 0xab, 0xff, 0xfc, 0x00, 0x01, 0xff, 0xff, 0xff, 0xf0, 0x00,
    0x01, 0xff, 0xff, 0xff, 0xd0, 0x00, 0x00, 0xff, 0xff, 0xff, 0x40, 0x00, 0x00, 0x6f, 0xff, 0xf8, 0x00, 0x00, 0x00, 0x01, 0x69, 0x00, 0x00, 0x00,
    0x00, 0x00, 0x00, 0x00, 0x00, 0x00, 0x00, 0x00, 0x00, 0x00, 0x00, 0x00, 0x00, 0x00, 0x00, 0x00, 0x00, 0x00, 0x00, 0x00, 0x00, 0x00, 0x00, 0x00,
    0x00, 0x00, 0x00, 0x00, 0x00, 0x00, 0x00, 0x00, 0x00, 0x00, 0x00, 0x00, 0x00, 0x00, 0x00, 0x00, 0x00, 0x00, 0x00, 0x00, 0x00, 0x00, 0x00, 0x00,
    0x00, 0x00, 0x00, 0x00, 0x00, 0x00, 0x00, 0x00, 0x00, 0x00, 0x00, 0x00, 0x00, 0x00, 0x00, 0x00, 0x00, 0x00, 0x00, 0x00, 0x00, 0x00, 0x00, 0x00,
    0x00, 0x00, 0x00, 0x00, 0x00, 0x00, 0x00, 0x00, 0x00, 0x00, 0x00, 0x00, 0x00, 0x6a, 0x80, 0x00, 0x00, 0xff, 0xe0, 0x00, 0x00, 0xff, 0xe0, 0x00,
    0x00, 0xff, 0xe0, 0x00, 0x00, 0xff, 0xe0, 0x00, 0x00, 0xff, 0xe0, 0x00, 0x00, 0xbf, 0xd0, 0x00, 0x00, 0x00, 0x00, 0x00, 0x00, 0x00, 0x00, 0x00,
    0x00, 0x00, 0x00, 0x00, 0x00, 0x00, 0x00, 0x00, 0x00, 0x00, 0x00, 0x00, 0x00, 0x00, 0x00, 0x00, 0x00, 0x00, 0x00, 0x00, 0x00, 0x00, 0x00, 0x00,
    0x00, 0x6a, 0x80, 0x00, 0x00, 0xff, 0xe0, 0x00, 0x00, 0xff, 0xe0, 0x00, 0x00, 0xff, 0xe0, 0x00, 0x00, 0xff, 0xe0, 0x00, 0x00, 0xff, 0xe0, 0x00,
    0x00, 0xbf, 0xd0, 0x00, 0x00, 0x00, 0x00, 0x00, 0x00, 0x00, 0x00, 0x00, 0x00, 0x00, 0x00, 0x00, 0x00, 0x00, 0x00, 0x00, 0x00, 0x00, 0x00, 0x00,
    0x00, 0x00, 0x00, 0x00, 0x00, 0x00, 0x00, 0x00, 0x00, 0x00, 0x00, 0x00, 0x00, 0x00, 0x00, 0x00, 0x00, 0x00, 0x00, 0x00, 0x00, 0x00, 0x00, 0x00,
    0x00, 0x00, 0x00, 0x00, 0x00, 0x00, 0x00, 0x00, 0x00, 0x00, 0x00, 0x00, 0x00, 0x00, 0x00, 0x00, 0x00, 0x00, 0x00, 0x00, 0x00, 0x00, 0x00, 0x00,
    0x00, 0x00, 0x00, 0x00, 0x00, 0x00, 0x00, 0x00, 0x00, 0x00, 0x00, 0x00, 0x00, 0x6a, 0x80, 0x00, 0x00, 0xff, 0xe0, 0x00, 0x00, 0xff, 0xe0, 0x00,
    0x00, 0xff, 0xe0, 0x00, 0x00, 0xff, 0xe0, 0x00, 0x00, 0xff, 0xe0, 0x00, 0x00, 0xbf, 0xd0, 0x00, 0x00, 0x00, 0x00, 0x00, 0x00, 0x00, 0x00, 0x00,
    0x00, 0x00, 0x00, 0x00, 0x00, 0x00, 0x00, 0x00, 0x00, 0x00, 0x00, 0x00, 0x00, 0x00, 0x00, 0x00, 0x00, 0x00, 0x00, 0x00, 0x00, 0x00, 0x00, 0x00,
    0x00, 0x6a, 0x80, 0x00, 0x00, 0xff, 0xe0, 0x00, 0x00, 0xff, 0xe0, 0x00, 0x00, 0xff, 0xe0, 0x00, 0x00, 0xff, 0xe0, 0x00, 0x00, 0xff, 0xc0, 0x00,
    0x01, 0xff, 0x80, 0x00, 0x02, 0xff, 0x00, 0x00, 0x03, 0xff, 0x00, 0x00, 0x03, 0xfd, 0x00, 0x00, 0x07, 0xfc, 0x00, 0x00, 0x01, 0x50, 0x00, 0x00,
    0x00, 0x00, 0x00, 0x00, 0x00, 0x00, 0x00, 0x00, 0x00, 0x00, 0x00, 0x00, 0x00, 0x00, 0x00, 0x00, 0x00, 0x00, 0x00, 0x00, 0x00, 0x00, 0x00, 0x00,
    0x00, 0x00, 0x00, 0x00, 0x00, 0x00, 0x00, 0x00, 0x00, 0x00, 0x00, 0x00, 0x00, 0x00, 0x00, 0x00, 0x00, 0x00, 0x00, 0x00, 0x00, 0x00, 0x00, 0x00,
    0x00, 0x00, 0x00, 0x00, 0x00, 0x00, 0x00, 0x00, 0x00, 0x00, 0x00, 0x00, 0x00, 0x00, 0x00, 0x00, 0x00, 0x00, 0x00, 0x00, 0x00, 0x00, 0x00, 0x00,
    0x00, 0x00, 0x00, 0x00, 0x00, 0x00, 0x00, 0x00, 0x00, 0x00, 0x00, 0x00, 0x00, 0x00, 0x00, 0x00, 0x00, 0x00, 0x00, 0x00, 0x00, 0x00, 0x00, 0x00,
    0x00, 0x00, 0x00, 0x00, 0x00, 0x00, 0x00, 0x00, 0x00, 0x00, 0x00, 0x00, 0x00, 0x00, 0xbc, 0x00, 0x00, 0x00, 0x00, 0x00, 0x00, 0x1b, 0xfc, 0x00,
    0x00, 0x00, 0x00, 0x00, 0x02, 0xff, 0xfc, 0x00, 0x00, 0x00, 0x00, 0x00, 0x6f, 0xff, 0xfc, 0x00, 0x00, 0x00, 0x00, 0x0b, 0xff, 0xff, 0xfc, 0x00,
    0x00, 0x00, 0x01, 0xbf, 0xff, 0xff, 0xe0, 0x00, 0x00, 0x00, 0x1f, 0xff, 0xff, 0xfd, 0x00, 0x00, 0x00, 0x06, 0xff, 0xff, 0xff, 0x80, 0x00, 0x00,
    0x00, 0x7f, 0xff, 0xff, 0xf4, 0x00, 0x00, 0x00, 0x01, 0xff, 0xff, 0xfe, 0x00, 0x00, 0x00, 0x00, 0x01, 0xff, 0xff, 0x90, 0x00, 0x00, 0x00, 0x00,
    0x01, 0xff, 0xff, 0x80, 0x00, 0x00, 0x00, 0x00, 0x01, 0xff, 0xff, 0xf9, 0x00, 0x00, 0x00, 0x00, 0x00, 0xbf, 0xff, 0xff, 0xe0, 0x00, 0x00, 0x00,
    0x00, 0x07, 0xff, 0xff, 0xff, 0x40, 0x00, 0x00, 0x00, 0x00, 0x6f, 0xff, 0xff, 0xf8, 0x00, 0x00, 0x00, 0x00, 0x01, 0xff, 0xff, 0xff, 0xd0, 0x00,
    0x00, 0x00, 0x00, 0x1b, 0xff, 0xff, 0xfc, 0x00, 0x00, 0x00, 0x00, 0x00, 0x7f, 0xff, 0xfc, 0x00, 0x00, 0x00, 0x00, 0x00, 0x06, 0xff, 0xfc, 0x00,
    0x00, 0x00, 0x00, 0x00, 0x00, 0x1f, 0xfc, 0x00, 0x00, 0x00, 0x00, 0x00, 0x00, 0x01, 0xbc, 0x00, 0x00, 0x00, 0x00, 0x00, 0x00, 0x00, 0x00, 0x00,
    0x00, 0x00, 0x00, 0x00, 0x00, 0x00, 0x00, 0x00, 0x00, 0x00, 0x00, 0x00, 0x00, 0x00, 0x00, 0x00, 0x00, 0x00, 0x00, 0x00, 0x00, 0x00, 0x00, 0x00,
    0x00, 0x00, 0x00, 0x00, 0x00, 0x00, 0x00, 0x00, 0x00, 0x00, 0x00, 0x00, 0x00, 0x00, 0x00, 0x00, 0x00, 0x00, 0x00, 0x00, 0x00, 0x00, 0x00, 0x00,
    0x00, 0x00, 0x00, 0x00, 0x00, 0x00, 0x00, 0x00, 0x00, 0x00, 0x00, 0x00, 0x00, 0x00, 0x00, 0x00, 0x00, 0x00, 0x00, 0x00, 0x00, 0x00, 0x00, 0x00,
    0x00, 0x00, 0x00, 0x00, 0x00, 0x00, 0x00, 0x00, 0x00, 0x00, 0x00, 0x00, 0x00, 0x00, 0x00, 0x00, 0x00, 0x00, 0x00, 0x00, 0x00, 0x00, 0x00, 0x00,
    0x00, 0x00, 0x00, 0x00, 0x00, 0x00, 0x00, 0x00, 0x00, 0x00, 0x00, 0x00, 0x00, 0x00, 0x00, 0x00, 0x00, 0x00, 0x00, 0x00, 0x00, 0x00, 0x00, 0x00,
    0x00, 0x00, 0x00, 0x00, 0x00, 0x00, 0x00, 0x00, 0x00, 0x00, 0x00, 0x00, 0x00, 0x00, 0x00, 0x00, 0x00, 0x00, 0x00, 0x00, 0x00, 0x00, 0x00, 0x00,
    0x00, 0x00, 0x00, 0x00, 0x00, 0x00, 0x00, 0x00, 0x00, 0x00, 0x00, 0x00, 0x00, 0x00, 0x00, 0x00, 0x00, 0x00, 0x00, 0x00, 0x00, 0x00, 0x00, 0x00,
    0x00, 0x00, 0x00, 0x00, 0x00, 0x00, 0x00, 0x00, 0x00, 0x00, 0x00, 0x00, 0x00, 0x00, 0x00, 0x00, 0x00, 0x15, 0x55, 0x55, 0x55, 0x55, 0x50, 0x00,
    0x01, 0xff, 0xff, 0xff, 0xff, 0xff, 0xfc, 0x00, 0x01, 0xff, 0xff, 0xff, 0xff, 0xff, 0xfc, 0x00, 0x01, 0xff, 0xff, 0xff, 0xff, 0xff, 0xfc, 0x00,
    0x01, 0xff, 0xff, 0xff, 0xff, 0xff, 0xfc, 0x00, 0x00, 0xff, 0xff, 0xff, 0xff, 0xff, 0xf8, 0x00, 0x00, 0x00, 0x00, 0x00, 0x00, 0x00, 0x00, 0x00,
    0x00, 0x00, 0x00, 0x00, 0x00, 0x00, 0x00, 0x00, 0x00, 0xaa, 0xaa, 0xaa, 0xaa, 0xaa, 0xa4, 0x00, 0x01, 0xff, 0xff, 0xff, 0xff, 0xff, 0xfc, 0x00,
    0x01, 0xff, 0xff, 0xff, 0xff, 0xff, 0xfc, 0x00, 0x01, 0xff, 0xff, 0xff, 0xff, 0xff, 0xfc, 0x00, 0x01, 0xff, 0xff, 0xff, 0xff, 0xff, 0xfc, 0x00,
    0x00, 0x55, 0x55, 0x55, 0x55, 0x55, 0x50, 0x00, 0x00, 0x00, 0x00, 0x00, 0x00, 0x00, 0x00, 0x00, 0x00, 0x00, 0x00, 0x00, 0x00, 0x00, 0x00, 0x00,
    0x00, 0x00, 0x00, 0x00, 0x00, 0x00, 0x00, 0x00, 0x00, 0x00, 0x00, 0x00, 0x00, 0x00, 0x00, 0x00, 0x00, 0x00, 0x00, 0x00, 0x00, 0x00, 0x00, 0x00,
    0x00, 0x00, 0x00, 0x00, 0x00, 0x00, 0x00, 0x00, 0x00, 0x00, 0x00, 0x00, 0x00, 0x00, 0x00, 0x00, 0x00, 0x00, 0x00, 0x00, 0x00, 0x00, 0x00, 0x00,
    0x00, 0x00, 0x00, 0x00, 0x00, 0x00, 0x00, 0x00, 0x00, 0x00, 0x00, 0x00, 0x00, 0x00, 0x00, 0x00, 0x00, 0x00, 0x00, 0x00, 0x00, 0x00, 0x00, 0x00,
    0x00, 0x00, 0x00, 0x00, 0x00, 0x00, 0x00, 0x00, 0x00, 0x00, 0x00, 0x00, 0x00, 0x00, 0x00, 0x00, 0x00, 0x00, 0x00, 0x00, 0x00, 0x00, 0x00, 0x00,
    0x00, 0x00, 0x00, 0x00, 0x00, 0x00, 0x00, 0x00, 0x00, 0x00, 0x00, 0x00, 0x00, 0x00, 0x00, 0x00, 0x00, 0x00, 0x00, 0x00, 0x00, 0x00, 0x00, 0x00,
    0x00, 0x00, 0x00, 0x00, 0x00, 0x00, 0x00, 0x00, 0x00, 0x00, 0x00, 0x00, 0x00, 0x00, 0x00, 0x00, 0x00, 0x00, 0x00, 0x00, 0x00, 0x00, 0x00, 0x00,
    0x00, 0x00, 0x00, 0x00, 0x00, 0x00, 0x00, 0x00, 0x00, 0x00, 0x00, 0x00, 0x00, 0x00, 0x00, 0x00, 0x00, 0x00, 0x00, 0x00, 0x00, 0x00, 0x00, 0x00,
    0x00, 0x00, 0x00, 0x00, 0x00, 0x00, 0x00, 0x00, 0x00, 0xf4, 0x00, 0x00, 0x00, 0x00, 0x00, 0x00, 0x01, 0xff, 0x80, 0x00, 0x00, 0x00, 0x00, 0x00,
    0x01, 0xff, 0xfd, 0x00, 0x00, 0x00, 0x00, 0x00, 0x01, 0xff, 0xff, 0xe0, 0x00, 0x00, 0x00, 0x00, 0x01, 0xff, 0xff, 0xff, 0x40, 0x00, 0x00, 0x00,
    0x00, 0x6f, 0xff, 0xff, 0xf8, 0x00, 0x00, 0x00, 0x00, 0x02, 0xff, 0xff, 0xff, 0xd0, 0x00, 0x00, 0x00, 0x00, 0x1b, 0xff, 0xff, 0xfe, 0x00, 0x00,
    0x00, 0x00, 0x00, 0x7f, 0xff, 0xff, 0xe4, 0x00, 0x00, 0x00, 0x00, 0x06, 0xff, 0xff, 0xfc, 0x00, 0x00, 0x00, 0x00, 0x00, 0x1f, 0xff, 0xfc, 0x00,
    0x00, 0x00, 0x00, 0x00, 0x1b, 0xff, 0xfc, 0x00, 0x00, 0x00, 0x00, 0x01, 0xff, 0xff, 0xfc, 0x00, 0x00, 0x00, 0x00, 0x6f, 0xff, 0xff, 0xf4, 0x00,
    0x00, 0x00, 0x0b, 0xff, 0xff, 0xfe, 0x40, 0x00, 0x00, 0x01, 0xbf, 0xff, 0xff, 0xe0, 0x00, 0x00, 0x00, 0x2f, 0xff, 0xff, 0xf9, 0x00, 0x00, 0x00,
    0x00, 0xff, 0xff, 0xff, 0x80, 0x00, 0x00, 0x00, 0x01, 0xff, 0xff, 0xe4, 0x00, 0x00, 0x00, 0x00, 0x01, 0xff, 0xfe, 0x00, 0x00, 0x00, 0x00, 0x00,
    0x01, 0xff, 0xd0, 0x00, 0x00, 0x00, 0x00, 0x00, 0x00, 0xf8, 0x00, 0x00, 0x00, 0x00, 0x00, 0x00, 0x00, 0x00, 0x00, 0x00, 0x00, 0x00, 0x00, 0x00,
    0x00, 0x00, 0x00, 0x00, 0x00, 0x00, 0x00, 0x00, 0x00, 0x00, 0x00, 0x00, 0x00, 0x00, 0x00, 0x00, 0x00, 0x00, 0x00, 0x00, 0x00, 0x00, 0x00, 0x00,
    0x00, 0x00, 0x00, 0x00, 0x00, 0x00, 0x00, 0x00, 0x00, 0x00, 0x00, 0x00, 0x00, 0x00, 0x00, 0x00, 0x00, 0x00, 0x00, 0x00, 0x00, 0x00, 0x00, 0x00,
    0x00, 0x00, 0x00, 0x00, 0x00, 0x00, 0x00, 0x00, 0x00, 0x00, 0x00, 0x00, 0x00, 0x00, 0x00, 0x00, 0x00, 0x00, 0x00, 0x00, 0x00, 0x00, 0x00, 0x00,
    0x00, 0x00, 0x00, 0x00, 0x00, 0x00, 0x00, 0x00, 0x00, 0x00, 0x00, 0x00, 0x1b, 0xff, 0xd0, 0x00, 0x01, 0xff, 0xff, 0xfc, 0x00, 0x07, 0xff, 0xff,
    0xff, 0x00, 0x0b, 0xff, 0xff, 0xff, 0xc0, 0x0b, 0xff, 0xff, 0xff, 0xd0, 0x0b, 0xf8, 0x02, 0xff, 0xe0, 0x07, 0xc0, 0x00, 0xff, 0xe0, 0x01, 0x00,
    0x00, 0xbf, 0xe0, 0x00, 0x00, 0x00, 0xff, 0xe0, 0x00, 0x00, 0x01, 0xff, 0xd0, 0x00, 0x00, 0x03, 0xff, 0xc0, 0x00, 0x00, 0x0f, 0xff, 0x40, 0x00,
    0x00, 0x3f, 0xfe, 0x00, 0x00, 0x00, 0xff, 0xfc, 0x00, 0x00, 0x01, 0xff, 0xf0, 0x00, 0x00, 0x03, 0xff, 0xc0, 0x00, 0x00, 0x03, 0xff, 0x40, 0x00,
    0x00, 0x07, 0xff, 0x00, 0x00, 0x00, 0x07, 0xff, 0x00, 0x00, 0x00, 0x07, 0xff, 0x00, 0x00, 0x00, 0x07, 0xff, 0x00, 0x00, 0x00, 0x07, 0xff, 0x00,
    0x00, 0x00, 0x01, 0xa8, 0x00, 0x00, 0x00, 0x02, 0xa9, 0x00, 0x00, 0x00, 0x07, 0xff, 0x00, 0x00, 0x00, 0x07, 0xff, 0x00, 0x00, 0x00, 0x07, 0xff,
    0x00, 0x00, 0x00, 0x07, 0xff, 0x00, 0x00, 0x00, 0x07, 0xff, 0x00, 0x00, 0x00, 0x03, 0xfe, 0x00, 0x00, 0x00, 0x00, 0x00, 0x00, 0x00, 0x00, 0x00,
    0x00, 0x00, 0x00, 0x00, 0x00, 0x00, 0x00, 0x00, 0x00, 0x00, 0x00, 0x00, 0x00, 0x00, 0x00, 0x00, 0x00, 0x00, 0x00, 0x00, 0x00, 0x00, 0x00, 0x00,
    0x00, 0x00, 0x00, 0x00, 0x00, 0x00, 0x00, 0x00, 0x00, 0x00, 0x00, 0x00, 0x00, 0x00, 0x00, 0x00, 0x00, 0x00, 0x00, 0x00, 0x00, 0x00, 0x00, 0x00,
    0x00, 0x00, 0x00, 0x00, 0x00, 0x00, 0x00, 0x00, 0x00, 0x00, 0x00, 0x00, 0x00, 0x00, 0x00, 0x00, 0x00, 0x00, 0x00, 0x00, 0x00, 0x00, 0x00, 0x00,
    0x00, 0x00, 0x00, 0x00, 0x00, 0x00, 0x00, 0x00, 0x00, 0x00, 0x00, 0x00, 0x00, 0x00, 0x00, 0x00, 0x00, 0x00, 0x00, 0x00, 0x00, 0x01, 0xaa, 0x90,
    0x00, 0x00, 0x00, 0x00, 0x00, 0x00, 0xbf, 0xff, 0xff, 0x80, 0x00, 0x00, 0x00, 0x00, 0x0b, 0xff, 0xff, 0xff, 0xf4, 0x00, 0x00, 0x00, 0x00, 0x3f,
    0xff, 0xff, 0xff, 0xff, 0x00, 0x00, 0x00, 0x00, 0xff, 0xff, 0xff, 0xff, 0xff, 0xc0, 0x00, 0x00, 0x03, 0xff, 0xf9, 0x00, 0x1b, 0xff, 0xf0, 0x00,
    0x00, 0x0f, 0xff, 0x80, 0x00, 0x00, 0xbf, 0xfc, 0x00, 0x00, 0x2f, 0xfd, 0x00, 0x00, 0x00, 0x1f, 0xfd, 0x00, 0x00, 0x7f, 0xf4, 0x00, 0x10, 0x00,
    0x07, 0xff, 0x00, 0x00, 0xff, 0xd0, 0x0b, 0xff, 0x8f, 0xf2, 0xff, 0x40, 0x01, 0xff, 0x80, 0x3f, 0xff, 0xff, 0xf0, 0xff, 0xc0, 0x02, 0xff, 0x00,
    0xff, 0xff, 0xff, 0xf0, 0x7f, 0xc0, 0x03, 0xfe, 0x02, 0xff, 0xff, 0xff, 0xf0, 0x3f, 0xd0, 0x03, 0xfd, 0x03, 0xff, 0xd6, 0xff, 0xf0, 0x3f, 0xe0,
    0x07, 0xfc, 0x07, 0xff, 0x00, 0x7f, 0xf0, 0x2f, 0xe0, 0x0b, 0xfc, 0x0b, 0xfc, 0x00, 0x3f, 0xf0, 0x2f, 0xf0, 0x0b, 0xf8, 0x0f, 0xfc, 0x00, 0x2f,
    0xf0, 0x2f, 0xe0, 0x0b, 0xf8, 0x0f, 0xfc, 0x00, 0x1f, 0xf0, 0x2f, 0xe0, 0x0b, 0xf8, 0x0f, 0xfc, 0x00, 0x1f, 0xf0, 0x3f, 0xe0, 0x0b, 0xf8, 0x0f,
    0xfc, 0x00, 0x2f, 0xf0, 0x3f, 0xd0, 0x0b, 0xfc, 0x0b, 0xfc, 0x00, 0x3f, 0xf0, 0xbf, 0xc0, 0x07, 0xfc, 0x07, 0xfe, 0x00, 0x7f, 0xf2, 0xff, 0x80,
    0x03, 0xfd, 0x03, 0xff, 0x96, 0xff, 0xff, 0xff, 0x00, 0x03, 0xfe, 0x02, 0xff, 0xff, 0xff, 0xff, 0xfd, 0x00, 0x02, 0xff, 0x00, 0xff, 0xff, 0xff,
    0xff, 0xf8, 0x00, 0x01, 0xff, 0x80, 0x3f, 0xff, 0xff, 0xff, 0xd0, 0x00, 0x00, 0xff, 0xd0, 0x0b, 0xff, 0xdf, 0xfd, 0x00, 0x00, 0x00, 0x7f, 0xf4,
    0x00, 0x54, 0x05, 0x40, 0x00, 0x00, 0x00, 0x2f, 0xfd, 0x00, 0x00, 0x00, 0x2d, 0x00, 0x00, 0x00, 0x0f, 0xff, 0x80, 0x00, 0x01, 0xff, 0x00, 0x00,
    0x00, 0x03, 0xff, 0xfd, 0x00, 0x6f, 0xff, 0x80, 0x00, 0x00, 0x00, 0xff, 0xff, 0xff, 0xff, 0xff, 0x80, 0x00, 0x00, 0x00, 0x3f, 0xff, 0xff, 0xff,
    0xfd, 0x00, 0x00, 0x00, 0x00, 0x07, 0xff, 0xff, 0xff, 0xe0, 0x00, 0x00, 0x00, 0x00, 0x00, 0x00, 0x00, 0x00, 0x00, 0x00, 0x00, 0x00, 0x00, 0x00,
    0x00, 0x00, 0x00, 0x00, 0x00, 0x00, 0x00, 0x00, 0x00, 0x00, 0x00, 0x00, 0x00, 0x00, 0x00, 0x00, 0x00, 0x00, 0x00, 0x00, 0x00, 0x00, 0x00, 0x00,
    0x00, 0x00, 0x00, 0x00, 0x00, 0x00, 0x00, 0x00, 0x00, 0x00, 0x00, 0x00, 0x00, 0x00, 0x00, 0x0a, 0xa8, 0x00, 0x00, 0x00, 0x00, 0x00, 0x1f, 0xff,
    0x00, 0x00, 0x00, 0x00, 0x00, 0x2f, 0xff, 0x00, 0x00, 0x00, 0x00, 0x00, 0x3f, 0xff, 0x40, 0x00, 0x00, 0x00, 0x00, 0x7f, 0xff, 0xc0, 0x00, 0x00,
    0x00, 0x00, 0xbf, 0xff, 0xc0, 0x00, 0x00, 0x00, 0x00, 0xff, 0xff, 0xd0, 0x00, 0x00, 0x00, 0x01, 0xff, 0xff, 0xf0, 0x00, 0x00, 0x00, 0x03, 0xff,
    0xff, 0xf0, 0x00, 0x00, 0x00, 0x03, 0xff, 0x3f, 0xf8, 0x00, 0x00, 0x00, 0x07, 0xff, 0x2f, 0xfc, 0x00, 0x00, 0x00, 0x0f, 0xfe, 0x0f, 0xfc, 0x00,
    0x00, 0x00, 0x0f, 0xfc, 0x0f, 0xfe, 0x00, 0x00, 0x00, 0x1f, 0xfc, 0x0b, 0xff, 0x00, 0x00, 0x00, 0x3f, 0xf8, 0x03, 0xff, 0x00, 0x00, 0x00, 0x3f,
    0xf0, 0x03, 0xff, 0x80, 0x00, 0x00, 0xbf, 0xf0, 0x02, 0xff, 0xc0, 0x00, 0x00, 0xff, 0xe0, 0x01, 0xff, 0xc0, 0x00, 0x00, 0xff, 0xff, 0xff, 0xff,
    0xe0, 0x00, 0x02, 0xff, 0xff, 0xff, 0xff, 0xf0, 0x00, 0x03, 0xff, 0xff, 0xff, 0xff, 0xf4, 0x00, 0x03, 0xff, 0xff, 0xff, 0xff, 0xf8, 0x00, 0x0b,
    0xff, 0xff, 0xff, 0xff, 0xfc, 0x00, 0x0f, 0xfe, 0x00, 0x00, 0x0f, 0xfd, 0x00, 0x1f, 0xfd, 0x00, 0x00, 0x0f, 0xfe, 0x00, 0x2f, 0xfc, 0x00, 0x00,
    0x0b, 0xff, 0x00, 0x3f, 0xf8, 0x00, 0x00, 0x07, 0xff, 0x40, 0x7f, 0xf4, 0x00, 0x00, 0x03, 0xff, 0x80, 0xbf, 0xf0, 0x00, 0x00, 0x02, 0xff, 0xc0,
    0x7f, 0xe0, 0x00, 0x00, 0x00, 0xff, 0xc0, 0x00, 0x00, 0x00, 0x00, 0x00, 0x00, 0x00, 0x00, 0x00, 0x00, 0x00, 0x00, 0x00, 0x00, 0x00, 0x00, 0x00,
    0x00, 0x00, 0x00, 0x00, 0x00, 0x00, 0x00, 0x00, 0x00, 0x00, 0x00, 0x00, 0x00, 0x00, 0x00, 0x00, 0x00, 0x00, 0x00, 0x00, 0x00, 0x00, 0x00, 0x00,
    0x00, 0x00, 0x00, 0x00, 0x00, 0x00, 0x00, 0x00, 0x00, 0x00, 0x00, 0x00, 0x00, 0x00, 0x00, 0x00, 0x00, 0x00, 0x00, 0x00, 0x00, 0x00, 0x00, 0x00,
    0x00, 0x00, 0x00, 0x00, 0x00, 0x00, 0x00, 0x00, 0x00, 0x00, 0x00, 0x00, 0x00, 0x00, 0x00, 0x00, 0x00, 0x00, 0x00, 0x00, 0xaa, 0xaa, 0xa9, 0x00,
    0x00, 0x00, 0x02, 0xff, 0xff, 0xff, 0xf4, 0x00, 0x00, 0x02, 0xff, 0xff, 0xff, 0xfe, 0x00, 0x00, 0x02, 0xff, 0xff, 0xff, 0xff, 0x80, 0x00, 0x02,
    0xff, 0xff, 0xff, 0xff, 0xc0, 0x00, 0x02, 0xff, 0xd5, 0x5b, 0xff, 0xe0, 0x00, 0x02, 0xff, 0x80, 0x00, 0xff, 0xf0, 0x00, 0x02, 0xff, 0x80, 0x00,
    0xbf, 0xf0, 0x00, 0x02, 0xff, 0x80, 0x00, 0x7f, 0xf0, 0x00, 0x02, 0xff, 0x80, 0x00, 0xbf, 0xf0, 0x00, 0x02, 0xff, 0x80, 0x00, 0xff, 0xe0, 0x00,
    0x02, 0xff, 0xd5, 0x57, 0xff, 0xd0, 0x00, 0x02, 0xff, 0xff, 0xff, 0xff, 0xc0, 0x00, 0x02, 0xff, 0xff, 0xff, 0xff, 0x00, 0x00, 0x02, 0xff, 0xff,
    0xff, 0xff, 0x00, 0x00, 0x02, 0xff, 0xff, 0xff, 0xff, 0xc0, 0x00, 0x02, 0xff, 0xff, 0xff, 0xff, 0xf0, 0x00, 0x02, 0xff, 0x80, 0x00, 0xff, 0xf4,
    0x00, 0x02, 0xff, 0x80, 0x00, 0x3f, 0xf8, 0x00, 0x02, 0xff, 0x80, 0x00, 0x2f, 0xfc, 0x00, 0x02, 0xff, 0x80, 0x00, 0x2f, 0xfc, 0x00, 0x02, 0xff,
    0x80, 0x00, 0x2f, 0xfc, 0x00, 0x02, 0xff, 0x80, 0x00, 0x2f, 0xfc, 0x00, 0x02, 0xff, 0x80, 0x00, 0x3f, 0xfc, 0x00, 0x02, 0xff, 0xc0, 0x01, 0xff,
    0xf8, 0x00, 0x02, 0xff, 0xff, 0xff, 0xff, 0xf0, 0x00, 0x02, 0xff, 0xff, 0xff, 0xff, 0xd0, 0x00, 0x02, 0xff, 0xff, 0xff, 0xff, 0x80, 0x00, 0x02,
    0xff, 0xff, 0xff, 0xfd, 0x00, 0x00, 0x01, 0xff, 0xff, 0xff, 0x90, 0x00, 0x00, 0x00, 0x00, 0x00, 0x00, 0x00, 0x00, 0x00, 0x00, 0x00, 0x00, 0x00,
    0x00, 0x00, 0x00, 0x00, 0x00, 0x00, 0x00, 0x00, 0x00, 0x00, 0x00, 0x00, 0x00, 0x00, 0x00, 0x00, 0x00, 0x00, 0x00, 0x00, 0x00, 0x00, 0x00, 0x00,
    0x00, 0x00, 0x00, 0x00, 0x00, 0x00, 0x00, 0x00, 0x00, 0x00, 0x00, 0x00, 0x00, 0x00, 0x00, 0x00, 0x00, 0x00, 0x00, 0x00, 0x00, 0x00, 0x00, 0x00,
    0x00, 0x00, 0x00, 0x00, 0x00, 0x00, 0x00, 0x00, 0x00, 0x00, 0x00, 0x00, 0x00, 0x00, 0x00, 0x00, 0x00, 0x00, 0x00, 0x00, 0x00, 0x00, 0x00, 0x00,
    0x00, 0x00, 0x00, 0x07, 0xff, 0xfe, 0x00, 0x00, 0x00, 0x00, 0xbf, 0xff, 0xff, 0xe0, 0x00, 0x00, 0x03, 0xff, 0xff, 0xff, 0xfd, 0x00, 0x00, 0x0f,
    0xff, 0xff, 0xff, 0xff, 0x00, 0x00, 0x3f, 0xff, 0xff, 0xff, 0xff, 0x00, 0x00, 0xbf, 0xff, 0x40, 0x0b, 0xff, 0x00, 0x00, 0xff, 0xf4, 0x00, 0x00,
    0xbf, 0x00, 0x02, 0xff, 0xd0, 0x00, 0x00, 0x1f, 0x00, 0x03, 0xff, 0xc0, 0x00, 0x00, 0x00, 0x00, 0x07, 0xff, 0x40, 0x00, 0x00, 0x00, 0x00, 0x0b,
    0xff, 0x00, 0x00, 0x00, 0x00, 0x00, 0x0f, 0xff, 0x00, 0x00, 0x00, 0x00, 0x00, 0x0f, 0xfe, 0x00, 0x00, 0x00, 0x00, 0x00, 0x0f, 0xfe, 0x00, 0x00,
    0x00, 0x00, 0x00, 0x0f, 0xfe, 0x00, 0x00, 0x00, 0x00, 0x00, 0x0f, 0xfd, 0x00, 0x00, 0x00, 0x00, 0x00, 0x0f, 0xfe, 0x00, 0x00, 0x00, 0x00, 0x00,
    0x0f, 0xfe, 0x00, 0x00, 0x00, 0x00, 0x00, 0x0f, 0xff, 0x00, 0x00, 0x00, 0x00, 0x00, 0x0b, 0xff, 0x00, 0x00, 0x00, 0x00, 0x00, 0x07, 0xff, 0x40,
    0x00, 0x00, 0x00, 0x00, 0x03, 0xff, 0x80, 0x00, 0x00, 0x00, 0x00, 0x03, 0xff, 0xc0, 0x00, 0x00, 0x0f, 0x00, 0x01, 0xff, 0xf0, 0x00, 0x00, 0x3f,
    0x00, 0x00, 0xff, 0xfd, 0x00, 0x02, 0xff, 0x00, 0x00, 0x3f, 0xff, 0xea, 0xbf, 0xff, 0x00, 0x00, 0x1f, 0xff, 0xff, 0xff, 0xff, 0x00, 0x00, 0x07,
    0xff, 0xff, 0xff, 0xfe, 0x00, 0x00, 0x01, 0xff, 0xff, 0xff, 0xf4, 0x00, 0x00, 0x00, 0x1f, 0xff, 0xff, 0x40, 0x00, 0x00, 0x00, 0x00, 0x5a, 0x50,
    0x00, 0x00, 0x00, 0x00, 0x00, 0x00, 0x00, 0x00, 0x00, 0x00, 0x00, 0x00, 0x00, 0x00, 0x00, 0x00, 0x00, 0x00, 0x00, 0x00, 0x00, 0x00, 0x00, 0x00,
    0x00, 0x00, 0x00, 0x00, 0x00, 0x00, 0x00, 0x00, 0x00, 0x00, 0x00, 0x00, 0x00, 0x00, 0x00, 0x00, 0x00, 0x00, 0x00, 0x00, 0x00, 0x00, 0x00, 0x00,
    0x00, 0x00, 0x00, 0x00, 0x00, 0x00, 0x00, 0x00, 0x00, 0x00, 0x00, 0x00, 0x00, 0x00, 0x00, 0x00, 0x00, 0x00, 0x00, 0x00, 0x00, 0x00, 0x00, 0x00,
    0x00, 0x00, 0x00, 0x00, 0x00, 0x00, 0x00, 0x00, 0xaa, 0xaa, 0xa5, 0x00, 0x00, 0x00, 0x02, 0xff, 0xff, 0xff, 0xf8, 0x00, 0x00, 0x02, 0xff, 0xff,
    0xff, 0xff, 0x80, 0x00, 0x02, 0xff, 0xff, 0xff, 0xff, 0xf0, 0x00, 0x02, 0xff, 0xff, 0xff, 0xff, 0xfc, 0x00, 0x02, 0xff, 0xd5, 0x5b, 0xff, 0xff,
    0x00, 0x02, 0xff, 0x80, 0x00, 0x3f, 0xff, 0x40, 0x02, 0xff, 0x80, 0x00, 0x0b, 0xff, 0xc0, 0x02, 0xff, 0x80, 0x00, 0x03, 0xff, 0xd0, 0x02, 0xff,
    0x80, 0x00, 0x00, 0xff, 0xe0, 0x02, 0xff, 0x80, 0x00, 0x00, 0xff, 0xf0, 0x02, 0xff, 0x80, 0x00, 0x00, 0xbf, 0xf0, 0x02, 0xff, 0x80, 0x00, 0x00,
    0x7f, 0xf0, 0x02, 0xff, 0x80, 0x00, 0x00, 0x7f, 0xf0, 0x02, 0xff, 0x80, 0x00, 0x00, 0x7f, 0xf4, 0x02, 0xff, 0x80, 0x00, 0x00, 0x7f, 0xf4, 0x02,
    0xff, 0x80, 0x00, 0x00, 0x7f, 0xf0, 0x02, 0xff, 0x80, 0x00, 0x00, 0x7f, 0xf0, 0x02, 0xff, 0x80, 0x00, 0x00, 0xbf, 0xf0, 0x02, 0xff, 0x80, 0x00,
    0x00, 0xff, 0xf0, 0x02, 0xff, 0x80, 0x00, 0x00, 0xff, 0xe0, 0x02, 0xff, 0x80, 0x00, 0x02, 0xff, 0xd0, 0x02, 0xff, 0x80, 0x00, 0x07, 0xff, 0xc0,
    0x02, 0xff, 0x80, 0x00, 0x1f, 0xff, 0x80, 0x02, 0xff, 0xc0, 0x06, 0xff, 0xff, 0x00, 0x02, 0xff, 0xff, 0xff, 0xff, 0xfd, 0x00, 0x02, 0xff, 0xff,
    0xff, 0xff, 0xf4, 0x00, 0x02, 0xff, 0xff, 0xff, 0xff, 0xd0, 0x00, 0x02, 0xff, 0xff, 0xff, 0xfd, 0x00, 0x00, 0x01, 0xff, 0xff, 0xfe, 0x40, 0x00,
    0x00, 0x00, 0x00, 0x00, 0x00, 0x00, 0x00, 0x00, 0x00, 0x00, 0x00, 0x00, 0x00, 0x00, 0x00, 0x00, 0x00, 0x00, 0x00, 0x00, 0x00, 0x00, 0x00, 0x00,
    0x00, 0x00, 0x00, 0x00, 0x00, 0x00, 0x00, 0x00, 0x00, 0x00, 0x00, 0x00, 0x00, 0x00, 0x00, 0x00, 0x00, 0x00, 0x00, 0x00, 0x00, 0x00, 0x00, 0x00,
    0x00, 0x00, 0x00, 0x00, 0x00, 0x00, 0x00, 0x00, 0x00, 0x00, 0x00, 0x00, 0x00, 0x00, 0x00, 0x00, 0x00, 0x00, 0x00, 0x00, 0x00, 0x00, 0x00, 0x00,
    0x00, 0x00, 0x00, 0x00, 0x00, 0x00, 0x00, 0xaa, 0xaa, 0xaa, 0xaa, 0x80, 0x02, 0xff, 0xff, 0xff, 0xff, 0xc0, 0x02, 0xff, 0xff, 0xff, 0xff, 0xc0,
    0x02, 0xff, 0xff, 0xff, 0xff, 0xc0, 0x02, 0xff, 0xff, 0xff, 0xff, 0xc0, 0x02, 0xff, 0xd5, 0x55, 0x55, 0x40, 0x02, 0xff, 0x80, 0x00, 0x00, 0x00,
    0x02, 0xff, 0x80, 0x00, 0x00, 0x00, 0x02, 0xff, 0x80, 0x00, 0x00, 0x00, 0x02, 0xff, 0x80, 0x00, 0x00, 0x00, 0x02, 0xff, 0x80, 0x00, 0x00, 0x00,
    0x02, 0xff, 0xd5, 0x55, 0x55, 0x00, 0x02, 0xff, 0xff, 0xff, 0xff, 0x80, 0x02, 0xff, 0xff, 0xff, 0xff, 0x80, 0x02, 0xff, 0xff, 0xff, 0xff, 0x80,
    0x02, 0xff, 0xff, 0xff, 0xff, 0x80, 0x02, 0xff, 0xff, 0xff, 0xff, 0x00, 0x02, 0xff, 0x80, 0x00, 0x00, 0x00, 0x02, 0xff, 0x80, 0x00, 0x00, 0x00,
    0x02, 0xff, 0x80, 0x00, 0x00, 0x00, 0x02, 0xff, 0x80, 0x00, 0x00, 0x00, 0x02, 0xff, 0x80, 0x00, 0x00, 0x00, 0x02, 0xff, 0x80, 0x00, 0x00, 0x00,
    0x02, 0xff, 0x80, 0x00, 0x00, 0x00, 0x02, 0xff, 0xc0, 0x00, 0x00, 0x00, 0x02, 0xff, 0xff, 0xff, 0xff, 0xd0, 0x02, 0xff, 0xff, 0xff, 0xff, 0xd0,
    0x02, 0xff, 0xff, 0xff, 0xff, 0xd0, 0x02, 0xff, 0xff, 0xff, 0xff, 0xd0, 0x01, 0xff, 0xff, 0xff, 0xff, 0xc0, 0x00, 0x00, 0x00, 0x00, 0x00, 0x00,
    0x00, 0x00, 0x00, 0x00, 0x00, 0x00, 0x00, 0x00, 0x00, 0x00, 0x00, 0x00, 0x00, 0x00, 0x00, 0x00, 0x00, 0x00, 0x00, 0x00, 0x00, 0x00, 0x00, 0x00,
    0x00, 0x00, 0x00, 0x00, 0x00, 0x00, 0x00, 0x00, 0x00, 0x00, 0x00, 0x00, 0x00, 0x00, 0x00, 0x00, 0x00, 0x00, 0x00, 0x00, 0x00, 0x00, 0x00, 0x00,
    0x00, 0x00, 0x00, 0x00, 0x00, 0x00, 0x00, 0x00, 0x00, 0x00, 0x00, 0x00, 0x00, 0x00, 0x00, 0x00, 0x00, 0x00, 0x00, 0xaa, 0xaa, 0xaa, 0xa8, 0x00,
    0x02, 0xff, 0xff, 0xff, 0xfe, 0x00, 0x02, 0xff, 0xff, 0xff, 0xfe, 0x00, 0x02, 0xff, 0xff, 0xff, 0xfe, 0x00, 0x02, 0xff, 0xff, 0xff, 0xfe, 0x00,
    0x02, 0xff, 0xd5, 0x55, 0x54, 0x00, 0x02, 0xff, 0x80, 0x00, 0x00, 0x00, 0x02, 0xff, 0x80, 0x00, 0x00, 0x00, 0x02, 0xff, 0x80, 0x00, 0x00, 0x00,
    0x02, 0xff, 0x80, 0x00, 0x00, 0x00, 0x02, 0xff, 0x80, 0x00, 0x00, 0x00, 0x02, 0xff, 0xd5, 0x55, 0x50, 0x00, 0x02, 0xff, 0xff, 0xff, 0xf8, 0x00,
    0x02, 0xff, 0xff, 0xff, 0xf8, 0x00, 0x02, 0xff, 0xff, 0xff, 0xf8, 0x00, 0x02, 0xff, 0xff, 0xff, 0xf8, 0x00, 0x02, 0xff, 0xff, 0xff, 0xe0, 0x00,
    0x02, 0xff, 0x80, 0x00, 0x00, 0x00, 0x02, 0xff, 0x80, 0x00, 0x00, 0x00, 0x02, 0xff, 0x80, 0x00, 0x00, 0x00, 0x02, 0xff, 0x80, 0x00, 0x00, 0x00,
    0x02, 0xff, 0x80, 0x00, 0x00, 0x00, 0x02, 0xff, 0x80, 0x00, 0x00, 0x00, 0x02, 0xff, 0x80, 0x00, 0x00, 0x00, 0x02, 0xff, 0x80, 0x00, 0x00, 0x00,
    0x02, 0xff, 0x80, 0x00, 0x00, 0x00, 0x02, 0xff, 0x80, 0x00, 0x00, 0x00, 0x02, 0xff, 0x80, 0x00, 0x00, 0x00, 0x02, 0xff, 0x80, 0x00, 0x00, 0x00,
    0x01, 0xff, 0x40, 0x00, 0x00, 0x00, 0x00, 0x00, 0x00, 0x00, 0x00, 0x00, 0x00, 0x00, 0x00, 0x00, 0x00, 0x00, 0x00, 0x00, 0x00, 0x00, 0x00, 0x00,
    0x00, 0x00, 0x00, 0x00, 0x00, 0x00, 0x00, 0x00, 0x00, 0x00, 0x00, 0x00, 0x00, 0x00, 0x00, 0x00, 0x00, 0x00, 0x00, 0x00, 0x00, 0x00, 0x00, 0x00,
    0x00, 0x00, 0x00, 0x00, 0x00, 0x00, 0x00, 0x00, 0x00, 0x00, 0x00, 0x00, 0x00, 0x00, 0x00, 0x00, 0x00, 0x00, 0x00, 0x00, 0x00, 0x00, 0x00, 0x00,
    0x00, 0x00, 0x00, 0x00, 0x00, 0x00, 0x00, 0x00, 0x00, 0x00, 0x00, 0x00, 0x00, 0x00, 0x00, 0x00, 0x00, 0x00, 0x00, 0x00, 0x00, 0x00, 0x06, 0xff,
    0xfe, 0x40, 0x00, 0x00, 0x00, 0x00, 0xbf, 0xff, 0xff, 0xf8, 0x00, 0x00, 0x00, 0x03, 0xff, 0xff, 0xff, 0xff, 0x40, 0x00, 0x00, 0x0f, 0xff, 0xff,
    0xff, 0xff, 0xc0, 0x00, 0x00, 0x3f, 0xff, 0xff, 0xff, 0xff, 0xc0, 0x00, 0x00, 0xbf, 0xff, 0x40, 0x06, 0xff, 0xc0, 0x00, 0x00, 0xff, 0xf4, 0x00,
    0x00, 0x2f, 0xc0, 0x00, 0x02, 0xff, 0xd0, 0x00, 0x00, 0x07, 0xc0, 0x00, 0x03, 0xff, 0xc0, 0x00, 0x00, 0x00, 0x00, 0x00, 0x07, 0xff, 0x40, 0x00,
    0x00, 0x00, 0x00, 0x00, 0x0b, 0xff, 0x00, 0x00, 0x00, 0x00, 0x00, 0x00, 0x0f, 0xff, 0x00, 0x00, 0x00, 0x00, 0x00, 0x00, 0x0f, 0xfe, 0x00, 0x00,
    0x00, 0x00, 0x00, 0x00, 0x0f, 0xfe, 0x00, 0x01, 0x55, 0x55, 0x40, 0x00, 0x0f, 0xfe, 0x00, 0x03, 0xff, 0xff, 0xe0, 0x00, 0x0f, 0xfd, 0x00, 0x03,
    0xff, 0xff, 0xe0, 0x00, 0x0f, 0xfe, 0x00, 0x03, 0xff, 0xff, 0xe0, 0x00, 0x0f, 0xfe, 0x00, 0x03, 0xff, 0xff, 0xe0, 0x00, 0x0f, 0xff, 0x00, 0x01,
    0xaa, 0xff, 0xe0, 0x00, 0x0b, 0xff, 0x00, 0x00, 0x00, 0xbf, 0xe0, 0x00, 0x07, 0xff, 0x00, 0x00, 0x00, 0xbf, 0xe0, 0x00, 0x03, 0xff, 0x80, 0x00,
    0x00, 0xbf, 0xe0, 0x00, 0x03, 0xff, 0xc0, 0x00, 0x00, 0xbf, 0xe0, 0x00, 0x01, 0xff, 0xf0, 0x00, 0x00, 0xbf, 0xe0, 0x00, 0x00, 0xff, 0xfd, 0x00,
    0x00, 0xff, 0xe0, 0x00, 0x00, 0x3f, 0xff, 0xfa, 0xaf, 0xff, 0xe0, 0x00, 0x00, 0x1f, 0xff, 0xff, 0xff, 0xff, 0xe0, 0x00, 0x00, 0x07, 0xff, 0xff,
    0xff, 0xff, 0x80, 0x00, 0x00, 0x01, 0xff, 0xff, 0xff, 0xfd, 0x00, 0x00, 0x00, 0x00, 0x1f, 0xff, 0xff, 0x90, 0x00, 0x00, 0x00, 0x00, 0x00, 0x56,
    0x50, 0x00, 0x00, 0x00, 0x00, 0x00, 0x00, 0x00, 0x00, 0x00, 0x00, 0x00, 0x00, 0x00, 0x00, 0x00, 0x00, 0x00, 0x00, 0x00, 0x00, 0x00, 0x00, 0x00,
    0x00, 0x00, 0x00, 0x00, 0x00, 0x00, 0x00, 0x00, 0x00, 0x00, 0x00, 0x00, 0x00, 0x00, 0x00, 0x00, 0x00, 0x00, 0x00, 0x00, 0x00, 0x00, 0x00, 0x00,
    0x00, 0x00, 0x00, 0x00, 0x00, 0x00, 0x00, 0x00, 0x00, 0x00, 0x00, 0x00, 0x00, 0x00, 0x00, 0x00, 0x00, 0x00, 0x00, 0x00, 0x00, 0x00, 0x00, 0x00,
    0x00, 0x00, 0x00, 0x00, 0x00, 0x00, 0x00, 0x00, 0x00, 0x00, 0x00, 0x00, 0x00, 0x00, 0xaa, 0x40, 0x00, 0x01, 0xaa, 0x00, 0x02, 0xff, 0x80, 0x00,
    0x03, 0xff, 0x40, 0x02, 0xff, 0x80, 0x00, 0x03, 0xff, 0x40, 0x02, 0xff, 0x80, 0x00, 0x03, 0xff, 0x40, 0x02, 0xff, 0x80, 0x00, 0x03, 0xff, 0x40,
    0x02, 0xff, 0x80, 0x00, 0x03, 0xff, 0x40, 0x02, 0xff, 0x80, 0x00, 0x03, 0xff, 0x40, 0x02, 0xff, 0x80, 0x00, 0x03, 0xff, 0x40, 0x02, 0xff, 0x80,
    0x00, 0x03, 0xff, 0x40, 0x02, 0xff, 0x80, 0x00, 0x03, 0xff, 0x40, 0x02, 0xff, 0x80, 0x00, 0x03, 0xff, 0x40, 0x02, 0xff, 0xd5, 0x55, 0x57, 0xff,
    0x40, 0x02, 0xff, 0xff, 0xff, 0xff, 0xff, 0x40, 0x02, 0xff, 0xff, 0xff, 0xff, 0xff, 0x40, 0x02, 0xff, 0xff, 0xff, 0xff, 0xff, 0x40, 0x02, 0xff,
    0xff, 0xff, 0xff, 0xff, 0x40, 0x02, 0xff, 0xff, 0xff, 0xff, 0xff, 0x40, 0x02, 0xff, 0x80, 0x00, 0x03, 0xff, 0x40, 0x02, 0xff, 0x80, 0x00, 0x03,
    0xff, 0x40, 0x02, 0xff, 0x80, 0x00, 0x03, 0xff, 0x40, 0x02, 0xff, 0x80, 0x00, 0x03, 0xff, 0x40, 0x02, 0xff, 0x80, 0x00, 0x03, 0xff, 0x40, 0x02,
    0xff, 0x80, 0x00, 0x03, 0xff, 0x40, 0x02, 0xff, 0x80, 0x00, 0x03, 0xff, 0x40, 0x02, 0xff, 0x80, 0x00, 0x03, 0xff, 0x40, 0x02, 0xff, 0x80, 0x00,
    0x03, 0xff, 0x40, 0x02, 0xff, 0x80, 0x00, 0x03, 0xff, 0x40, 0x02, 0xff, 0x80, 0x00, 0x03, 0xff, 0x40, 0x02, 0xff, 0x80, 0x00, 0x03, 0xff, 0x40,
    0x01, 0xff, 0x40, 0x00, 0x02, 0xff, 0x00, 0x00, 0x00, 0x00, 0x00, 0x00, 0x00, 0x00, 0x00, 0x00, 0x00, 0x00, 0x00, 0x00, 0x00, 0x00, 0x00, 0x00,
    0x00, 0x00, 0x00, 0x00, 0x00, 0x00, 0x00, 0x00, 0x00, 0x00, 0x00, 0x00, 0x00, 0x00, 0x00, 0x00, 0x00, 0x00, 0x00, 0x00, 0x00, 0x00, 0x00, 0x00,
    0x00, 0x00, 0x00, 0x00, 0x00, 0x00, 0x00, 0x00, 0x00, 0x00, 0x00, 0x00, 0x00, 0x00, 0x00, 0x00, 0xaa, 0x40, 0x02, 0xff, 0x80, 0x02, 0xff, 0x80,
    0x02, 0xff, 0x80, 0x02, 0xff, 0x80, 0x02, 0xff, 0x80, 0x02, 0xff, 0x80, 0x02, 0xff, 0x80, 0x02, 0xff, 0x80, 0x02, 0xff, 0x80, 0x02, 0xff, 0x80,
    0x02, 0xff, 0x80, 0x02, 0xff, 0x80, 0x02, 0xff, 0x80, 0x02, 0xff, 0x80, 0x02, 0xff, 0x80, 0x02, 0xff, 0x80, 0x02, 0xff, 0x80, 0x02, 0xff, 0x80,
    0x02, 0xff, 0x80, 0x02, 0xff, 0x80, 0x02, 0xff, 0x80, 0x02, 0xff, 0x80, 0x02, 0xff, 0x80, 0x02, 0xff, 0x80, 0x02, 0xff, 0x80, 0x02, 0xff, 0x80,
    0x02, 0xff, 0x80, 0x02, 0xff, 0x80, 0x01, 0xff, 0x40, 0x00, 0x00, 0x00, 0x00, 0x00, 0x00, 0x00, 0x00, 0x00, 0x00, 0x00, 0x00, 0x00, 0x00, 0x00,
    0x00, 0x00, 0x00, 0x00, 0x00, 0x00, 0x00, 0x00, 0x00, 0x00, 0x00, 0x00, 0x00, 0x00, 0x00, 0x00, 0x00, 0x00, 0x00, 0x00, 0x00, 0x00, 0x00, 0x00,
    0x00, 0x00, 0x00, 0x00, 0x00, 0x0a, 0xa4, 0x00, 0x00, 0x2f, 0xf8, 0x00, 0x00, 0x2f, 0xfc, 0x00, 0x00, 0x2f, 0xfc, 0x00, 0x00, 0x2f, 0xfc, 0x00,
    0x00, 0x2f, 0xfc, 0x00, 0x00, 0x2f, 0xfc, 0x00, 0x00, 0x2f, 0xfc, 0x00, 0x00, 0x2f, 0xfc, 0x00, 0x00, 0x2f, 0xfc, 0x00, 0x00, 0x2f, 0xfc, 0x00,
    0x00, 0x2f, 0xfc, 0x00, 0x00, 0x2f, 0xfc, 0x00, 0x00, 0x2f, 0xfc, 0x00, 0x00, 0x2f, 0xfc, 0x00, 0x00, 0x2f, 0xfc, 0x00, 0x00, 0x2f, 0xfc, 0x00,
    0x00, 0x2f, 0xfc, 0x00, 0x00, 0x2f, 0xfc, 0x00, 0x00, 0x2f, 0xfc, 0x00, 0x00, 0x2f, 0xfc, 0x00, 0x00, 0x2f, 0xfc, 0x00, 0x00, 0x2f, 0xfc, 0x00,
    0x00, 0x2f, 0xfc, 0x00, 0x00, 0x2f, 0xfc, 0x00, 0x00, 0x2f, 0xfc, 0x00, 0x00, 0x2f, 0xfc, 0x00, 0x00, 0x2f, 0xf8, 0x00, 0x00, 0x2f, 0xf8, 0x00,
    0x00, 0x3f, 0xf8, 0x00, 0x00, 0x3f, 0xf4, 0x00, 0x00, 0x7f, 0xf4, 0x00, 0x2a, 0xff, 0xf0, 0x00, 0xbf, 0xff, 0xe0, 0x00, 0xff, 0xff, 0xc0, 0x00,
    0x00, 0x00, 0x00, 0x00, 0x00, 0x00, 0x00, 0x00, 0x00, 0x00, 0x00, 0x00, 0x00, 0x00, 0x00, 0x00, 0x00, 0x00, 0x00, 0x00, 0x00, 0x00, 0x00, 0x00,
    0x00, 0x00, 0x00, 0x00, 0x00, 0x00, 0x00, 0x00, 0x00, 0x00, 0x00, 0x00, 0x00, 0x00, 0x00, 0x00, 0x00, 0x00, 0x00, 0x00, 0x00, 0x00, 0x00, 0x00,
    0x00, 0x00, 0xaa, 0x40, 0x00, 0x0a, 0xaa, 0x00, 0x02, 0xff, 0x80, 0x00, 0x2f, 0xff, 0x00, 0x02, 0xff, 0x80, 0x00, 0xbf, 0xfd, 0x00, 0x02, 0xff,
    0x80, 0x02, 0xff, 0xf8, 0x00, 0x02, 0xff, 0x80, 0x0b, 0xff, 0xe0, 0x00, 0x02, 0xff, 0x80, 0x1f, 0xff, 0x80, 0x00, 0x02, 0xff, 0x80, 0x7f, 0xfe,
    0x00, 0x00, 0x02, 0xff, 0x81, 0xff, 0xf8, 0x00, 0x00, 0x02, 0xff, 0x87, 0xff, 0xe0, 0x00, 0x00, 0x02, 0xff, 0x9f, 0xff, 0x80, 0x00, 0x00, 0x02,
    0xff, 0xff, 0xff, 0x00, 0x00, 0x00, 0x02, 0xff, 0xff, 0xfc, 0x00, 0x00, 0x00, 0x02, 0xff, 0xff, 0xf0, 0x00, 0x00, 0x00, 0x02, 0xff, 0xff, 0xc0,
    0x00, 0x00, 0x00, 0x02, 0xff, 0xff, 0x80, 0x00, 0x00, 0x00, 0x02, 0xff, 0xff, 0xd0, 0x00, 0x00, 0x00, 0x02, 0xff, 0xff, 0xf4, 0x00, 0x00, 0x00,
    0x02, 0xff, 0xff, 0xfc, 0x00, 0x00, 0x00, 0x02, 0xff, 0xff, 0xff, 0x00, 0x00, 0x00, 0x02, 0xff, 0x8f, 0xff, 0xc0, 0x00, 0x00, 0x02, 0xff, 0x87,
    0xff, 0xf0, 0x00, 0x00, 0x02, 0xff, 0x81, 0xff, 0xf8, 0x00, 0x00, 0x02, 0xff, 0x80, 0x7f, 0xfe, 0x00, 0x00, 0x02, 0xff, 0x80, 0x2f, 0xff, 0x80,
    0x00, 0x02, 0xff, 0x80, 0x0b, 0xff, 0xd0, 0x00, 0x02, 0xff, 0x80, 0x03, 0xff, 0xf4, 0x00, 0x02, 0xff, 0x80, 0x00, 0xff, 0xfd, 0x00, 0x02, 0xff,
    0x80, 0x00, 0x3f, 0xff, 0x00, 0x02, 0xff, 0x80, 0x00, 0x0f, 0xff, 0xc0, 0x01, 0xff, 0x40, 0x00, 0x03, 0xff, 0xc0, 0x00, 0x00, 0x00, 0x00, 0x00,
    0x00, 0x00, 0x00, 0x00, 0x00, 0x00, 0x00, 0x00, 0x00, 0x00, 0x00, 0x00, 0x00, 0x00, 0x00, 0x00, 0x00, 0x00, 0x00, 0x00, 0x00, 0x00, 0x00, 0x00,
    0x00, 0x00, 0x00, 0x00, 0x00, 0x00, 0x00, 0x00, 0x00, 0x00, 0x00, 0x00, 0x00, 0x00, 0x00, 0x00, 0x00, 0x00, 0x00, 0x00, 0x00, 0x00, 0x00, 0x00,
    0x00, 0x00, 0x00, 0x00, 0x00, 0x00, 0x00, 0x00, 0x00, 0x00, 0x00, 0x00, 0x00, 0x00, 0x00, 0x00, 0x00, 0x00, 0x00, 0x00, 0x00, 0x00, 0x00, 0x00,
    0x00, 0xaa, 0x40, 0x00, 0x00, 0x00, 0x02, 0xff, 0x80, 0x00, 0x00, 0x00, 0x02, 0xff, 0x80, 0x00, 0x00, 0x00, 0x02, 0xff, 0x80, 0x00, 0x00, 0x00,
    0x02, 0xff, 0x80, 0x00, 0x00, 0x00, 0x02, 0xff, 0x80, 0x00, 0x00, 0x00, 0x02, 0xff, 0x80, 0x00, 0x00, 0x00, 0x02, 0xff, 0x80, 0x00, 0x00, 0x00,
    0x02, 0xff, 0x80, 0x00, 0x00, 0x00, 0x02, 0xff, 0x80, 0x00, 0x00, 0x00, 0x02, 0xff, 0x80, 0x00, 0x00, 0x00, 0x02, 0xff, 0x80, 0x00, 0x00, 0x00,
    0x02, 0xff, 0x80, 0x00, 0x00, 0x00, 0x02, 0xff, 0x80, 0x00, 0x00, 0x00, 0x02, 0xff, 0x80, 0x00, 0x00, 0x00, 0x02, 0xff, 0x80, 0x00, 0x00, 0x00,
    0x02, 0xff, 0x80, 0x00, 0x00, 0x00, 0x02, 0xff, 0x80, 0x00, 0x00, 0x00, 0x02, 0xff, 0x80, 0x00, 0x00, 0x00, 0x02, 0xff, 0x80, 0x00, 0x00, 0x00,
    0x02, 0xff, 0x80, 0x00, 0x00, 0x00, 0x02, 0xff, 0x80, 0x00, 0x00, 0x00, 0x02, 0xff, 0x80, 0x00, 0x00, 0x00, 0x02, 0xff, 0x80, 0x00, 0x00, 0x00,
    0x02, 0xff, 0xc0, 0x00, 0x00, 0x00, 0x02, 0xff, 0xff, 0xff, 0xff, 0x80, 0x02, 0xff, 0xff, 0xff, 0xff, 0xc0, 0x02, 0xff, 0xff, 0xff, 0xff, 0xc0,
    0x02, 0xff, 0xff, 0xff, 0xff, 0xc0, 0x01, 0xff, 0xff, 0xff, 0xff, 0x80, 0x00, 0x00, 0x00, 0x00, 0x00, 0x00, 0x00, 0x00, 0x00, 0x00, 0x00, 0x00,
    0x00, 0x00, 0x00, 0x00, 0x00, 0x00, 0x00, 0x00, 0x00, 0x00, 0x00, 0x00, 0x00, 0x00, 0x00, 0x00, 0x00, 0x00, 0x00, 0x00, 0x00, 0x00, 0x00, 0x00,
    0x00, 0x00, 0x00, 0x00, 0x00, 0x00, 0x00, 0x00, 0x00, 0x00, 0x00, 0x00, 0x00, 0x00, 0x00, 0x00, 0x00, 0x00, 0x00, 0x00, 0x00, 0x00, 0x00, 0x00,
    0x00, 0x00, 0x00, 0x00, 0x00, 0x00, 0x00, 0x00, 0x00, 0x00, 0x00, 0x00, 0x00, 0x00, 0x00, 0x00, 0x00, 0x00, 0x00, 0x00, 0x00, 0x00, 0x00, 0x00,
    0x00, 0x00, 0x00, 0xaa, 0xa0, 0x00, 0x00, 0x1a, 0xaa, 0x00, 0x02, 0xff, 0xf8, 0x00, 0x00, 0x3f, 0xff, 0x00, 0x02, 0xff, 0xfc, 0x00, 0x00, 0x7f,
    0xff, 0x00, 0x02, 0xff, 0xfc, 0x00, 0x00, 0xbf, 0xff, 0x00, 0x02, 0xff, 0xfe, 0x00, 0x00, 0xff, 0xff, 0x00, 0x02, 0xff, 0xff, 0x00, 0x01, 0xff,
    0xff, 0x00, 0x02, 0xff, 0xff, 0x00, 0x02, 0xff, 0xff, 0x00, 0x02, 0xff, 0xff, 0x80, 0x03, 0xff, 0xff, 0x00, 0x02, 0xff, 0xff, 0xc0, 0x07, 0xff,
    0xff, 0x00, 0x02, 0xff, 0xff, 0xc0, 0x0b, 0xff, 0xff, 0x00, 0x02, 0xff, 0xff, 0xe0, 0x0f, 0xff, 0xff, 0x00, 0x02, 0xff, 0xff, 0xf0, 0x1f, 0xfb,
    0xff, 0x00, 0x02, 0xff, 0xbf, 0xf0, 0x2f, 0xf7, 0xff, 0x00, 0x02, 0xff, 0x9f, 0xf8, 0x3f, 0xf3, 0xff, 0x00, 0x02, 0xff, 0x8f, 0xfc, 0x7f, 0xe3,
    0xff, 0x00, 0x02, 0xff, 0x8f, 0xfc, 0xbf, 0xd3, 0xff, 0x00, 0x02, 0xff, 0x87, 0xfe, 0xff, 0xc3, 0xff, 0x00, 0x02, 0xff, 0x83, 0xff, 0xff, 0x83,
    0xff, 0x00, 0x02, 0xff, 0x83, 0xff, 0xff, 0x43, 0xff, 0x00, 0x02, 0xff, 0x81, 0xff, 0xff, 0x03, 0xff, 0x00, 0x02, 0xff, 0x80, 0xff, 0xfe, 0x03,
    0xff, 0x00, 0x02, 0xff, 0x80, 0xbf, 0xfc, 0x03, 0xff, 0x00, 0x02, 0xff, 0x80, 0x7f, 0xfc, 0x03, 0xff, 0x00, 0x02, 0xff, 0x80, 0x3f, 0xf8, 0x03,
    0xff, 0x00, 0x02, 0xff, 0x80, 0x1a, 0xa0, 0x03, 0xff, 0x00, 0x02, 0xff, 0x80, 0x00, 0x00, 0x03, 0xff, 0x00, 0x02, 0xff, 0x80, 0x00, 0x00, 0x03,
    0xff, 0x00, 0x02, 0xff, 0x80, 0x00, 0x00, 0x03, 0xff, 0x00, 0x02, 0xff, 0x80, 0x00, 0x00, 0x03, 0xff, 0x00, 0x01, 0xff, 0x40, 0x00, 0x00, 0x03,
    0xff, 0x00, 0x00, 0x00, 0x00, 0x00, 0x00, 0x00, 0x00, 0x00, 0x00, 0x00, 0x00, 0x00, 0x00, 0x00, 0x00, 0x00, 0x00, 0x00, 0x00, 0x00, 0x00, 0x00,
    0x00, 0x00, 0x00, 0x00, 0x00, 0x00, 0x00, 0x00, 0x00, 0x00, 0x00, 0x00, 0x00, 0x00, 0x00, 0x00, 0x00, 0x00, 0x00, 0x00, 0x00, 0x00, 0x00, 0x00,
    0x00, 0x00, 0x00, 0x00, 0x00, 0x00, 0x00, 0x00, 0x00, 0x00, 0x00, 0x00, 0x00, 0x00, 0x00, 0x00, 0x00, 0x00, 0x00, 0x00, 0x00, 0x00, 0x00, 0x00,
    0x00, 0x00, 0x00, 0x00, 0x00, 0x00, 0x00, 0x00, 0x00, 0x00, 0x00, 0x00, 0x00, 0x00, 0x00, 0x00, 0x00, 0x00, 0x00, 0x00, 0xaa, 0x90, 0x00, 0x01,
    0xaa, 0x00, 0x02, 0xff, 0xf0, 0x00, 0x03, 0xff, 0x00, 0x02, 0xff, 0xf8, 0x00, 0x03, 0xff, 0x00, 0x02, 0xff, 0xfc, 0x00, 0x03, 0xff, 0x00, 0x02,
    0xff, 0xfe, 0x00, 0x03, 0xff, 0x00, 0x02, 0xff, 0xff, 0x00, 0x03, 0xff, 0x00, 0x02, 0xff, 0xff, 0x80, 0x03, 0xff, 0x00, 0x02, 0xff, 0xff, 0xc0,
    0x03, 0xff, 0x00, 0x02, 0xff, 0xff, 0xd0, 0x03, 0xff, 0x00, 0x02, 0xff, 0xff, 0xf0, 0x03, 0xff, 0x00, 0x02, 0xff, 0xff, 0xf4, 0x03, 0xff, 0x00,
    0x02, 0xff, 0xbf, 0xfc, 0x03, 0xff, 0x00, 0x02, 0xff, 0x9f, 0xfd, 0x03, 0xff, 0x00, 0x02, 0xff, 0x8f, 0xff, 0x03, 0xff, 0x00, 0x02, 0xff, 0x87,
    0xff, 0x43, 0xff, 0x00, 0x02, 0xff, 0x83, 0xff, 0xc3, 0xff, 0x00, 0x02, 0xff, 0x81, 0xff, 0xd3, 0xff, 0x00, 0x02, 0xff, 0x80, 0xff, 0xf3, 0xff,
    0x00, 0x02, 0xff, 0x80, 0x7f, 0xf7, 0xff, 0x00, 0x02, 0xff, 0x80, 0x3f, 0xfb, 0xff, 0x00, 0x02, 0xff, 0x80, 0x1f, 0xff, 0xff, 0x00, 0x02, 0xff,
    0x80, 0x0f, 0xff, 0xff, 0x00, 0x02, 0xff, 0x80, 0x0b, 0xff, 0xff, 0x00, 0x02, 0xff, 0x80, 0x03, 0xff, 0xff, 0x00, 0x02, 0xff, 0x80, 0x02, 0xff,
    0xff, 0x00, 0x02, 0xff, 0x80, 0x00, 0xff, 0xff, 0x00, 0x02, 0xff, 0x80, 0x00, 0xbf, 0xff, 0x00, 0x02, 0xff, 0x80, 0x00, 0x3f, 0xff, 0x00, 0x02,
    0xff, 0x80, 0x00, 0x2f, 0xff, 0x00, 0x01, 0xff, 0x40, 0x00, 0x0f, 0xff, 0x00, 0x00, 0x00, 0x00, 0x00, 0x00, 0x00, 0x00, 0x00, 0x00, 0x00, 0x00,
    0x00, 0x00, 0x00, 0x00, 0x00, 0x00, 0x00, 0x00, 0x00, 0x00, 0x00, 0x00, 0x00, 0x00, 0x00, 0x00, 0x00, 0x00, 0x00, 0x00, 0x00, 0x00, 0x00, 0x00,
    0x00, 0x00, 0x00, 0x00, 0x00, 0x00, 0x00, 0x00, 0x00, 0x00, 0x00, 0x00, 0x00, 0x00, 0x00, 0x00, 0x00, 0x00, 0x00, 0x00, 0x00, 0x00, 0x00, 0x00,
    0x00, 0x00, 0x00, 0x00, 0x00, 0x00, 0x00, 0x00, 0x00, 0x00, 0x00, 0x00, 0x00, 0x00, 0x00, 0x00, 0x00, 0x00, 0x00, 0x00, 0x00, 0x00, 0x00, 0x00,
    0x00, 0x00, 0x00, 0x00, 0x00, 0x00, 0x00, 0x00, 0x00, 0x00, 0x0b, 0xff, 0xf8, 0x00, 0x00, 0x00, 0x00, 0x00, 0xbf, 0xff, 0xff, 0x80, 0x00, 0x00,
    0x00, 0x03, 0xff, 0xff, 0xff, 0xf0, 0x00, 0x00, 0x00, 0x0f, 0xff, 0xff, 0xff, 0xfc, 0x00, 0x00, 0x00, 0x3f, 0xff, 0xff, 0xff, 0xff, 0x00, 0x00,
    0x00, 0xbf, 0xfe, 0x00, 0x2f, 0xff, 0x80, 0x00, 0x00, 0xff, 0xf4, 0x00, 0x07, 0xff, 0xc0, 0x00, 0x02, 0xff, 0xd0, 0x00, 0x02, 0xff, 0xe0, 0x00,
    0x03, 0xff, 0xc0, 0x00, 0x00, 0xff, 0xf0, 0x00, 0x07, 0xff, 0x40, 0x00, 0x00, 0x7f, 0xf4, 0x00, 0x0b, 0xff, 0x00, 0x00, 0x00, 0x3f, 0xf4, 0x00,
    0x0f, 0xff, 0x00, 0x00, 0x00, 0x3f, 0xf8, 0x00, 0x0f, 0xfe, 0x00, 0x00, 0x00, 0x2f, 0xfc, 0x00, 0x0f, 0xfe, 0x00, 0x00, 0x00, 0x2f, 0xfc, 0x00,
    0x0f, 0xfe, 0x00, 0x00, 0x00, 0x2f, 0xfc, 0x00, 0x0f, 0xfd, 0x00, 0x00, 0x00, 0x2f, 0xfc, 0x00, 0x0f, 0xfe, 0x00, 0x00, 0x00, 0x2f, 0xfc, 0x00,
    0x0f, 0xfe, 0x00, 0x00, 0x00, 0x2f, 0xfc, 0x00, 0x0f, 0xff, 0x00, 0x00, 0x00, 0x3f, 0xfc, 0x00, 0x0b, 0xff, 0x00, 0x00, 0x00, 0x3f, 0xf8, 0x00,
    0x07, 0xff, 0x40, 0x00, 0x00, 0x7f, 0xf4, 0x00, 0x03, 0xff, 0x80, 0x00, 0x00, 0xff, 0xf0, 0x00, 0x03, 0xff, 0xc0, 0x00, 0x01, 0xff, 0xe0, 0x00,
    0x01, 0xff, 0xf0, 0x00, 0x03, 0xff, 0xd0, 0x00, 0x00, 0xff, 0xfd, 0x00, 0x1f, 0xff, 0xc0, 0x00, 0x00, 0x3f, 0xff, 0xea, 0xff, 0xff, 0x00, 0x00,
    0x00, 0x1f, 0xff, 0xff, 0xff, 0xfd, 0x00, 0x00, 0x00, 0x0b, 0xff, 0xff, 0xff, 0xf4, 0x00, 0x00, 0x00, 0x01, 0xff, 0xff, 0xff, 0xd0, 0x00, 0x00,
    0x00, 0x00, 0x2f, 0xff, 0xfe, 0x00, 0x00, 0x00, 0x00, 0x00, 0x00, 0x59, 0x40, 0x00, 0x00, 0x00, 0x00, 0x00, 0x00, 0x00, 0x00, 0x00, 0x00, 0x00,
    0x00, 0x00, 0x00, 0x00, 0x00, 0x00, 0x00, 0x00, 0x00, 0x00, 0x00, 0x00, 0x00, 0x00, 0x00, 0x00, 0x00, 0x00, 0x00, 0x00, 0x00, 0x00, 0x00, 0x00,
    0x00, 0x00, 0x00, 0x00, 0x00, 0x00, 0x00, 0x00, 0x00, 0x00, 0x00, 0x00, 0x00, 0x00, 0x00, 0x00, 0x00, 0x00, 0x00, 0x00, 0x00, 0x00, 0x00, 0x00,
    0x00, 0x00, 0x00, 0x00, 0x00, 0x00, 0x00, 0x00, 0x00, 0x00, 0x00, 0x00, 0x00, 0x00, 0x00, 0x00, 0x00, 0x00, 0x00, 0xaa, 0xaa, 0xa4, 0x00, 0x00,
    0x02, 0xff, 0xff, 0xff, 0xd0, 0x00, 0x02, 0xff, 0xff, 0xff, 0xf8, 0x00, 0x02, 0xff, 0xff, 0xff, 0xfe, 0x00, 0x02, 0xff, 0xff, 0xff, 0xff, 0x40,
    0x02, 0xff, 0xd5, 0x6f, 0xff, 0xc0, 0x02, 0xff, 0x80, 0x03, 0xff, 0xc0, 0x02, 0xff, 0x80, 0x02, 0xff, 0xd0, 0x02, 0xff, 0x80, 0x00, 0xff, 0xd0,
    0x02, 0xff, 0x80, 0x00, 0xff, 0xd0, 0x02, 0xff, 0x80, 0x00, 0xff, 0xd0, 0x02, 0xff, 0x80, 0x01, 0xff, 0xd0, 0x02, 0xff, 0x80, 0x03, 0xff, 0xc0,
    0x02, 0xff, 0xc0, 0x5f, 0xff, 0xc0, 0x02, 0xff, 0xff, 0xff, 0xff, 0x40, 0x02, 0xff, 0xff, 0xff, 0xff, 0x00, 0x02, 0xff, 0xff, 0xff, 0xfc, 0x00,
    0x02, 0xff, 0xff, 0xff, 0xe0, 0x00, 0x02, 0xff, 0xff, 0xf9, 0x00, 0x00, 0x02, 0xff, 0x80, 0x00, 0x00, 0x00, 0x02, 0xff, 0x80, 0x00, 0x00, 0x00,
    0x02, 0xff, 0x80, 0x00, 0x00, 0x00, 0x02, 0xff, 0x80, 0x00, 0x00, 0x00, 0x02, 0xff, 0x80, 0x00, 0x00, 0x00, 0x02, 0xff, 0x80, 0x00, 0x00, 0x00,
    0x02, 0xff, 0x80, 0x00, 0x00, 0x00, 0x02, 0xff, 0x80, 0x00, 0x00, 0x00, 0x02, 0xff, 0x80, 0x00, 0x00, 0x00, 0x02, 0xff, 0x80, 0x00, 0x00, 0x00,
    0x01, 0xff, 0x40, 0x00, 0x00, 0x00, 0x00, 0x00, 0x00, 0x00, 0x00, 0x00, 0x00, 0x00, 0x00, 0x00, 0x00, 0x00, 0x00, 0x00, 0x00, 0x00, 0x00, 0x00,
    0x00, 0x00, 0x00, 0x00, 0x00, 0x00, 0x00, 0x00, 0x00, 0x00, 0x00, 0x00, 0x00, 0x00, 0x00, 0x00, 0x00, 0x00, 0x00, 0x00, 0x00, 0x00, 0x00, 0x00,
    0x00, 0x00, 0x00, 0x00, 0x00, 0x00, 0x00, 0x00, 0x00, 0x00, 0x00, 0x00, 0x00, 0x00, 0x00, 0x00, 0x00, 0x00, 0x00, 0x00, 0x00, 0x00, 0x00, 0x00,
    0x00, 0x00, 0x00, 0x00, 0x00, 0x00, 0x00, 0x00, 0x00, 0x00, 0x00, 0x00, 0x00, 0x00, 0x00, 0x00, 0x00, 0x00, 0x00, 0x00, 0x00, 0x00, 0x0b, 0xff,
    0xf8, 0x00, 0x00, 0x00, 0x00, 0x00, 0xbf, 0xff, 0xff, 0x80, 0x00, 0x00, 0x00, 0x03, 0xff, 0xff, 0xff, 0xf0, 0x00, 0x00, 0x00, 0x0f, 0xff, 0xff,
    0xff, 0xfc, 0x00, 0x00, 0x00, 0x3f, 0xff, 0xff, 0xff, 0xff, 0x00, 0x00, 0x00, 0xbf, 0xfe, 0x00, 0x2f, 0xff, 0x80, 0x00, 0x00, 0xff, 0xf4, 0x00,
    0x07, 0xff, 0xc0, 0x00, 0x02, 0xff, 0xd0, 0x00, 0x02, 0xff, 0xe0, 0x00, 0x03, 0xff, 0xc0, 0x00, 0x00, 0xff, 0xf0, 0x00, 0x07, 0xff, 0x40, 0x00,
    0x00, 0x7f, 0xf4, 0x00, 0x0b, 0xff, 0x00, 0x00, 0x00, 0x3f, 0xf4, 0x00, 0x0f, 0xff, 0x00, 0x00, 0x00, 0x3f, 0xf8, 0x00, 0x0f, 0xfe, 0x00, 0x00,
    0x00, 0x2f, 0xfc, 0x00, 0x0f, 0xfe, 0x00, 0x00, 0x00, 0x2f, 0xfc, 0x00, 0x0f, 0xfe, 0x00, 0x00, 0x00, 0x2f, 0xfc, 0x00, 0x0f, 0xfd, 0x00, 0x00,
    0x00, 0x2f, 0xfc, 0x00, 0x0f, 0xfe, 0x00, 0x00, 0x00, 0x2f, 0xfc, 0x00, 0x0f, 0xfe, 0x00, 0x00, 0x00, 0x2f, 0xfc, 0x00, 0x0f, 0xff, 0x00, 0x00,
    0x00, 0x3f, 0xf8, 0x00, 0x0b, 0xff, 0x00, 0x00, 0x00, 0x3f, 0xf8, 0x00, 0x07, 0xff, 0x40, 0x00, 0x00, 0x7f, 0xf4, 0x00, 0x03, 0xff, 0x80, 0x00,
    0x00, 0xff, 0xf0, 0x00, 0x03, 0xff, 0xc0, 0x00, 0x01, 0xff, 0xe0, 0x00, 0x01, 0xff, 0xf0, 0x00, 0x03, 0xff, 0xd0, 0x00, 0x00, 0xff, 0xfd, 0x00,
    0x1f, 0xff, 0xc0, 0x00, 0x00, 0x3f, 0xff, 0xea, 0xff, 0xff, 0x00, 0x00, 0x00, 0x1f, 0xff, 0xff, 0xff, 0xfd, 0x00, 0x00, 0x00, 0x0b, 0xff, 0xff,
    0xff, 0xf4, 0x00, 0x00, 0x00, 0x01, 0xff, 0xff, 0xff, 0xc0, 0x00, 0x00, 0x00, 0x00, 0x2f, 0xff, 0xff, 0xd0, 0x00, 0x00, 0x00, 0x00, 0x00, 0x5b,
    0xff, 0xf0, 0x00, 0x00, 0x00, 0x00, 0x00, 0x00, 0xbf, 0xfc, 0x00, 0x00, 0x00, 0x00, 0x00, 0x00, 0x3f, 0xff, 0x00, 0x00, 0x00, 0x00, 0x00, 0x00,
    0x0f, 0xff, 0x40, 0x00, 0x00, 0x00, 0x00, 0x00, 0x03, 0xff, 0x40, 0x00, 0x00, 0x00, 0x00, 0x00, 0x00, 0x00, 0x00, 0x00, 0x00, 0x00, 0x00, 0x00,
    0x00, 0x00, 0x00, 0x00, 0x00, 0x00, 0x00, 0x00, 0x00, 0x00, 0x00, 0x00, 0x00, 0x00, 0x00, 0x00, 0x00, 0x00, 0x00, 0x00, 0x00, 0x00, 0x00, 0x00,
    0x00, 0x00, 0x00, 0x00, 0x00, 0x00, 0x00, 0x00, 0x00, 0x00, 0x00, 0x00, 0x00, 0x00, 0xaa, 0xaa, 0xa5, 0x00, 0x00, 0x00, 0x02, 0xff, 0xff, 0xff,
    0xe0, 0x00, 0x00, 0x02, 0xff, 0xff, 0xff, 0xfc, 0x00, 0x00, 0x02, 0xff, 0xff, 0xff, 0xff, 0x00, 0x00, 0x02, 0xff, 0xff, 0xff, 0xff, 0x40, 0x00,
    0x02, 0xff, 0xd5, 0x6f, 0xff, 0xc0, 0x00, 0x02, 0xff, 0x80, 0x03, 0xff, 0xc0, 0x00, 0x02, 0xff, 0x80, 0x01, 0xff, 0xd0, 0x00, 0x02, 0xff, 0x80,
    0x00, 0xff, 0xd0, 0x00, 0x02, 0xff, 0x80, 0x00, 0xff, 0xd0, 0x00, 0x02, 0xff, 0x80, 0x00, 0xff, 0xd0, 0x00, 0x02, 0xff, 0x80, 0x02, 0xff, 0xc0,
    0x00, 0x02, 0xff, 0x80, 0x07, 0xff, 0xc0, 0x00, 0x02, 0xff, 0xff, 0xff, 0xff, 0x80, 0x00, 0x02, 0xff, 0xff, 0xff, 0xff, 0x00, 0x00, 0x02, 0xff,
    0xff, 0xff, 0xfc, 0x00, 0x00, 0x02, 0xff, 0xff, 0xff, 0xf8, 0x00, 0x00, 0x02, 0xff, 0xff, 0xff, 0xfd, 0x00, 0x00, 0x02, 0xff, 0xd5, 0x7f, 0xff,
    0x00, 0x00, 0x02, 0xff, 0x80, 0x0b, 0xff, 0x80, 0x00, 0x02, 0xff, 0x80, 0x03, 0xff, 0xc0, 0x00, 0x02, 0xff, 0x80, 0x01, 0xff, 0xd0, 0x00, 0x02,
    0xff, 0x80, 0x00, 0xff, 0xf0, 0x00, 0x02, 0xff, 0x80, 0x00, 0x7f, 0xf4, 0x00, 0x02, 0xff, 0x80, 0x00, 0x3f, 0xfc, 0x00, 0x02, 0xff, 0x80, 0x00,
    0x2f, 0xfd, 0x00, 0x02, 0xff, 0x80, 0x00, 0x0f, 0xfe, 0x00, 0x02, 0xff, 0x80, 0x00, 0x0b, 0xff, 0x00, 0x02, 0xff, 0x80, 0x00, 0x03, 0xff, 0x80,
    0x01, 0xff, 0x40, 0x00, 0x02, 0xff, 0x40, 0x00, 0x00, 0x00, 0x00, 0x00, 0x00, 0x00, 0x00, 0x00, 0x00, 0x00, 0x00, 0x00, 0x00, 0x00, 0x00, 0x00,
    0x00, 0x00, 0x00, 0x00, 0x00, 0x00, 0x00, 0x00, 0x00, 0x00, 0x00, 0x00, 0x00, 0x00, 0x00, 0x00, 0x00, 0x00, 0x00, 0x00, 0x00, 0x00, 0x00, 0x00,
    0x00, 0x00, 0x00, 0x00, 0x00, 0x00, 0x00, 0x00, 0x00, 0x00, 0x00, 0x00, 0x00, 0x00, 0x00, 0x00, 0x00, 0x00, 0x00, 0x00, 0x00, 0x00, 0x00, 0x00,
    0x00, 0x00, 0x00, 0x00, 0x00, 0x00, 0x00, 0x00, 0x00, 0x00, 0x00, 0x00, 0x00, 0x01, 0xbf, 0xff, 0x90, 0x00, 0x00, 0x0f, 0xff, 0xff, 0xff, 0x00,
    0x00, 0x7f, 0xff, 0xff, 0xff, 0x40, 0x00, 0xff, 0xff, 0xff, 0xff, 0x40, 0x03, 0xff, 0xff, 0xff, 0xff, 0x40, 0x03, 0xff, 0xd0, 0x01, 0xbf, 0x40,
    0x07, 0xff, 0x00, 0x00, 0x0b, 0x00, 0x0b, 0xfe, 0x00, 0x00, 0x00, 0x00, 0x0b, 0xfe, 0x00, 0x00, 0x00, 0x00, 0x0b, 0xff, 0x00, 0x00, 0x00, 0x00,
    0x0b, 0xff, 0x40, 0x00, 0x00, 0x00, 0x07, 0xff, 0xf9, 0x00, 0x00, 0x00, 0x03, 0xff, 0xff, 0xf9, 0x00, 0x00, 0x01, 0xff, 0xff, 0xff, 0xd0, 0x00,
    0x00, 0xbf, 0xff, 0xff, 0xfc, 0x00, 0x00, 0x1f, 0xff, 0xff, 0xff, 0x00, 0x00, 0x01, 0xff, 0xff, 0xff, 0x80, 0x00, 0x00, 0x06, 0xff, 0xff, 0xc0,
    0x00, 0x00, 0x00, 0x0b, 0xff, 0xd0, 0x00, 0x00, 0x00, 0x01, 0xff, 0xe0, 0x00, 0x00, 0x00, 0x00, 0xff, 0xe0, 0x00, 0x00, 0x00, 0x00, 0xbf, 0xf0,
    0x00, 0x00, 0x00, 0x00, 0xff, 0xe0, 0x07, 0x80, 0x00, 0x00, 0xff, 0xe0, 0x0b, 0xf8, 0x00, 0x03, 0xff, 0xd0, 0x0b, 0xff, 0xea, 0xbf, 0xff, 0xc0,
    0x0b, 0xff, 0xff, 0xff, 0xff, 0x40, 0x0b, 0xff, 0xff, 0xff, 0xfe, 0x00, 0x07, 0xff, 0xff, 0xff, 0xf8, 0x00, 0x00, 0x6f, 0xff, 0xff, 0x80, 0x00,
    0x00, 0x00, 0x56, 0x50, 0x00, 0x00, 0x00, 0x00, 0x00, 0x00, 0x00, 0x00, 0x00, 0x00, 0x00, 0x00, 0x00, 0x00, 0x00, 0x00, 0x00, 0x00, 0x00, 0x00,
    0x00, 0x00, 0x00, 0x00, 0x00, 0x00, 0x00, 0x00, 0x00, 0x00, 0x00, 0x00, 0x00, 0x00, 0x00, 0x00, 0x00, 0x00, 0x00, 0x00, 0x00, 0x00, 0x00, 0x00,
    0x00, 0x00, 0x00, 0x00, 0x00, 0x00, 0x00, 0x00, 0x00, 0x00, 0x00, 0x00, 0x00, 0x00, 0x00, 0x00, 0x00, 0x00, 0x00, 0x00, 0x00, 0x00, 0x00, 0x00,
    0x1a, 0xaa, 0xaa, 0xaa, 0xaa, 0xa9, 0x3f, 0xff, 0xff, 0xff, 0xff, 0xff, 0x3f, 0xff, 0xff, 0xff, 0xff, 0xff, 0x3f, 0xff, 0xff, 0xff, 0xff, 0xff,
    0x3f, 0xff, 0xff, 0xff, 0xff, 0xff, 0x15, 0x55, 0x6f, 0xfe, 0x55, 0x54, 0x00, 0x00, 0x0f, 0xfc, 0x00, 0x00, 0x00, 0x00, 0x0f, 0xfc, 0x00, 0x00,
    0x00, 0x00, 0x0f, 0xfc, 0x00, 0x00, 0x00, 0x00, 0x0f, 0xfc, 0x00, 0x00, 0x00, 0x00, 0x0f, 0xfc, 0x00, 0x00, 0x00, 0x00, 0x0f, 0xfc, 0x00, 0x00,
    0x00, 0x00, 0x0f, 0xfc, 0x00, 0x00, 0x00, 0x00, 0x0f, 0xfc, 0x00, 0x00, 0x00, 0x00, 0x0f, 0xfc, 0x00, 0x00, 0x00, 0x00, 0x0f, 0xfc, 0x00, 0x00,
    0x00, 0x00, 0x0f, 0xfc, 0x00, 0x00, 0x00, 0x00, 0x0f, 0xfc, 0x00, 0x00, 0x00, 0x00, 0x0f, 0xfc, 0x00, 0x00, 0x00, 0x00, 0x0f, 0xfc, 0x00, 0x00,
    0x00, 0x00, 0x0f, 0xfc, 0x00, 0x00, 0x00, 0x00, 0x0f, 0xfc, 0x00, 0x00, 0x00, 0x00, 0x0f, 0xfc, 0x00, 0x00, 0x00, 0x00, 0x0f, 0xfc, 0x00, 0x00,
    0x00, 0x00, 0x0f, 0xfc, 0x00, 0x00, 0x00, 0x00, 0x0f, 0xfc, 0x00, 0x00, 0x00, 0x00, 0x0f, 0xfc, 0x00, 0x00, 0x00, 0x00, 0x0f, 0xfc, 0x00, 0x00,
    0x00, 0x00, 0x0f, 0xfc, 0x00, 0x00, 0x00, 0x00, 0x0f, 0xfc, 0x00, 0x00, 0x00, 0x00, 0x00, 0x00, 0x00, 0x00, 0x00, 0x00, 0x00, 0x00, 0x00, 0x00,
    0x00, 0x00, 0x00, 0x00, 0x00, 0x00, 0x00, 0x00, 0x00, 0x00, 0x00, 0x00, 0x00, 0x00, 0x00, 0x00, 0x00, 0x00, 0x00, 0x00, 0x00, 0x00, 0x00, 0x00,
    0x00, 0x00, 0x00, 0x00, 0x00, 0x00, 0x00, 0x00, 0x00, 0x00, 0x00, 0x00, 0x00, 0x00, 0x00, 0x00, 0x00, 0x00, 0x00, 0x00, 0x00, 0x00, 0x00, 0x00,
    0x00, 0x00, 0x00, 0x00, 0x00, 0x00, 0x00, 0x00, 0x00, 0x00, 0x00, 0x00, 0x00, 0x00, 0x00, 0x00, 0x00, 0x00, 0x00, 0x01, 0xaa, 0x00, 0x00, 0x02,
    0xa9, 0x00, 0x03, 0xff, 0x40, 0x00, 0x07, 0xff, 0x00, 0x03, 0xff, 0x40, 0x00, 0x07, 0xff, 0x00, 0x03, 0xff, 0x40, 0x00, 0x07, 0xff, 0x00, 0x03,
    0xff, 0x40, 0x00, 0x07, 0xff, 0x00, 0x03, 0xff, 0x40, 0x00, 0x07, 0xff, 0x00, 0x03, 0xff, 0x40, 0x00, 0x07, 0xff, 0x00, 0x03, 0xff, 0x40, 0x00,
    0x07, 0xff, 0x00, 0x03, 0xff, 0x40, 0x00, 0x07, 0xff, 0x00, 0x03, 0xff, 0x40, 0x00, 0x07, 0xff, 0x00, 0x03, 0xff, 0x40, 0x00, 0x07, 0xff, 0x00,
    0x03, 0xff, 0x40, 0x00, 0x07, 0xff, 0x00, 0x03, 0xff, 0x40, 0x00, 0x07, 0xff, 0x00, 0x03, 0xff, 0x40, 0x00, 0x07, 0xff, 0x00, 0x03, 0xff, 0x40,
    0x00, 0x07, 0xff, 0x00, 0x03, 0xff, 0x40, 0x00, 0x07, 0xff, 0x00, 0x03, 0xff, 0x40, 0x00, 0x07, 0xff, 0x00, 0x03, 0xff, 0x40, 0x00, 0x07, 0xff,
    0x00, 0x03, 0xff, 0x40, 0x00, 0x07, 0xff, 0x00, 0x03, 0xff, 0x40, 0x00, 0x07, 0xff, 0x00, 0x03, 0xff, 0x80, 0x00, 0x07, 0xff, 0x00, 0x03, 0xff,
    0x80, 0x00, 0x0b, 0xff, 0x00, 0x02, 0xff, 0xc0, 0x00, 0x0f, 0xfe, 0x00, 0x01, 0xff, 0xd0, 0x00, 0x1f, 0xfd, 0x00, 0x00, 0xff, 0xf4, 0x00, 0x3f,
    0xfc, 0x00, 0x00, 0xbf, 0xff, 0xab, 0xff, 0xf8, 0x00, 0x00, 0x3f, 0xff, 0xff, 0xff, 0xf0, 0x00, 0x00, 0x1f, 0xff, 0xff, 0xff, 0xd0, 0x00, 0x00,
    0x07, 0xff, 0xff, 0xff, 0x40, 0x00, 0x00, 0x00, 0xbf, 0xff, 0xf8, 0x00, 0x00, 0x00, 0x00, 0x01, 0x65, 0x00, 0x00, 0x00, 0x00, 0x00, 0x00, 0x00,
    0x00, 0x00, 0x00, 0x00, 0x00, 0x00, 0x00, 0x00, 0x00, 0x00, 0x00, 0x00, 0x00, 0x00, 0x00, 0x00, 0x00, 0x00, 0x00, 0x00, 0x00, 0x00, 0x00, 0x00,
    0x00, 0x00, 0x00, 0x00, 0x00, 0x00, 0x00, 0x00, 0x00, 0x00, 0x00, 0x00, 0x00, 0x00, 0x00, 0x00, 0x00, 0x00, 0x00, 0x00, 0x00, 0x00, 0x00, 0x00,
    0x00, 0x00, 0x00, 0x00, 0x00, 0x00, 0x00, 0x00, 0x00, 0x00, 0x00, 0x00, 0x00, 0x00, 0x00, 0x00, 0x00, 0x00, 0x00, 0x00, 0x00, 0x00, 0x00, 0x00,
    0x00, 0x2a, 0x90, 0x00, 0x00, 0x00, 0xaa, 0x40, 0xbf, 0xf0, 0x00, 0x00, 0x02, 0xff, 0xc0, 0x7f, 0xf4, 0x00, 0x00, 0x03, 0xff, 0xc0, 0x3f, 0xf8,
    0x00, 0x00, 0x03, 0xff, 0x40, 0x2f, 0xfc, 0x00, 0x00, 0x0b, 0xff, 0x00, 0x1f, 0xfd, 0x00, 0x00, 0x0f, 0xfe, 0x00, 0x0f, 0xfe, 0x00, 0x00, 0x0f,
    0xfd, 0x00, 0x0b, 0xff, 0x00, 0x00, 0x2f, 0xfc, 0x00, 0x07, 0xff, 0x40, 0x00, 0x3f, 0xf8, 0x00, 0x03, 0xff, 0x80, 0x00, 0x3f, 0xf4, 0x00, 0x02,
    0xff, 0xc0, 0x00, 0xbf, 0xf0, 0x00, 0x01, 0xff, 0xd0, 0x00, 0xff, 0xe0, 0x00, 0x00, 0xff, 0xe0, 0x01, 0xff, 0xd0, 0x00, 0x00, 0xbf, 0xf0, 0x02,
    0xff, 0xc0, 0x00, 0x00, 0x7f, 0xf4, 0x03, 0xff, 0x80, 0x00, 0x00, 0x3f, 0xf8, 0x07, 0xff, 0x40, 0x00, 0x00, 0x2f, 0xfc, 0x0b, 0xff, 0x00, 0x00,
    0x00, 0x0f, 0xfd, 0x0f, 0xfe, 0x00, 0x00, 0x00, 0x0f, 0xfe, 0x1f, 0xfd, 0x00, 0x00, 0x00, 0x0b, 0xff, 0x2f, 0xfc, 0x00, 0x00, 0x00, 0x03, 0xff,
    0x7f, 0xf8, 0x00, 0x00, 0x00, 0x03, 0xff, 0xff, 0xf4, 0x00, 0x00, 0x00, 0x02, 0xff, 0xff, 0xf0, 0x00, 0x00, 0x00, 0x00, 0xff, 0xff, 0xe0, 0x00,
    0x00, 0x00, 0x00, 0xff, 0xff, 0xc0, 0x00, 0x00, 0x00, 0x00, 0x7f, 0xff, 0xc0, 0x00, 0x00, 0x00, 0x00, 0x3f, 0xff, 0x80, 0x00, 0x00, 0x00, 0x00,
    0x3f, 0xff, 0x00, 0x00, 0x00, 0x00, 0x00, 0x1f, 0xff, 0x00, 0x00, 0x00, 0x00, 0x00, 0x0f, 0xfd, 0x00, 0x00, 0x00, 0x00, 0x00, 0x00, 0x00, 0x00,
    0x00, 0x00, 0x00, 0x00, 0x00, 0x00, 0x00, 0x00, 0x00, 0x00, 0x00, 0x00, 0x00, 0x00, 0x00, 0x00, 0x00, 0x00, 0x00, 0x00, 0x00, 0x00, 0x00, 0x00,
    0x00, 0x00, 0x00, 0x00, 0x00, 0x00, 0x00, 0x00, 0x00, 0x00, 0x00, 0x00, 0x00, 0x00, 0x00, 0x00, 0x00, 0x00, 0x00, 0x00, 0x00, 0x00, 0x00, 0x00,
    0x00, 0x00, 0x00, 0x00, 0x00, 0x00, 0x00, 0x00, 0x00, 0x00, 0x00, 0x00, 0x00, 0x00, 0x00, 0x00, 0x00, 0x00, 0x00, 0x00, 0x00, 0x00, 0x00, 0x00,
    0x00, 0x00, 0x00, 0x00, 0x00, 0x00, 0x00, 0x00, 0x00, 0x00, 0x00, 0x00, 0x00, 0x00, 0x00, 0x00, 0x00, 0x00, 0x00, 0x00, 0x00, 0x1a, 0xa0, 0x00,
    0x01, 0xaa, 0x40, 0x00, 0x1a, 0xa0, 0x3f, 0xf8, 0x00, 0x03, 0xff, 0xc0, 0x00, 0x3f, 0xf8, 0x2f, 0xfc, 0x00, 0x07, 0xff, 0xc0, 0x00, 0x3f, 0xf4,
    0x1f, 0xfc, 0x00, 0x07, 0xff, 0xd0, 0x00, 0x3f, 0xf0, 0x0f, 0xfd, 0x00, 0x0b, 0xff, 0xe0, 0x00, 0x7f, 0xf0, 0x0f, 0xfe, 0x00, 0x0f, 0xff, 0xf0,
    0x00, 0xbf, 0xf0, 0x0b, 0xfe, 0x00, 0x0f, 0xff, 0xf0, 0x00, 0xff, 0xe0, 0x07, 0xff, 0x00, 0x1f, 0xff, 0xf0, 0x00, 0xff, 0xd0, 0x07, 0xff, 0x00,
    0x2f, 0xff, 0xf4, 0x01, 0xff, 0xc0, 0x03, 0xff, 0x40, 0x3f, 0xff, 0xf8, 0x02, 0xff, 0xc0, 0x03, 0xff, 0x80, 0x3f, 0xef, 0xfc, 0x03, 0xff, 0x80,
    0x02, 0xff, 0xc0, 0x7f, 0xeb, 0xfc, 0x03, 0xff, 0x40, 0x01, 0xff, 0xc0, 0xbf, 0xd7, 0xfd, 0x03, 0xff, 0x00, 0x00, 0xff, 0xd0, 0xbf, 0xc3, 0xfe,
    0x07, 0xff, 0x00, 0x00, 0xff, 0xe0, 0xff, 0xc3, 0xff, 0x0b, 0xfe, 0x00, 0x00, 0xbf, 0xe0, 0xff, 0x83, 0xff, 0x0f, 0xfe, 0x00, 0x00, 0x7f, 0xf1,
    0xff, 0x42, 0xff, 0x0f, 0xfd, 0x00, 0x00, 0x3f, 0xf2, 0xff, 0x01, 0xff, 0x5f, 0xfc, 0x00, 0x00, 0x3f, 0xf7, 0xff, 0x00, 0xff, 0xaf, 0xfc, 0x00,
    0x00, 0x3f, 0xfb, 0xfe, 0x00, 0xff, 0xff, 0xf8, 0x00, 0x00, 0x2f, 0xff, 0xfe, 0x00, 0xbf, 0xff, 0xf4, 0x00, 0x00, 0x1f, 0xff, 0xfd, 0x00, 0x7f,
    0xff, 0xf0, 0x00, 0x00, 0x0f, 0xff, 0xfc, 0x00, 0x7f, 0xff, 0xf0, 0x00, 0x00, 0x0f, 0xff, 0xfc, 0x00, 0x3f, 0xff, 0xe0, 0x00, 0x00, 0x0b, 0xff,
    0xf8, 0x00, 0x3f, 0xff, 0xd0, 0x00, 0x00, 0x07, 0xff, 0xf4, 0x00, 0x2f, 0xff, 0xc0, 0x00, 0x00, 0x03, 0xff, 0xf0, 0x00, 0x1f, 0xff, 0xc0, 0x00,
    0x00, 0x03, 0xff, 0xf0, 0x00, 0x0f, 0xff, 0xc0, 0x00, 0x00, 0x02, 0xff, 0xe0, 0x00, 0x0f, 0xff, 0x80, 0x00, 0x00, 0x01, 0xff, 0xd0, 0x00, 0x0b,
    0xff, 0x00, 0x00, 0x00, 0x00, 0x00, 0x00, 0x00, 0x00, 0x00, 0x00, 0x00, 0x00, 0x00, 0x00, 0x00, 0x00, 0x00, 0x00, 0x00, 0x00, 0x00, 0x00, 0x00,
    0x00, 0x00, 0x00, 0x00, 0x00, 0x00, 0x00, 0x00, 0x00, 0x00, 0x00, 0x00, 0x00, 0x00, 0x00, 0x00, 0x00, 0x00, 0x00, 0x00, 0x00, 0x00, 0x00, 0x00,
    0x00, 0x00, 0x00, 0x00, 0x00, 0x00, 0x00, 0x00, 0x00, 0x00, 0x00, 0x00, 0x00, 0x00, 0x00, 0x00, 0x00, 0x00, 0x00, 0x00, 0x00, 0x00, 0x00, 0x00,
    0x00, 0x00, 0x00, 0x00, 0x00, 0x00, 0x00, 0x00, 0x00, 0x00, 0x00, 0x00, 0x00, 0x00, 0x00, 0x00, 0x00, 0x00, 0x00, 0x00, 0x00, 0x00, 0x00, 0x00,
    0x00, 0x06, 0xa9, 0x00, 0x00, 0x06, 0xa9, 0x00, 0x0f, 0xff, 0x00, 0x00, 0x0f, 0xfe, 0x00, 0x07, 0xff, 0x80, 0x00, 0x2f, 0xfd, 0x00, 0x02, 0xff,
    0xd0, 0x00, 0x7f, 0xf8, 0x00, 0x00, 0xff, 0xf0, 0x00, 0xff, 0xf0, 0x00, 0x00, 0x7f, 0xf4, 0x02, 0xff, 0xd0, 0x00, 0x00, 0x3f, 0xfc, 0x03, 0xff,
    0xc0, 0x00, 0x00, 0x1f, 0xfe, 0x0b, 0xff, 0x40, 0x00, 0x00, 0x0b, 0xff, 0x5f, 0xfe, 0x00, 0x00, 0x00, 0x03, 0xff, 0xff, 0xfc, 0x00, 0x00, 0x00,
    0x01, 0xff, 0xff, 0xf4, 0x00, 0x00, 0x00, 0x00, 0xff, 0xff, 0xf0, 0x00, 0x00, 0x00, 0x00, 0x7f, 0xff, 0xc0, 0x00, 0x00, 0x00, 0x00, 0x2f, 0xff,
    0x80, 0x00, 0x00, 0x00, 0x00, 0x1f, 0xff, 0x00, 0x00, 0x00, 0x00, 0x00, 0x3f, 0xff, 0x80, 0x00, 0x00, 0x00, 0x00, 0xbf, 0xff, 0xc0, 0x00, 0x00,
    0x00, 0x00, 0xff, 0xff, 0xe0, 0x00, 0x00, 0x00, 0x03, 0xff, 0xff, 0xf4, 0x00, 0x00, 0x00, 0x07, 0xff, 0xbf, 0xfc, 0x00, 0x00, 0x00, 0x0f, 0xff,
    0x1f, 0xfd, 0x00, 0x00, 0x00, 0x2f, 0xfd, 0x0f, 0xff, 0x00, 0x00, 0x00, 0x3f, 0xf8, 0x07, 0xff, 0x80, 0x00, 0x00, 0xff, 0xf0, 0x02, 0xff, 0xd0,
    0x00, 0x01, 0xff, 0xe0, 0x00, 0xff, 0xf0, 0x00, 0x03, 0xff, 0xc0, 0x00, 0xbf, 0xf4, 0x00, 0x0b, 0xff, 0x40, 0x00, 0x3f, 0xfc, 0x00, 0x1f, 0xfe,
    0x00, 0x00, 0x1f, 0xfe, 0x00, 0x3f, 0xfc, 0x00, 0x00, 0x0b, 0xff, 0x00, 0x2f, 0xf4, 0x00, 0x00, 0x03, 0xff, 0x00, 0x00, 0x00, 0x00, 0x00, 0x00,
    0x00, 0x00, 0x00, 0x00, 0x00, 0x00, 0x00, 0x00, 0x00, 0x00, 0x00, 0x00, 0x00, 0x00, 0x00, 0x00, 0x00, 0x00, 0x00, 0x00, 0x00, 0x00, 0x00, 0x00,
    0x00, 0x00, 0x00, 0x00, 0x00, 0x00, 0x00, 0x00, 0x00, 0x00, 0x00, 0x00, 0x00, 0x00, 0x00, 0x00, 0x00, 0x00, 0x00, 0x00, 0x00, 0x00, 0x00, 0x00,
    0x00, 0x00, 0x00, 0x00, 0x00, 0x00, 0x00, 0x00, 0x00, 0x00, 0x00, 0x00, 0x00, 0x00, 0x00, 0x00, 0x00, 0x00, 0x00, 0x00, 0x00, 0x00, 0x00, 0x00,
    0x2a, 0xa0, 0x00, 0x00, 0x02, 0xa9, 0x3f, 0xfc, 0x00, 0x00, 0x0f, 0xff, 0x2f, 0xfd, 0x00, 0x00, 0x2f, 0xfd, 0x0f, 0xff, 0x00, 0x00, 0x3f, 0xfc,
    0x07, 0xff, 0x80, 0x00, 0xff, 0xf0, 0x02, 0xff, 0xd0, 0x01, 0xff, 0xe0, 0x00, 0xff, 0xf0, 0x03, 0xff, 0xc0, 0x00, 0x7f, 0xf8, 0x0b, 0xff, 0x40,
    0x00, 0x3f, 0xfc, 0x0f, 0xff, 0x00, 0x00, 0x0f, 0xfe, 0x3f, 0xfc, 0x00, 0x00, 0x0b, 0xff, 0xbf, 0xf8, 0x00, 0x00, 0x03, 0xff, 0xff, 0xf0, 0x00,
    0x00, 0x01, 0xff, 0xff, 0xd0, 0x00, 0x00, 0x00, 0xff, 0xff, 0x80, 0x00, 0x00, 0x00, 0x3f, 0xff, 0x00, 0x00, 0x00, 0x00, 0x2f, 0xfe, 0x00, 0x00,
    0x00, 0x00, 0x0f, 0xfc, 0x00, 0x00, 0x00, 0x00, 0x0f, 0xfc, 0x00, 0x00, 0x00, 0x00, 0x0f, 0xfc, 0x00, 0x00, 0x00, 0x00, 0x0f, 0xfc, 0x00, 0x00,
    0x00, 0x00, 0x0f, 0xfc, 0x00, 0x00, 0x00, 0x00, 0x0f, 0xfc, 0x00, 0x00, 0x00, 0x00, 0x0f, 0xfc, 0x00, 0x00, 0x00, 0x00, 0x0f, 0xfc, 0x00, 0x00,
    0x00, 0x00, 0x0f, 0xfc, 0x00, 0x00, 0x00, 0x00, 0x0f, 0xfc, 0x00, 0x00, 0x00, 0x00, 0x0f, 0xfc, 0x00, 0x00, 0x00, 0x00, 0x0f, 0xfc, 0x00, 0x00,
    0x00, 0x00, 0x0f, 0xfc, 0x00, 0x00, 0x00, 0x00, 0x0f, 0xfc, 0x00, 0x00, 0x00, 0x00, 0x00, 0x00, 0x00, 0x00, 0x00, 0x00, 0x00, 0x00, 0x00, 0x00,
    0x00, 0x00, 0x00, 0x00, 0x00, 0x00, 0x00, 0x00, 0x00, 0x00, 0x00, 0x00, 0x00, 0x00, 0x00, 0x00, 0x00, 0x00, 0x00, 0x00, 0x00, 0x00, 0x00, 0x00,
    0x00, 0x00, 0x00, 0x00, 0x00, 0x00, 0x00, 0x00, 0x00, 0x00, 0x00, 0x00, 0x00, 0x00, 0x00, 0x00, 0x00, 0x00, 0x00, 0x00, 0x00, 0x00, 0x00, 0x00,
    0x00, 0x00, 0x00, 0x00, 0x00, 0x00, 0x00, 0x00, 0x00, 0x00, 0x00, 0x00, 0x00, 0x00, 0x00, 0x00, 0x00, 0x00, 0x00, 0x06, 0xaa, 0xaa, 0xaa, 0xaa,
    0xa8, 0x00, 0x0f, 0xff, 0xff, 0xff, 0xff, 0xfd, 0x00, 0x0f, 0xff, 0xff, 0xff, 0xff, 0xfe, 0x00, 0x0f, 0xff, 0xff, 0xff, 0xff, 0xfe, 0x00, 0x0f,
    0xff, 0xff, 0xff, 0xff, 0xfd, 0x00, 0x05, 0x55, 0x55, 0x55, 0xff, 0xfc, 0x00, 0x00, 0x00, 0x00, 0x01, 0xff, 0xf0, 0x00, 0x00, 0x00, 0x00, 0x03,
    0xff, 0xd0, 0x00, 0x00, 0x00, 0x00, 0x0f, 0xff, 0x80, 0x00, 0x00, 0x00, 0x00, 0x2f, 0xff, 0x00, 0x00, 0x00, 0x00, 0x00, 0x7f, 0xfc, 0x00, 0x00,
    0x00, 0x00, 0x00, 0xff, 0xf4, 0x00, 0x00, 0x00, 0x00, 0x03, 0xff, 0xe0, 0x00, 0x00, 0x00, 0x00, 0x0b, 0xff, 0xc0, 0x00, 0x00, 0x00, 0x00, 0x1f,
    0xff, 0x00, 0x00, 0x00, 0x00, 0x00, 0x3f, 0xfe, 0x00, 0x00, 0x00, 0x00, 0x00, 0xbf, 0xfc, 0x00, 0x00, 0x00, 0x00, 0x01, 0xff, 0xf0, 0x00, 0x00,
    0x00, 0x00, 0x03, 0xff, 0xd0, 0x00, 0x00, 0x00, 0x00, 0x0f, 0xff, 0x80, 0x00, 0x00, 0x00, 0x00, 0x2f, 0xff, 0x00, 0x00, 0x00, 0x00, 0x00, 0x7f,
    0xfc, 0x00, 0x00, 0x00, 0x00, 0x00, 0xff, 0xf4, 0x00, 0x00, 0x00, 0x00, 0x03, 0xff, 0xe0, 0x00, 0x00, 0x00, 0x00, 0x0b, 0xff, 0xc0, 0x00, 0x00,
    0x00, 0x00, 0x0f, 0xff, 0xff, 0xff, 0xff, 0xfe, 0x00, 0x1f, 0xff, 0xff, 0xff, 0xff, 0xff, 0x00, 0x1f, 0xff, 0xff, 0xff, 0xff, 0xff, 0x00, 0x1f,
    0xff, 0xff, 0xff, 0xff, 0xff, 0x00, 0x0f, 0xff, 0xff, 0xff, 0xff, 0xfe, 0x00, 0x00, 0x00, 0x00, 0x00, 0x00, 0x00, 0x00, 0x00, 0x00, 0x00, 0x00,
    0x00, 0x00, 0x00, 0x00, 0x00, 0x00, 0x00, 0x00, 0x00, 0x00, 0x00, 0x00, 0x00, 0x00, 0x00, 0x00, 0x00, 0x00, 0x00, 0x00, 0x00, 0x00, 0x00, 0x00,
    0x00, 0x00, 0x00, 0x00, 0x00, 0x00, 0x00, 0x00, 0x00, 0x00, 0x00, 0x00, 0x00, 0x00, 0x00, 0x00, 0x00, 0x00, 0x00, 0x00, 0x00, 0x00, 0x00, 0x00,
    0x02, 0xff, 0xfe, 0x00, 0x03, 0xff, 0xff, 0x00, 0x03, 0xff, 0xff, 0x00, 0x03, 0xff, 0xff, 0x00, 0x03, 0xff, 0xfe, 0x00, 0x03, 0xff, 0x00, 0x00,
    0x03, 0xff, 0x00, 0x00, 0x03, 0xff, 0x00, 0x00, 0x03, 0xff, 0x00, 0x00, 0x03, 0xff, 0x00, 0x00, 0x03, 0xff, 0x00, 0x00, 0x03, 0xff, 0x00, 0x00,
    0x03, 0xff, 0x00, 0x00, 0x03, 0xff, 0x00, 0x00, 0x03, 0xff, 0x00, 0x00, 0x03, 0xff, 0x00, 0x00, 0x03, 0xff, 0x00, 0x00, 0x03, 0xff, 0x00, 0x00,
    0x03, 0xff, 0x00, 0x00, 0x03, 0xff, 0x00, 0x00, 0x03, 0xff, 0x00, 0x00, 0x03, 0xff, 0x00, 0x00, 0x03, 0xff, 0x00, 0x00, 0x03, 0xff, 0x00, 0x00,
    0x03, 0xff, 0x00, 0x00, 0x03, 0xff, 0x00, 0x00, 0x03, 0xff, 0x00, 0x00, 0x03, 0xff, 0x00, 0x00, 0x03, 0xff, 0x00, 0x00, 0x03, 0xff, 0x00, 0x00,
    0x03, 0xff, 0x00, 0x00, 0x03, 0xff, 0xa9, 0x00, 0x03, 0xff, 0xff, 0x00, 0x03, 0xff, 0xff, 0x00, 0x03, 0xff, 0xff, 0x00, 0x03, 0xff, 0xfe, 0x00,
    0x00, 0x00, 0x00, 0x00, 0x00, 0x00, 0x00, 0x00, 0x00, 0x00, 0x00, 0x00, 0x00, 0x00, 0x00, 0x00, 0x00, 0x00, 0x00, 0x00, 0x00, 0x00, 0x00, 0x00,
    0x00, 0x00, 0x00, 0x00, 0x6a, 0x40, 0x00, 0x00, 0xff, 0xc0, 0x00, 0x00, 0xbf, 0xc0, 0x00, 0x00, 0x7f, 0xd0, 0x00, 0x00, 0x3f, 0xf0, 0x00, 0x00,
    0x3f, 0xf0, 0x00, 0x00, 0x2f, 0xf4, 0x00, 0x00, 0x1f, 0xf8, 0x00, 0x00, 0x0f, 0xfc, 0x00, 0x00, 0x0f, 0xfc, 0x00, 0x00, 0x07, 0xfd, 0x00, 0x00,
    0x03, 0xfe, 0x00, 0x00, 0x03, 0xff, 0x00, 0x00, 0x02, 0xff, 0x40, 0x00, 0x01, 0xff, 0x80, 0x00, 0x00, 0xff, 0xc0, 0x00, 0x00, 0xff, 0xc0, 0x00,
    0x00, 0xbf, 0xd0, 0x00, 0x00, 0x7f, 0xe0, 0x00, 0x00, 0x3f, 0xf0, 0x00, 0x00, 0x2f, 0xf0, 0x00, 0x00, 0x1f, 0xf4, 0x00, 0x00, 0x0f, 0xfc, 0x00,
    0x00, 0x0f, 0xfc, 0x00, 0x00, 0x0b, 0xfd, 0x00, 0x00, 0x07, 0xfe, 0x00, 0x00, 0x03, 0xff, 0x00, 0x00, 0x03, 0xff, 0x00, 0x00, 0x01, 0xff, 0x40,
    0x00, 0x00, 0xff, 0x80, 0x00, 0x00, 0xff, 0xc0, 0x00, 0x00, 0xbf, 0xd0, 0x00, 0x00, 0x7f, 0xd0, 0x00, 0x00, 0x1a, 0x40, 0x00, 0x00, 0x00, 0x00,
    0x00, 0x00, 0x00, 0x00, 0x00, 0x00, 0x00, 0x00, 0x00, 0x00, 0x00, 0x00, 0x00, 0x00, 0x00, 0x00, 0x00, 0x00, 0x00, 0x00, 0x00, 0x00, 0x00, 0x00,
    0x01, 0xff, 0xff, 0x00, 0x02, 0xff, 0xff, 0x40, 0x02, 0xff, 0xff, 0x40, 0x02, 0xff, 0xff, 0x40, 0x01, 0xff, 0xff, 0x40, 0x00, 0x02, 0xff, 0x40,
    0x00, 0x02, 0xff, 0x40, 0x00, 0x02, 0xff, 0x40, 0x00, 0x02, 0xff, 0x40, 0x00, 0x02, 0xff, 0x40, 0x00, 0x02, 0xff, 0x40, 0x00, 0x02, 0xff, 0x40,
    0x00, 0x02, 0xff, 0x40, 0x00, 0x02, 0xff, 0x40, 0x00, 0x02, 0xff, 0x40, 0x00, 0x02, 0xff, 0x40, 0x00, 0x02, 0xff, 0x40, 0x00, 0x02, 0xff, 0x40,
    0x00, 0x02, 0xff, 0x40, 0x00, 0x02, 0xff, 0x40, 0x00, 0x02, 0xff, 0x40, 0x00, 0x02, 0xff, 0x40, 0x00, 0x02, 0xff, 0x40, 0x00, 0x02, 0xff, 0x40,
    0x00, 0x02, 0xff, 0x40, 0x00, 0x02, 0xff, 0x40, 0x00, 0x02, 0xff, 0x40, 0x00, 0x02, 0xff, 0x40, 0x00, 0x02, 0xff, 0x40, 0x00, 0x02, 0xff, 0x40,
    0x00, 0x02, 0xff, 0x40, 0x00, 0xab, 0xff, 0x40, 0x02, 0xff, 0xff, 0x40, 0x02, 0xff, 0xff, 0x40, 0x02, 0xff, 0xff, 0x40, 0x01, 0xff, 0xff, 0x00,
    0x00, 0x00, 0x00, 0x00, 0x00, 0x00, 0x00, 0x00, 0x00, 0x00, 0x00, 0x00, 0x00, 0x00, 0x00, 0x00, 0x00, 0x00, 0x00, 0x00, 0x00, 0x00, 0x00, 0x00,
    0x00, 0x00, 0x00, 0x00, 0x00, 0x00, 0x00, 0x00, 0x00, 0x00, 0x00, 0x00, 0x00, 0x00, 0x00, 0x00, 0x00, 0x00, 0x00, 0x00, 0x00, 0x00, 0x00, 0x00,
    0x00, 0x00, 0x00, 0x00, 0x00, 0x00, 0x00, 0x00, 0x00, 0x00, 0x00, 0x2a, 0x90, 0x00, 0x00, 0x00, 0x00, 0x00, 0x00, 0xff, 0xf4, 0x00, 0x00, 0x00,
    0x00, 0x00, 0x02, 0xff, 0xfd, 0x00, 0x00, 0x00, 0x00, 0x00, 0x0b, 0xff, 0xff, 0x00, 0x00, 0x00, 0x00, 0x00, 0x1f, 0xff, 0xff, 0xc0, 0x00, 0x00,
    0x00, 0x00, 0x7f, 0xff, 0xff, 0xf0, 0x00, 0x00, 0x00, 0x00, 0xff, 0xf8, 0xff, 0xfc, 0x00, 0x00, 0x00, 0x03, 0xff, 0xe0, 0x3f, 0xfe, 0x00, 0x00,
    0x00, 0x0f, 0xff, 0x80, 0x0f, 0xff, 0x80, 0x00, 0x00, 0x3f, 0xfe, 0x00, 0x03, 0xff, 0xd0, 0x00, 0x00, 0xbf, 0xf8, 0x00, 0x00, 0xff, 0xf4, 0x00,
    0x01, 0xff, 0xe0, 0x00, 0x00, 0x3f, 0xfc, 0x00, 0x00, 0xaa, 0x40, 0x00, 0x00, 0x0a, 0xa4, 0x00, 0x00, 0x00, 0x00, 0x00, 0x00, 0x00, 0x00, 0x00,
    0x00, 0x00, 0x00, 0x00, 0x00, 0x00, 0x00, 0x00, 0x00, 0x00, 0x00, 0x00, 0x00, 0x00, 0x00, 0x00, 0x00, 0x00, 0x00, 0x00, 0x00, 0x00, 0x00, 0x00,
    0x00, 0x00, 0x00, 0x00, 0x00, 0x00, 0x00, 0x00, 0x00, 0x00, 0x00, 0x00, 0x00, 0x00, 0x00, 0x00, 0x00, 0x00, 0x00, 0x00, 0x00, 0x00, 0x00, 0x00,
    0x00, 0x00, 0x00, 0x00, 0x00, 0x00, 0x00, 0x00, 0x00, 0x00, 0x00, 0x00, 0x00, 0x00, 0x00, 0x00, 0x00, 0x00, 0x00, 0x00, 0x00, 0x00, 0x00, 0x00,
    0x00, 0x00, 0x00, 0x00, 0x00, 0x00, 0x00, 0x00, 0x00, 0x00, 0x00, 0x00, 0x00, 0x00, 0x00, 0x00, 0x00, 0x00, 0x00, 0x00, 0x00, 0x00, 0x00, 0x00,
    0x00, 0x00, 0x00, 0x00, 0x00, 0x00, 0x00, 0x00, 0x00, 0x00, 0x00, 0x00, 0x00, 0x00, 0x00, 0x00, 0x00, 0x00, 0x00, 0x00, 0x00, 0x00, 0x00, 0x00,
    0x00, 0x00, 0x00, 0x00, 0x00, 0x00, 0x00, 0x00, 0x00, 0x00, 0x00, 0x00, 0x00, 0x00, 0x00, 0x00, 0x00, 0x00, 0x00, 0x00, 0x00, 0x00, 0x00, 0x00,
    0x00, 0x00, 0x00, 0x00, 0x00, 0x00, 0x00, 0x00, 0x00, 0x00, 0x00, 0x00, 0x00, 0x00, 0x00, 0x00, 0x00, 0x00, 0x00, 0x00, 0x00, 0x00, 0x00, 0x00,
    0x00, 0x00, 0x00, 0x00, 0x00, 0x00, 0x00, 0x00, 0x00, 0x00, 0x00, 0x00, 0x00, 0x00, 0x00, 0x00, 0x00, 0x00, 0x00, 0x00, 0x00, 0x00, 0x00, 0x00,
    0x00, 0x00, 0x00, 0x00, 0x00, 0x00, 0x00, 0x00, 0x00, 0x00, 0x00, 0x00, 0x00, 0x00, 0x00, 0x00, 0x00, 0x00, 0x00, 0x00, 0x00, 0x00, 0x00, 0x00,
    0x00, 0x00, 0x00, 0x00, 0x00, 0x00, 0x00, 0x00, 0x00, 0x00, 0x00, 0x00, 0x00, 0x00, 0x00, 0x00, 0x00, 0x00, 0x00, 0x00, 0x00, 0x00, 0x00, 0x00,
    0x00, 0x00, 0x00, 0x00, 0x00, 0x00, 0x00, 0x00, 0x00, 0x00, 0x00, 0x00, 0x00, 0x00, 0x00, 0x00, 0x00, 0x00, 0x00, 0x00, 0x00, 0x00, 0x00, 0x00,
    0x00, 0x00, 0x00, 0x00, 0x00, 0x00, 0x00, 0x00, 0x00, 0x00, 0x00, 0x00, 0x00, 0x00, 0x00, 0x00, 0x00, 0x00, 0x00, 0x00, 0x00, 0x00, 0x00, 0x00,
    0x00, 0x00, 0x00, 0x00, 0x00, 0x00, 0x00, 0x00, 0x00, 0x00, 0x00, 0x00, 0x00, 0x00, 0x00, 0x00, 0x00, 0x00, 0x00, 0x00, 0x00, 0x00, 0x00, 0x00,
    0x00, 0x00, 0x00, 0x00, 0x00, 0x00, 0x00, 0x00, 0x00, 0x00, 0x00, 0x00, 0x00, 0x00, 0x00, 0x00, 0x00, 0x00, 0x00, 0x00, 0x00, 0x00, 0x00, 0x00,
    0x00, 0x00, 0x00, 0x00, 0x00, 0x00, 0x00, 0x00, 0x00, 0x00, 0x00, 0x00, 0x00, 0x00, 0x00, 0x00, 0x00, 0x00, 0x00, 0x00, 0x00, 0x00, 0x00, 0x00,
    0x00, 0x00, 0x00, 0x00, 0x00, 0x00, 0x00, 0x00, 0x00, 0x00, 0x00, 0x00, 0x00, 0x00, 0x00, 0x00, 0x00, 0x00, 0x00, 0x00, 0x00, 0x00, 0x00, 0x00,
    0x00, 0x00, 0x00, 0x00, 0x00, 0x00, 0x00, 0x00, 0x00, 0x00, 0x00, 0x00, 0x00, 0x00, 0x00, 0x00, 0x00, 0x00, 0x00, 0x00, 0x00, 0x00, 0x00, 0x00,
    0x00, 0x00, 0x00, 0x00, 0x00, 0x00, 0x2a, 0xaa, 0xaa, 0xaa, 0xaa, 0x00, 0x00, 0x00, 0x00, 0x00, 0x00, 0x00, 0x00, 0x00, 0x00, 0x00, 0x00, 0x00,
    0x00, 0x00, 0x00, 0x00, 0x00, 0x00, 0x00, 0x00, 0x01, 0x54, 0x00, 0x00, 0x00, 0x03, 0xff, 0x40, 0x00, 0x00, 0x02, 0xff, 0xc0, 0x00, 0x00, 0x00,
    0xff, 0xe0, 0x00, 0x00, 0x00, 0x3f, 0xf4, 0x00, 0x00, 0x00, 0x1f, 0xfc, 0x00, 0x00, 0x00, 0x0b, 0xfe, 0x00, 0x00, 0x00, 0x03, 0xff, 0x40, 0x00,
    0x00, 0x00, 0xff, 0xc0, 0x00, 0x00, 0x00, 0x2a, 0x00, 0x00, 0x00, 0x00, 0x00, 0x00, 0x00, 0x00, 0x00, 0x00, 0x00, 0x00, 0x00, 0x00, 0x00, 0x00,
    0x00, 0x00, 0x00, 0x00, 0x00, 0x00, 0x00, 0x00, 0x00, 0x00, 0x00, 0x00, 0x00, 0x00, 0x00, 0x00, 0x00, 0x00, 0x00, 0x00, 0x00, 0x00, 0x00, 0x00,
    0x00, 0x00, 0x00, 0x00, 0x00, 0x00, 0x00, 0x00, 0x00, 0x00, 0x00, 0x00, 0x00, 0x00, 0x00, 0x00, 0x00, 0x00, 0x00, 0x00, 0x00, 0x00, 0x00, 0x00,
    0x00, 0x00, 0x00, 0x00, 0x00, 0x00, 0x00, 0x00, 0x00, 0x00, 0x00, 0x00, 0x00, 0x00, 0x00, 0x00, 0x00, 0x00, 0x00, 0x00, 0x00, 0x00, 0x00, 0x00,
    0x00, 0x00, 0x00, 0x00, 0x00, 0x00, 0x00, 0x00, 0x00, 0x00, 0x00, 0x00, 0x00, 0x00, 0x00, 0x00, 0x00, 0x00, 0x00, 0x00, 0x00, 0x00, 0x00, 0x00,
    0x00, 0x00, 0x00, 0x00, 0x00, 0x00, 0x00, 0x00, 0x00, 0x00, 0x00, 0x00, 0x00, 0x00, 0x00, 0x00, 0x00, 0x00, 0x00, 0x00, 0x00, 0x00, 0x00, 0x00,
    0x00, 0x00, 0x00, 0x00, 0x00, 0x00, 0x00, 0x00, 0x00, 0x00, 0x00, 0x00, 0x00, 0x00, 0x00, 0x00, 0x00, 0x00, 0x00, 0x00, 0x00, 0x00, 0x00, 0x00,
    0x00, 0x00, 0x00, 0x00, 0x00, 0x00, 0x00, 0x00, 0x00, 0x00, 0x00, 0x00, 0x00, 0x00, 0x00, 0x00, 0x00, 0x00, 0x00, 0x00, 0x00, 0x00, 0x00, 0x00,
    0x00, 0x00, 0x00, 0x00, 0x00, 0x00, 0x00, 0x00, 0x00, 0x00, 0x00, 0x00, 0x00, 0x00, 0x00, 0x00, 0x00, 0x00, 0x00, 0x00, 0x00, 0x00, 0x00, 0x00,
    0x00, 0x00, 0x00, 0x00, 0x00, 0x00, 0x00, 0x00, 0x00, 0x00, 0x00, 0x00, 0x00, 0x00, 0x04, 0x00, 0x00, 0x00, 0x00, 0x1b, 0xff, 0xf8, 0x00, 0x00,
    0x01, 0xff, 0xff, 0xff, 0x80, 0x00, 0x02, 0xff, 0xff, 0xff, 0xe0, 0x00, 0x02, 0xff, 0xff, 0xff, 0xf4, 0x00, 0x02, 0xff, 0xea, 0xff, 0xfc, 0x00,
    0x01, 0xf4, 0x00, 0x2f, 0xfc, 0x00, 0x00, 0x00, 0x00, 0x0b, 0xfd, 0x00, 0x00, 0x00, 0x00, 0x07, 0xfe, 0x00, 0x00, 0x06, 0xff, 0xff, 0xff, 0x00,
    0x00, 0x3f, 0xff, 0xff, 0xff, 0x00, 0x00, 0xff, 0xff, 0xff, 0xff, 0x00, 0x03, 0xff, 0xff, 0xff, 0xff, 0x00, 0x07, 0xff, 0xfa, 0xaf, 0xff, 0x00,
    0x0b, 0xff, 0x00, 0x07, 0xff, 0x00, 0x0f, 0xfd, 0x00, 0x07, 0xff, 0x00, 0x0f, 0xfc, 0x00, 0x0f, 0xff, 0x00, 0x0f, 0xfc, 0x00, 0x0f, 0xff, 0x00,
    0x0f, 0xfe, 0x00, 0x3f, 0xff, 0x00, 0x0b, 0xff, 0x96, 0xff, 0xff, 0x00, 0x03, 0xff, 0xff, 0xff, 0xff, 0x00, 0x02, 0xff, 0xff, 0xff, 0xff, 0x00,
    0x00, 0xff, 0xff, 0xff, 0xff, 0x00, 0x00, 0x2f, 0xff, 0xe3, 0xfe, 0x00, 0x00, 0x01, 0x65, 0x00, 0x00, 0x00, 0x00, 0x00, 0x00, 0x00, 0x00, 0x00,
    0x00, 0x00, 0x00, 0x00, 0x00, 0x00, 0x00, 0x00, 0x00, 0x00, 0x00, 0x00, 0x00, 0x00, 0x00, 0x00, 0x00, 0x00, 0x00, 0x00, 0x00, 0x00, 0x00, 0x00,
    0x00, 0x00, 0x00, 0x00, 0x00, 0x00, 0x00, 0x00, 0x00, 0x00, 0x00, 0x00, 0x00, 0x00, 0x00, 0x00, 0x00, 0x00, 0x00, 0x00, 0x00, 0x00, 0x00, 0x00,
    0x00, 0x00, 0x00, 0x00, 0x00, 0x00, 0x02, 0xfe, 0x00, 0x00, 0x00, 0x00, 0x03, 0xff, 0x00, 0x00, 0x00, 0x00, 0x03, 0xff, 0x00, 0x00, 0x00, 0x00,
    0x03, 0xff, 0x00, 0x00, 0x00, 0x00, 0x03, 0xff, 0x00, 0x00, 0x00, 0x00, 0x03, 0xff, 0x00, 0x00, 0x00, 0x00, 0x03, 0xff, 0x00, 0x00, 0x00, 0x00,
    0x03, 0xff, 0x00, 0x00, 0x00, 0x00, 0x03, 0xff, 0x1f, 0xff, 0x40, 0x00, 0x03, 0xff, 0xff, 0xff, 0xf0, 0x00, 0x03, 0xff, 0xff, 0xff, 0xfc, 0x00,
    0x03, 0xff, 0xff, 0xff, 0xfe, 0x00, 0x03, 0xff, 0xfe, 0xbf, 0xff, 0x40, 0x03, 0xff, 0xf0, 0x07, 0xff, 0x80, 0x03, 0xff, 0xd0, 0x01, 0xff, 0xc0,
    0x03, 0xff, 0xc0, 0x00, 0xff, 0xd0, 0x03, 0xff, 0x80, 0x00, 0xbf, 0xe0, 0x03, 0xff, 0x40, 0x00, 0xbf, 0xe0, 0x03, 0xff, 0x40, 0x00, 0x7f, 0xf0,
    0x03, 0xff, 0x00, 0x00, 0x7f, 0xf0, 0x03, 0xff, 0x00, 0x00, 0x7f, 0xf0, 0x03, 0xff, 0x40, 0x00, 0x7f, 0xe0, 0x03, 0xff, 0x40, 0x00, 0xbf, 0xe0,
    0x03, 0xff, 0x80, 0x00, 0xff, 0xd0, 0x03, 0xff, 0xc0, 0x01, 0xff, 0xc0, 0x03, 0xff, 0xf0, 0x03, 0xff, 0xc0, 0x03, 0xff, 0xfd, 0x5f, 0xff, 0x40,
    0x03, 0xff, 0xff, 0xff, 0xff, 0x00, 0x03, 0xff, 0xff, 0xff, 0xfc, 0x00, 0x03, 0xff, 0xff, 0xff, 0xf4, 0x00, 0x02, 0xff, 0x2f, 0xff, 0x80, 0x00,
    0x00, 0x00, 0x01, 0x54, 0x00, 0x00, 0x00, 0x00, 0x00, 0x00, 0x00, 0x00, 0x00, 0x00, 0x00, 0x00, 0x00, 0x00, 0x00, 0x00, 0x00, 0x00, 0x00, 0x00,
    0x00, 0x00, 0x00, 0x00, 0x00, 0x00, 0x00, 0x00, 0x00, 0x00, 0x00, 0x00, 0x00, 0x00, 0x00, 0x00, 0x00, 0x00, 0x00, 0x00, 0x00, 0x00, 0x00, 0x00,
    0x00, 0x00, 0x00, 0x00, 0x00, 0x00, 0x00, 0x00, 0x00, 0x00, 0x00, 0x00, 0x00, 0x00, 0x00, 0x00, 0x00, 0x00, 0x00, 0x00, 0x00, 0x00, 0x00, 0x00,
    0x00, 0x00, 0x00, 0x00, 0x00, 0x00, 0x00, 0x00, 0x00, 0x00, 0x00, 0x00, 0x00, 0x00, 0x00, 0x00, 0x00, 0x00, 0x00, 0x00, 0x00, 0x00, 0x00, 0x00,
    0x00, 0x00, 0x00, 0x00, 0x00, 0x00, 0x00, 0x00, 0x00, 0x00, 0x00, 0x00, 0x00, 0x00, 0x00, 0x40, 0x00, 0x00, 0x00, 0x00, 0xbf, 0xff, 0x80, 0x00,
    0x00, 0x0b, 0xff, 0xff, 0xf4, 0x00, 0x00, 0x3f, 0xff, 0xff, 0xf8, 0x00, 0x00, 0xbf, 0xff, 0xff, 0xf8, 0x00, 0x01, 0xff, 0xfe, 0xaf, 0xf8, 0x00,
    0x03, 0xff, 0xd0, 0x00, 0xb8, 0x00, 0x07, 0xff, 0x40, 0x00, 0x00, 0x00, 0x0b, 0xff, 0x00, 0x00, 0x00, 0x00, 0x0f, 0xfe, 0x00, 0x00, 0x00, 0x00,
    0x0f, 0xfd, 0x00, 0x00, 0x00, 0x00, 0x0f, 0xfc, 0x00, 0x00, 0x00, 0x00, 0x0f, 0xfc, 0x00, 0x00, 0x00, 0x00, 0x0f, 0xfc, 0x00, 0x00, 0x00, 0x00,
    0x0f, 0xfd, 0x00, 0x00, 0x00, 0x00, 0x0f, 0xfd, 0x00, 0x00, 0x00, 0x00, 0x0b, 0xff, 0x00, 0x00, 0x00, 0x00, 0x07, 0xff, 0x40, 0x00, 0x00, 0x00,
    0x03, 0xff, 0xc0, 0x00, 0x74, 0x00, 0x02, 0xff, 0xf9, 0x5b, 0xf8, 0x00, 0x00, 0xff, 0xff, 0xff, 0xf8, 0x00, 0x00, 0x3f, 0xff, 0xff, 0xf8, 0x00,
    0x00, 0x0f, 0xff, 0xff, 0xf8, 0x00, 0x00, 0x01, 0xff, 0xff, 0xd0, 0x00, 0x00, 0x00, 0x05, 0x94, 0x00, 0x00, 0x00, 0x00, 0x00, 0x00, 0x00, 0x00,
    0x00, 0x00, 0x00, 0x00, 0x00, 0x00, 0x00, 0x00, 0x00, 0x00, 0x00, 0x00, 0x00, 0x00, 0x00, 0x00, 0x00, 0x00, 0x00, 0x00, 0x00, 0x00, 0x00, 0x00,
    0x00, 0x00, 0x00, 0x00, 0x00, 0x00, 0x00, 0x00, 0x00, 0x00, 0x00, 0x00, 0x00, 0x00, 0x00, 0x00, 0x00, 0x00, 0x00, 0x00, 0x00, 0x00, 0x00, 0x00,
    0x00, 0x00, 0x00, 0x00, 0x00, 0x00, 0x00, 0x00, 0x00, 0x00, 0xff, 0x40, 0x00, 0x00, 0x00, 0x01, 0xff, 0x80, 0x00, 0x00, 0x00, 0x01, 0xff, 0x80,
    0x00, 0x00, 0x00, 0x01, 0xff, 0x80, 0x00, 0x00, 0x00, 0x01, 0xff, 0x80, 0x00, 0x00, 0x00, 0x01, 0xff, 0x80, 0x00, 0x00, 0x00, 0x01, 0xff, 0x80,
    0x00, 0x00, 0x04, 0x01, 0xff, 0x80, 0x00, 0x02, 0xff, 0xe5, 0xff, 0x80, 0x00, 0x1f, 0xff, 0xff, 0xff, 0x80, 0x00, 0x7f, 0xff, 0xff, 0xff, 0x80,
    0x00, 0xff, 0xff, 0xff, 0xff, 0x80, 0x02, 0xff, 0xfa, 0xff, 0xff, 0x80, 0x03, 0xff, 0xc0, 0x1f, 0xff, 0x80, 0x07, 0xff, 0x00, 0x0b, 0xff, 0x80,
    0x0b, 0xfe, 0x00, 0x03, 0xff, 0x80, 0x0f, 0xfd, 0x00, 0x03, 0xff, 0x80, 0x0f, 0xfc, 0x00, 0x02, 0xff, 0x80, 0x0f, 0xfc, 0x00, 0x02, 0xff, 0x80,
    0x0f, 0xfc, 0x00, 0x01, 0xff, 0x80, 0x0f, 0xfc, 0x00, 0x02, 0xff, 0x80, 0x0f, 0xfc, 0x00, 0x02, 0xff, 0x80, 0x0f, 0xfd, 0x00, 0x03, 0xff, 0x80,
    0x0b, 0xfe, 0x00, 0x03, 0xff, 0x80, 0x07, 0xff, 0x00, 0x07, 0xff, 0x80, 0x03, 0xff, 0x80, 0x0f, 0xff, 0x80, 0x02, 0xff, 0xf5, 0xbf, 0xff, 0x80,
    0x00, 0xff, 0xff, 0xff, 0xff, 0x80, 0x00, 0x7f, 0xff, 0xff, 0xff, 0x80, 0x00, 0x2f, 0xff, 0xff, 0xff, 0x80, 0x00, 0x07, 0xff, 0xf9, 0xff, 0x40,
    0x00, 0x00, 0x19, 0x40, 0x00, 0x00, 0x00, 0x00, 0x00, 0x00, 0x00, 0x00, 0x00, 0x00, 0x00, 0x00, 0x00, 0x00, 0x00, 0x00, 0x00, 0x00, 0x00, 0x00,
    0x00, 0x00, 0x00, 0x00, 0x00, 0x00, 0x00, 0x00, 0x00, 0x00, 0x00, 0x00, 0x00, 0x00, 0x00, 0x00, 0x00, 0x00, 0x00, 0x00, 0x00, 0x00, 0x00, 0x00,
    0x00, 0x00, 0x00, 0x00, 0x00, 0x00, 0x00, 0x00, 0x00, 0x00, 0x00, 0x00, 0x00, 0x00, 0x00, 0x00, 0x00, 0x00, 0x00, 0x00, 0x00, 0x00, 0x00, 0x00,
    0x00, 0x00, 0x00, 0x00, 0x00, 0x00, 0x00, 0x00, 0x00, 0x00, 0x00, 0x00, 0x00, 0x00, 0x00, 0x00, 0x00, 0x00, 0x00, 0x00, 0x00, 0x00, 0x00, 0x00,
    0x00, 0x00, 0x00, 0x00, 0x00, 0x00, 0x00, 0x00, 0x00, 0x00, 0x00, 0x00, 0x00, 0x00, 0x00, 0x00, 0x00, 0x00, 0x00, 0x00, 0xbf, 0xfe, 0x00, 0x00,
    0x00, 0x0b, 0xff, 0xff, 0xd0, 0x00, 0x00, 0x3f, 0xff, 0xff, 0xf4, 0x00, 0x00, 0xbf, 0xff, 0xff, 0xfd, 0x00, 0x01, 0xff, 0xfe, 0xbf, 0xff, 0x00,
    0x03, 0xff, 0xd0, 0x07, 0xff, 0x40, 0x07, 0xff, 0x40, 0x02, 0xff, 0x80, 0x0b, 0xfe, 0x00, 0x00, 0xff, 0xc0, 0x0f, 0xfe, 0x00, 0x01, 0xff, 0xc0,
    0x0f, 0xff, 0xff, 0xff, 0xff, 0xc0, 0x0f, 0xff, 0xff, 0xff, 0xff, 0xc0, 0x0f, 0xff, 0xff, 0xff, 0xff, 0xc0, 0x0f, 0xff, 0xff, 0xff, 0xff, 0xc0,
    0x0f, 0xfe, 0x55, 0x55, 0x55, 0x40, 0x0f, 0xfd, 0x00, 0x00, 0x00, 0x00, 0x0b, 0xfe, 0x00, 0x00, 0x00, 0x00, 0x07, 0xff, 0x40, 0x00, 0x00, 0x00,
    0x03, 0xff, 0xd0, 0x00, 0x1f, 0x40, 0x02, 0xff, 0xf9, 0x5a, 0xff, 0x80, 0x00, 0xff, 0xff, 0xff, 0xff, 0x80, 0x00, 0x3f, 0xff, 0xff, 0xff, 0x40,
    0x00, 0x0f, 0xff, 0xff, 0xff, 0x00, 0x00, 0x01, 0xff, 0xff, 0xf4, 0x00, 0x00, 0x00, 0x05, 0x94, 0x00, 0x00, 0x00, 0x00, 0x00, 0x00, 0x00, 0x00,
    0x00, 0x00, 0x00, 0x00, 0x00, 0x00, 0x00, 0x00, 0x00, 0x00, 0x00, 0x00, 0x00, 0x00, 0x00, 0x00, 0x00, 0x00, 0x00, 0x00, 0x00, 0x00, 0x00, 0x00,
    0x00, 0x00, 0x00, 0x00, 0x00, 0x00, 0x00, 0x00, 0x00, 0x00, 0x00, 0x00, 0x00, 0x00, 0x00, 0x00, 0x00, 0x00, 0x00, 0x01, 0xbf, 0xf4, 0x00, 0x0f,
    0xff, 0xf8, 0x00, 0x3f, 0xff, 0xf8, 0x00, 0x7f, 0xff, 0xf8, 0x00, 0xff, 0xff, 0xf4, 0x00, 0xff, 0xc0, 0x00, 0x00, 0xff, 0xc0, 0x00, 0x01, 0xff,
    0xc0, 0x00, 0x2f, 0xff, 0xff, 0xd0, 0x3f, 0xff, 0xff, 0xf0, 0x3f, 0xff, 0xff, 0xf0, 0x3f, 0xff, 0xff, 0xf0, 0x2f, 0xff, 0xff, 0xd0, 0x01, 0xff,
    0xc0, 0x00, 0x01, 0xff, 0xc0, 0x00, 0x01, 0xff, 0xc0, 0x00, 0x01, 0xff, 0xc0, 0x00, 0x01, 0xff, 0xc0, 0x00, 0x01, 0xff, 0xc0, 0x00, 0x01, 0xff,
    0xc0, 0x00, 0x01, 0xff, 0xc0, 0x00, 0x01, 0xff, 0xc0, 0x00, 0x01, 0xff, 0xc0, 0x00, 0x01, 0xff, 0xc0, 0x00, 0x01, 0xff, 0xc0, 0x00, 0x01, 0xff,
    0xc0, 0x00, 0x01, 0xff, 0xc0, 0x00, 0x01, 0xff, 0xc0, 0x00, 0x01, 0xff, 0xc0, 0x00, 0x01, 0xff, 0xc0, 0x00, 0x00, 0xff, 0x80, 0x00, 0x00, 0x00,
    0x00, 0x00, 0x00, 0x00, 0x00, 0x00, 0x00, 0x00, 0x00, 0x00, 0x00, 0x00, 0x00, 0x00, 0x00, 0x00, 0x00, 0x00, 0x00, 0x00, 0x00, 0x00, 0x00, 0x00,
    0x00, 0x00, 0x00, 0x00, 0x00, 0x00, 0x00, 0x00, 0x00, 0x00, 0x00, 0x00, 0x00, 0x00, 0x00, 0x00, 0x00, 0x00, 0x00, 0x00, 0x00, 0x00, 0x00, 0x00,
    0x00, 0x00, 0x00, 0x00, 0x00, 0x00, 0x00, 0x00, 0x00, 0x00, 0x00, 0x00, 0x00, 0x00, 0x00, 0x00, 0x00, 0x00, 0x00, 0x00, 0x00, 0x00, 0x00, 0x00,
    0x00, 0x00, 0x00, 0x00, 0x00, 0x00, 0x00, 0x00, 0x00, 0x00, 0x00, 0x00, 0x00, 0x00, 0x00, 0x00, 0x00, 0x00, 0x00, 0x00, 0x00, 0x00, 0x00, 0x00,
    0x00, 0x00, 0x04, 0x00, 0x00, 0x00, 0x00, 0x02, 0xff, 0xe4, 0xbe, 0x00, 0x00, 0x1f, 0xff, 0xff, 0xff, 0x80, 0x00, 0x7f, 0xff, 0xff, 0xff, 0x80,
    0x00, 0xff, 0xff, 0xff, 0xff, 0x80, 0x02, 0xff, 0xfa, 0xff, 0xff, 0x80, 0x03, 0xff, 0xc0, 0x1f, 0xff, 0x80, 0x07, 0xff, 0x00, 0x0b, 0xff, 0x80,
    0x0b, 0xfe, 0x00, 0x03, 0xff, 0x80, 0x0f, 0xfd, 0x00, 0x03, 0xff, 0x80, 0x0f, 0xfc, 0x00, 0x02, 0xff, 0x80, 0x0f, 0xfc, 0x00, 0x02, 0xff, 0x80,
    0x0f, 0xfc, 0x00, 0x01, 0xff, 0x80, 0x0f, 0xfc, 0x00, 0x02, 0xff, 0x80, 0x0f, 0xfc, 0x00, 0x02, 0xff, 0x80, 0x0f, 0xfd, 0x00, 0x03, 0xff, 0x80,
    0x0b, 0xfe, 0x00, 0x03, 0xff, 0x80, 0x07, 0xff, 0x40, 0x0b, 0xff, 0x80, 0x03, 0xff, 0xd0, 0x2f, 0xff, 0x80, 0x02, 0xff, 0xff, 0xff, 0xff, 0x80,
    0x00, 0xff, 0xff, 0xff, 0xff, 0x80, 0x00, 0x3f, 0xff, 0xff, 0xff, 0x80, 0x00, 0x0f, 0xff, 0xff, 0xff, 0x40, 0x00, 0x01, 0xbf, 0xd2, 0xff, 0x40,
    0x00, 0x00, 0x00, 0x03, 0xff, 0x00, 0x00, 0x10, 0x00, 0x0b, 0xff, 0x00, 0x00, 0xfd, 0x00, 0x2f, 0xfe, 0x00, 0x00, 0xff, 0xff, 0xff, 0xfc, 0x00,
    0x00, 0xff, 0xff, 0xff, 0xf8, 0x00, 0x00, 0x00, 0x00, 0x00, 0x00, 0x00, 0x00, 0x00, 0x00, 0x00, 0x00, 0x00, 0x00, 0x00, 0x00, 0x00, 0x00, 0x00,
    0x00, 0x00, 0x00, 0x00, 0x00, 0x00, 0x00, 0x00, 0x00, 0x00, 0x00, 0x00, 0x00, 0x00, 0x00, 0x00, 0x00, 0x00, 0x02, 0xfe, 0x00, 0x00, 0x00, 0x00,
    0x03, 0xff, 0x00, 0x00, 0x00, 0x00, 0x03, 0xff, 0x00, 0x00, 0x00, 0x00, 0x03, 0xff, 0x00, 0x00, 0x00, 0x00, 0x03, 0xff, 0x00, 0x00, 0x00, 0x00,
    0x03, 0xff, 0x00, 0x00, 0x00, 0x00, 0x03, 0xff, 0x00, 0x00, 0x00, 0x00, 0x03, 0xff, 0x00, 0x10, 0x00, 0x00, 0x03, 0xff, 0x1f, 0xff, 0x80, 0x00,
    0x03, 0xff, 0xff, 0xff, 0xf0, 0x00, 0x03, 0xff, 0xff, 0xff, 0xfc, 0x00, 0x03, 0xff, 0xff, 0xff, 0xfe, 0x00, 0x03, 0xff, 0xff, 0xbf, 0xff, 0x00,
    0x03, 0xff, 0xf0, 0x07, 0xff, 0x40, 0x03, 0xff, 0xc0, 0x03, 0xff, 0x80, 0x03, 0xff, 0x80, 0x01, 0xff, 0x80, 0x03, 0xff, 0x40, 0x01, 0xff, 0x80,
    0x03, 0xff, 0x00, 0x01, 0xff, 0xc0, 0x03, 0xff, 0x00, 0x01, 0xff, 0xc0, 0x03, 0xff, 0x00, 0x01, 0xff, 0xc0, 0x03, 0xff, 0x00, 0x01, 0xff, 0xc0,
    0x03, 0xff, 0x00, 0x01, 0xff, 0xc0, 0x03, 0xff, 0x00, 0x01, 0xff, 0xc0, 0x03, 0xff, 0x00, 0x01, 0xff, 0xc0, 0x03, 0xff, 0x00, 0x01, 0xff, 0xc0,
    0x03, 0xff, 0x00, 0x01, 0xff, 0xc0, 0x03, 0xff, 0x00, 0x01, 0xff, 0xc0, 0x03, 0xff, 0x00, 0x01, 0xff, 0xc0, 0x03, 0xff, 0x00, 0x01, 0xff, 0xc0,
    0x03, 0xff, 0x00, 0x01, 0xff, 0xc0, 0x02, 0xff, 0x00, 0x00, 0xff, 0x40, 0x00, 0x00, 0x00, 0x00, 0x00, 0x00, 0x00, 0x00, 0x00, 0x00, 0x00, 0x00,
    0x00, 0x00, 0x00, 0x00, 0x00, 0x00, 0x00, 0x00, 0x00, 0x00, 0x00, 0x00, 0x00, 0x00, 0x00, 0x00, 0x00, 0x00, 0x00, 0x00, 0x00, 0x00, 0x00, 0x00,
    0x00, 0x00, 0x00, 0x00, 0x00, 0x00, 0x00, 0x00, 0x00, 0x00, 0x00, 0x00, 0x01, 0xff, 0x00, 0x03, 0xff, 0x40, 0x03, 0xff, 0x40, 0x03, 0xff, 0x40,
    0x03, 0xff, 0x40, 0x02, 0xff, 0x00, 0x00, 0x55, 0x00, 0x00, 0x00, 0x00, 0x01, 0xfe, 0x00, 0x03, 0xff, 0x40, 0x03, 0xff, 0x40, 0x03, 0xff, 0x40,
    0x03, 0xff, 0x40, 0x03, 0xff, 0x40, 0x03, 0xff, 0x40, 0x03, 0xff, 0x40, 0x03, 0xff, 0x40, 0x03, 0xff, 0x40, 0x03, 0xff, 0x40, 0x03, 0xff, 0x40,
    0x03, 0xff, 0x40, 0x03, 0xff, 0x40, 0x03, 0xff, 0x40, 0x03, 0xff, 0x40, 0x03, 0xff, 0x40, 0x03, 0xff, 0x40, 0x03, 0xff, 0x40, 0x03, 0xff, 0x40,
    0x03, 0xff, 0x40, 0x03, 0xff, 0x40, 0x01, 0xff, 0x00, 0x00, 0x00, 0x00, 0x00, 0x00, 0x00, 0x00, 0x00, 0x00, 0x00, 0x00, 0x00, 0x00, 0x00, 0x00,
    0x00, 0x00, 0x00, 0x00, 0x00, 0x00, 0x00, 0x00, 0x00, 0x00, 0x00, 0x00, 0x00, 0x00, 0x00, 0x00, 0x00, 0x00, 0x00, 0x00, 0x00, 0x00, 0x00, 0x00,
    0x00, 0x7f, 0xc0, 0x00, 0x00, 0xbf, 0xd0, 0x00, 0x00, 0xff, 0xd0, 0x00, 0x00, 0xff, 0xd0, 0x00, 0x00, 0xff, 0xd0, 0x00, 0x00, 0xbf, 0xc0, 0x00,
    0x00, 0x15, 0x40, 0x00, 0x00, 0x00, 0x00, 0x00, 0x00, 0x7f, 0x80, 0x00, 0x00, 0xbf, 0xd0, 0x00, 0x00, 0xff, 0xd0, 0x00, 0x00, 0xff, 0xd0, 0x00,
    0x00, 0xff, 0xd0, 0x00, 0x00, 0xff, 0xd0, 0x00, 0x00, 0xff, 0xd0, 0x00, 0x00, 0xff, 0xd0, 0x00, 0x00, 0xff, 0xd0, 0x00, 0x00, 0xff, 0xd0, 0x00,
    0x00, 0xff, 0xd0, 0x00, 0x00, 0xff, 0xd0, 0x00, 0x00, 0xff, 0xd0, 0x00, 0x00, 0xff, 0xd0, 0x00, 0x00, 0xff, 0xd0, 0x00, 0x00, 0xff, 0xd0, 0x00,
    0x00, 0xff, 0xd0, 0x00, 0x00, 0xff, 0xd0, 0x00, 0x00, 0xff, 0xd0, 0x00, 0x00, 0xff, 0xd0, 0x00, 0x00, 0xff, 0xd0, 0x00, 0x00, 0xff, 0xd0, 0x00,
    0x00, 0xff, 0xd0, 0x00, 0x00, 0xff, 0xd0, 0x00, 0x00, 0xff, 0xc0, 0x00, 0x01, 0xff, 0xc0, 0x00, 0x7f, 0xff, 0xc0, 0x00, 0xbf, 0xff, 0x40, 0x00,
    0x00, 0x00, 0x00, 0x00, 0x00, 0x00, 0x00, 0x00, 0x00, 0x00, 0x00, 0x00, 0x00, 0x00, 0x00, 0x00, 0x00, 0x00, 0x00, 0x00, 0x00, 0x00, 0x00, 0x00,
    0x00, 0x00, 0x00, 0x00, 0x00, 0x00, 0x00, 0x00, 0x00, 0x00, 0x00, 0x00, 0x02, 0xfe, 0x00, 0x00, 0x00, 0x00, 0x03, 0xff, 0x00, 0x00, 0x00, 0x00,
    0x03, 0xff, 0x00, 0x00, 0x00, 0x00, 0x03, 0xff, 0x00, 0x00, 0x00, 0x00, 0x03, 0xff, 0x00, 0x00, 0x00, 0x00, 0x03, 0xff, 0x00, 0x00, 0x00, 0x00,
    0x03, 0xff, 0x00, 0x00, 0x00, 0x00, 0x03, 0xff, 0x00, 0x00, 0x00, 0x00, 0x03, 0xff, 0x00, 0x01, 0xff, 0x80, 0x03, 0xff, 0x00, 0x07, 0xff, 0xc0,
    0x03, 0xff, 0x00, 0x1f, 0xff, 0x40, 0x03, 0xff, 0x00, 0x7f, 0xfd, 0x00, 0x03, 0xff, 0x01, 0xff, 0xf4, 0x00, 0x03, 0xff, 0x07, 0xff, 0xd0, 0x00,
    0x03, 0xff, 0x1f, 0xff, 0x40, 0x00, 0x03, 0xff, 0xbf, 0xfd, 0x00, 0x00, 0x03, 0xff, 0xff, 0xf4, 0x00, 0x00, 0x03, 0xff, 0xff, 0xd0, 0x00, 0x00,
    0x03, 0xff, 0xff, 0x40, 0x00, 0x00, 0x03, 0xff, 0xff, 0x40, 0x00, 0x00, 0x03, 0xff, 0xff, 0xc0, 0x00, 0x00, 0x03, 0xff, 0xff, 0xf0, 0x00, 0x00,
    0x03, 0xff, 0xff, 0xfc, 0x00, 0x00, 0x03, 0xff, 0x2f, 0xff, 0x00, 0x00, 0x03, 0xff, 0x0f, 0xff, 0xc0, 0x00, 0x03, 0xff, 0x03, 0xff, 0xf0, 0x00,
    0x03, 0xff, 0x00, 0xff, 0xfc, 0x00, 0x03, 0xff, 0x00, 0x3f, 0xfe, 0x00, 0x03, 0xff, 0x00, 0x0f, 0xff, 0x80, 0x03, 0xff, 0x00, 0x03, 0xff, 0xd0,
    0x02, 0xff, 0x00, 0x00, 0xff, 0xd0, 0x00, 0x00, 0x00, 0x00, 0x00, 0x00, 0x00, 0x00, 0x00, 0x00, 0x00, 0x00, 0x00, 0x00, 0x00, 0x00, 0x00, 0x00,
    0x00, 0x00, 0x00, 0x00, 0x00, 0x00, 0x00, 0x00, 0x00, 0x00, 0x00, 0x00, 0x00, 0x00, 0x00, 0x00, 0x00, 0x00, 0x00, 0x00, 0x00, 0x00, 0x00, 0x00,
    0x00, 0x00, 0x00, 0x00, 0x00, 0x00, 0x01, 0xff, 0x00, 0x03, 0xff, 0x40, 0x03, 0xff, 0x40, 0x03, 0xff, 0x40, 0x03, 0xff, 0x40, 0x03, 0xff, 0x40,
    0x03, 0xff, 0x40, 0x03, 0xff, 0x40, 0x03, 0xff, 0x40, 0x03, 0xff, 0x40, 0x03, 0xff, 0x40, 0x03, 0xff, 0x40, 0x03, 0xff, 0x40, 0x03, 0xff, 0x40,
    0x03, 0xff, 0x40, 0x03, 0xff, 0x40, 0x03, 0xff, 0x40, 0x03, 0xff, 0x40, 0x03, 0xff, 0x40, 0x03, 0xff, 0x40, 0x03, 0xff, 0x40, 0x03, 0xff, 0x40,
    0x03, 0xff, 0x40, 0x03, 0xff, 0x40, 0x03, 0xff, 0x40, 0x03, 0xff, 0x40, 0x03, 0xff, 0x40, 0x03, 0xff, 0x40, 0x03, 0xff, 0x40, 0x03, 0xff, 0x40,
    0x01, 0xff, 0x00, 0x00, 0x00, 0x00, 0x00, 0x00, 0x00, 0x00, 0x00, 0x00, 0x00, 0x00, 0x00, 0x00, 0x00, 0x00, 0x00, 0x00, 0x00, 0x00, 0x00, 0x00,
    0x00, 0x00, 0x00, 0x00, 0x00, 0x00, 0x00, 0x00, 0x00, 0x00, 0x00, 0x00, 0x00, 0x00, 0x00, 0x00, 0x00, 0x00, 0x00, 0x00, 0x00, 0x00, 0x00, 0x00,
    0x00, 0x00, 0x00, 0x00, 0x00, 0x00, 0x00, 0x00, 0x00, 0x00, 0x00, 0x00, 0x00, 0x00, 0x00, 0x00, 0x00, 0x00, 0x00, 0x00, 0x00, 0x00, 0x00, 0x00,
    0x00, 0x00, 0x00, 0x00, 0x00, 0x00, 0x00, 0x00, 0x00, 0x00, 0x00, 0x00, 0x00, 0x00, 0x00, 0x00, 0x00, 0x00, 0x00, 0x00, 0x00, 0x00, 0x00, 0x00,
    0x00, 0x00, 0x00, 0x00, 0x00, 0x00, 0x00, 0x00, 0x00, 0x00, 0x00, 0x00, 0x00, 0x00, 0x00, 0x00, 0x00, 0x00, 0x00, 0x00, 0x00, 0x00, 0x00, 0x00,
    0x00, 0x00, 0x00, 0x00, 0x00, 0x00, 0x00, 0x00, 0x00, 0x00, 0x00, 0x00, 0x00, 0x00, 0x00, 0x00, 0x00, 0x00, 0x10, 0x00, 0x00, 0x10, 0x00, 0x00,
    0x01, 0xfe, 0x1f, 0xff, 0x40, 0x1f, 0xff, 0x40, 0x00, 0x03, 0xff, 0xff, 0xff, 0xe0, 0xbf, 0xff, 0xf0, 0x00, 0x03, 0xff, 0xff, 0xff, 0xfa, 0xff,
    0xff, 0xf8, 0x00, 0x03, 0xff, 0xff, 0xff, 0xff, 0xff, 0xff, 0xfc, 0x00, 0x03, 0xff, 0xff, 0xbf, 0xff, 0xff, 0xbf, 0xfe, 0x00, 0x03, 0xff, 0xf0,
    0x0f, 0xff, 0xf0, 0x0b, 0xff, 0x00, 0x03, 0xff, 0xc0, 0x03, 0xff, 0xc0, 0x03, 0xff, 0x00, 0x03, 0xff, 0x80, 0x03, 0xff, 0x80, 0x03, 0xff, 0x40,
    0x03, 0xff, 0x40, 0x03, 0xff, 0x40, 0x02, 0xff, 0x40, 0x03, 0xff, 0x00, 0x03, 0xff, 0x40, 0x02, 0xff, 0x40, 0x03, 0xff, 0x00, 0x03, 0xff, 0x40,
    0x02, 0xff, 0x40, 0x03, 0xff, 0x00, 0x03, 0xff, 0x40, 0x02, 0xff, 0x40, 0x03, 0xff, 0x00, 0x03, 0xff, 0x40, 0x02, 0xff, 0x40, 0x03, 0xff, 0x00,
    0x03, 0xff, 0x40, 0x02, 0xff, 0x40, 0x03, 0xff, 0x00, 0x03, 0xff, 0x40, 0x02, 0xff, 0x40, 0x03, 0xff, 0x00, 0x03, 0xff, 0x40, 0x02, 0xff, 0x40,
    0x03, 0xff, 0x00, 0x03, 0xff, 0x40, 0x02, 0xff, 0x40, 0x03, 0xff, 0x00, 0x03, 0xff, 0x40, 0x02, 0xff, 0x40, 0x03, 0xff, 0x00, 0x03, 0xff, 0x40,
    0x02, 0xff, 0x40, 0x03, 0xff, 0x00, 0x03, 0xff, 0x40, 0x02, 0xff, 0x40, 0x03, 0xff, 0x00, 0x03, 0xff, 0x40, 0x02, 0xff, 0x40, 0x03, 0xff, 0x00,
    0x03, 0xff, 0x40, 0x02, 0xff, 0x40, 0x02, 0xff, 0x00, 0x01, 0xff, 0x00, 0x01, 0xff, 0x00, 0x00, 0x00, 0x00, 0x00, 0x00, 0x00, 0x00, 0x00, 0x00,
    0x00, 0x00, 0x00, 0x00, 0x00, 0x00, 0x00, 0x00, 0x00, 0x00, 0x00, 0x00, 0x00, 0x00, 0x00, 0x00, 0x00, 0x00, 0x00, 0x00, 0x00, 0x00, 0x00, 0x00,
    0x00, 0x00, 0x00, 0x00, 0x00, 0x00, 0x00, 0x00, 0x00, 0x00, 0x00, 0x00, 0x00, 0x00, 0x00, 0x00, 0x00, 0x00, 0x00, 0x00, 0x00, 0x00, 0x00, 0x00,
    0x00, 0x00, 0x00, 0x00, 0x00, 0x00, 0x00, 0x00, 0x00, 0x00, 0x00, 0x00, 0x00, 0x00, 0x00, 0x00, 0x00, 0x00, 0x00, 0x00, 0x00, 0x00, 0x00, 0x00,
    0x00, 0x00, 0x00, 0x00, 0x00, 0x00, 0x00, 0x00, 0x00, 0x00, 0x00, 0x00, 0x00, 0x00, 0x00, 0x00, 0x00, 0x00, 0x00, 0x00, 0x00, 0x00, 0x00, 0x00,
    0x00, 0x00, 0x00, 0x00, 0x00, 0x00, 0x00, 0x00, 0x00, 0x00, 0x00, 0x00, 0x00, 0x00, 0x00, 0x00, 0x00, 0x00, 0x00, 0x00, 0x00, 0x10, 0x00, 0x00,
    0x01, 0xfe, 0x1f, 0xff, 0x80, 0x00, 0x03, 0xff, 0xff, 0xff, 0xf0, 0x00, 0x03, 0xff, 0xff, 0xff, 0xfc, 0x00, 0x03, 0xff, 0xff, 0xff, 0xfe, 0x00,
    0x03, 0xff, 0xff, 0xbf, 0xff, 0x00, 0x03, 0xff, 0xf0, 0x07, 0xff, 0x40, 0x03, 0xff, 0xc0, 0x03, 0xff, 0x80, 0x03, 0xff, 0x80, 0x01, 0xff, 0x80,
    0x03, 0xff, 0x40, 0x01, 0xff, 0x80, 0x03, 0xff, 0x00, 0x01, 0xff, 0xc0, 0x03, 0xff, 0x00, 0x01, 0xff, 0xc0, 0x03, 0xff, 0x00, 0x01, 0xff, 0xc0,
    0x03, 0xff, 0x00, 0x01, 0xff, 0xc0, 0x03, 0xff, 0x00, 0x01, 0xff, 0xc0, 0x03, 0xff, 0x00, 0x01, 0xff, 0xc0, 0x03, 0xff, 0x00, 0x01, 0xff, 0xc0,
    0x03, 0xff, 0x00, 0x01, 0xff, 0xc0, 0x03, 0xff, 0x00, 0x01, 0xff, 0xc0, 0x03, 0xff, 0x00, 0x01, 0xff, 0xc0, 0x03, 0xff, 0x00, 0x01, 0xff, 0xc0,
    0x03, 0xff, 0x00, 0x01, 0xff, 0xc0, 0x03, 0xff, 0x00, 0x01, 0xff, 0xc0, 0x02, 0xff, 0x00, 0x00, 0xff, 0x40, 0x00, 0x00, 0x00, 0x00, 0x00, 0x00,
    0x00, 0x00, 0x00, 0x00, 0x00, 0x00, 0x00, 0x00, 0x00, 0x00, 0x00, 0x00, 0x00, 0x00, 0x00, 0x00, 0x00, 0x00, 0x00, 0x00, 0x00, 0x00, 0x00, 0x00,
    0x00, 0x00, 0x00, 0x00, 0x00, 0x00, 0x00, 0x00, 0x00, 0x00, 0x00, 0x00, 0x00, 0x00, 0x00, 0x00, 0x00, 0x00, 0x00, 0x00, 0x00, 0x00, 0x00, 0x00,
    0x00, 0x00, 0x00, 0x00, 0x00, 0x00, 0x00, 0x00, 0x00, 0x00, 0x00, 0x00, 0x00, 0x00, 0x00, 0x00, 0x00, 0x00, 0x00, 0x00, 0x00, 0x00, 0x00, 0x00,
    0x00, 0x00, 0x00, 0x00, 0x00, 0x00, 0x00, 0x00, 0x00, 0x00, 0x00, 0x00, 0x00, 0x00, 0x00, 0x00, 0x00, 0x00, 0x00, 0x00, 0x00, 0x00, 0x00, 0x00,
    0x00, 0x00, 0x00, 0x00, 0x00, 0x00, 0x00, 0x00, 0x01, 0x00, 0x00, 0x00, 0x00, 0x01, 0xff, 0xfd, 0x00, 0x00, 0x00, 0x0f, 0xff, 0xff, 0xc0, 0x00,
    0x00, 0x3f, 0xff, 0xff, 0xf0, 0x00, 0x00, 0xff, 0xff, 0xff, 0xfc, 0x00, 0x02, 0xff, 0xfe, 0xff, 0xfd, 0x00, 0x03, 0xff, 0xc0, 0x1f, 0xff, 0x00,
    0x07, 0xff, 0x40, 0x07, 0xff, 0x40, 0x0b, 0xff, 0x00, 0x03, 0xff, 0x80, 0x0f, 0xfd, 0x00, 0x02, 0xff, 0xc0, 0x0f, 0xfd, 0x00, 0x01, 0xff, 0xc0,
    0x0f, 0xfc, 0x00, 0x01, 0xff, 0xc0, 0x0f, 0xfc, 0x00, 0x00, 0xff, 0xc0, 0x0f, 0xfc, 0x00, 0x00, 0xff, 0xc0, 0x0f, 0xfc, 0x00, 0x01, 0xff, 0xc0,
    0x0f, 0xfd, 0x00, 0x02, 0xff, 0xc0, 0x0b, 0xfe, 0x00, 0x03, 0xff, 0x80, 0x07, 0xff, 0x00, 0x03, 0xff, 0x40, 0x03, 0xff, 0xc0, 0x0f, 0xff, 0x00,
    0x02, 0xff, 0xf9, 0xbf, 0xfe, 0x00, 0x00, 0xff, 0xff, 0xff, 0xfc, 0x00, 0x00, 0x7f, 0xff, 0xff, 0xf4, 0x00, 0x00, 0x1f, 0xff, 0xff, 0xd0, 0x00,
    0x00, 0x02, 0xff, 0xfe, 0x00, 0x00, 0x00, 0x00, 0x16, 0x50, 0x00, 0x00, 0x00, 0x00, 0x00, 0x00, 0x00, 0x00, 0x00, 0x00, 0x00, 0x00, 0x00, 0x00,
    0x00, 0x00, 0x00, 0x00, 0x00, 0x00, 0x00, 0x00, 0x00, 0x00, 0x00, 0x00, 0x00, 0x00, 0x00, 0x00, 0x00, 0x00, 0x00, 0x00, 0x00, 0x00, 0x00, 0x00,
    0x00, 0x00, 0x00, 0x00, 0x00, 0x00, 0x00, 0x00, 0x00, 0x00, 0x00, 0x00, 0x00, 0x00, 0x00, 0x00, 0x00, 0x00, 0x00, 0x00, 0x00, 0x00, 0x00, 0x00,
    0x00, 0x00, 0x00, 0x00, 0x00, 0x00, 0x00, 0x00, 0x00, 0x00, 0x00, 0x00, 0x00, 0x00, 0x00, 0x00, 0x00, 0x00, 0x00, 0x00, 0x00, 0x00, 0x00, 0x00,
    0x00, 0x00, 0x00, 0x00, 0x00, 0x00, 0x00, 0x00, 0x00, 0x00, 0x00, 0x00, 0x00, 0x00, 0x00, 0x00, 0x00, 0x00, 0x00, 0x00, 0x00, 0x00, 0x00, 0x00,
    0x01, 0xfe, 0x1f, 0xff, 0x40, 0x00, 0x03, 0xff, 0xff, 0xff, 0xf0, 0x00, 0x03, 0xff, 0xff, 0xff, 0xfc, 0x00, 0x03, 0xff, 0xff, 0xff, 0xfe, 0x00,
    0x03, 0xff, 0xfe, 0xbf, 0xff, 0x40, 0x03, 0xff, 0xf0, 0x07, 0xff, 0x80, 0x03, 0xff, 0xd0, 0x01, 0xff, 0xc0, 0x03, 0xff, 0xc0, 0x00, 0xff, 0xd0,
    0x03, 0xff, 0x80, 0x00, 0xbf, 0xe0, 0x03, 0xff, 0x40, 0x00, 0xbf, 0xe0, 0x03, 0xff, 0x40, 0x00, 0x7f, 0xf0, 0x03, 0xff, 0x00, 0x00, 0x7f, 0xf0,
    0x03, 0xff, 0x00, 0x00, 0x7f, 0xf0, 0x03, 0xff, 0x40, 0x00, 0x7f, 0xe0, 0x03, 0xff, 0x40, 0x00, 0xbf, 0xe0, 0x03, 0xff, 0x80, 0x00, 0xff, 0xd0,
    0x03, 0xff, 0xc0, 0x01, 0xff, 0xc0, 0x03, 0xff, 0xf0, 0x03, 0xff, 0xc0, 0x03, 0xff, 0xfd, 0x5f, 0xff, 0x40, 0x03, 0xff, 0xff, 0xff, 0xff, 0x00,
    0x03, 0xff, 0xff, 0xff, 0xfc, 0x00, 0x03, 0xff, 0xff, 0xff, 0xf4, 0x00, 0x03, 0xff, 0x6f, 0xff, 0x80, 0x00, 0x03, 0xff, 0x01, 0x54, 0x00, 0x00,
    0x03, 0xff, 0x00, 0x00, 0x00, 0x00, 0x03, 0xff, 0x00, 0x00, 0x00, 0x00, 0x03, 0xff, 0x00, 0x00, 0x00, 0x00, 0x03, 0xff, 0x00, 0x00, 0x00, 0x00,
    0x00, 0x00, 0x00, 0x00, 0x00, 0x00, 0x00, 0x00, 0x00, 0x00, 0x00, 0x00, 0x00, 0x00, 0x00, 0x00, 0x00, 0x00, 0x00, 0x00, 0x00, 0x00, 0x00, 0x00,
    0x00, 0x00, 0x00, 0x00, 0x00, 0x00, 0x00, 0x00, 0x00, 0x00, 0x00, 0x00, 0x00, 0x00, 0x00, 0x00, 0x00, 0x00, 0x00, 0x00, 0x00, 0x00, 0x00, 0x00,
    0x00, 0x00, 0x00, 0x00, 0x00, 0x00, 0x00, 0x00, 0x00, 0x00, 0x00, 0x00, 0x00, 0x00, 0x00, 0x00, 0x00, 0x00, 0x00, 0x00, 0x00, 0x00, 0x00, 0x00,
    0x00, 0x00, 0x00, 0x00, 0x00, 0x00, 0x00, 0x00, 0x04, 0x00, 0x00, 0x00, 0x00, 0x02, 0xff, 0xe4, 0xbe, 0x00, 0x00, 0x1f, 0xff, 0xff, 0xff, 0x80,
    0x00, 0x7f, 0xff, 0xff, 0xff, 0x80, 0x00, 0xff, 0xff, 0xff, 0xff, 0x80, 0x02, 0xff, 0xfa, 0xff, 0xff, 0x80, 0x03, 0xff, 0xc0, 0x1f, 0xff, 0x80,
    0x07, 0xff, 0x00, 0x0b, 0xff, 0x80, 0x0b, 0xfe, 0x00, 0x03, 0xff, 0x80, 0x0f, 0xfd, 0x00, 0x03, 0xff, 0x80, 0x0f, 0xfc, 0x00, 0x02, 0xff, 0x80,
    0x0f, 0xfc, 0x00, 0x02, 0xff, 0x80, 0x0f, 0xfc, 0x00, 0x01, 0xff, 0x80, 0x0f, 0xfc, 0x00, 0x02, 0xff, 0x80, 0x0f, 0xfc, 0x00, 0x02, 0xff, 0x80,
    0x0f, 0xfd, 0x00, 0x03, 0xff, 0x80, 0x0b, 0xfe, 0x00, 0x03, 0xff, 0x80, 0x07, 0xff, 0x00, 0x07, 0xff, 0x80, 0x03, 0xff, 0x80, 0x0f, 0xff, 0x80,
    0x02, 0xff, 0xf5, 0xbf, 0xff, 0x80, 0x00, 0xff, 0xff, 0xff, 0xff, 0x80, 0x00, 0x7f, 0xff, 0xff, 0xff, 0x80, 0x00, 0x2f, 0xff, 0xff, 0xff, 0x80,
    0x00, 0x07, 0xff, 0xf9, 0xff, 0x80, 0x00, 0x00, 0x19, 0x41, 0xff, 0x80, 0x00, 0x00, 0x00, 0x01, 0xff, 0x80, 0x00, 0x00, 0x00, 0x01, 0xff, 0x80,
    0x00, 0x00, 0x00, 0x01, 0xff, 0x80, 0x00, 0x00, 0x00, 0x01, 0xff, 0x80, 0x00, 0x00, 0x00, 0x00, 0x00, 0x00, 0x00, 0x00, 0x00, 0x00, 0x00, 0x00,
    0x00, 0x00, 0x00, 0x00, 0x00, 0x00, 0x00, 0x00, 0x00, 0x00, 0x00, 0x00, 0x00, 0x00, 0x00, 0x00, 0x00, 0x00, 0x00, 0x00, 0x00, 0x00, 0x00, 0x00,
    0x00, 0x00, 0x00, 0x00, 0x00, 0x00, 0x00, 0x00, 0x00, 0x00, 0x00, 0x00, 0x00, 0x00, 0x00, 0x00, 0x00, 0x00, 0x00, 0x00, 0x00, 0x00, 0x00, 0x00,
    0x00, 0x00, 0x00, 0x00, 0x00, 0x00, 0x00, 0x00, 0x10, 0x00, 0x01, 0xfe, 0x1f, 0xff, 0x00, 0x03, 0xff, 0xff, 0xff, 0x00, 0x03, 0xff, 0xff, 0xff,
    0x00, 0x03, 0xff, 0xff, 0xff, 0x00, 0x03, 0xff, 0xff, 0xff, 0x00, 0x03, 0xff, 0xf4, 0x00, 0x00, 0x03, 0xff, 0xd0, 0x00, 0x00, 0x03, 0xff, 0xc0,
    0x00, 0x00, 0x03, 0xff, 0x40, 0x00, 0x00, 0x03, 0xff, 0x40, 0x00, 0x00, 0x03, 0xff, 0x00, 0x00, 0x00, 0x03, 0xff, 0x00, 0x00, 0x00, 0x03, 0xff,
    0x00, 0x00, 0x00, 0x03, 0xff, 0x00, 0x00, 0x00, 0x03, 0xff, 0x00, 0x00, 0x00, 0x03, 0xff, 0x00, 0x00, 0x00, 0x03, 0xff, 0x00, 0x00, 0x00, 0x03,
    0xff, 0x00, 0x00, 0x00, 0x03, 0xff, 0x00, 0x00, 0x00, 0x03, 0xff, 0x00, 0x00, 0x00, 0x03, 0xff, 0x00, 0x00, 0x00, 0x03, 0xff, 0x00, 0x00, 0x00,
    0x02, 0xff, 0x00, 0x00, 0x00, 0x00, 0x00, 0x00, 0x00, 0x00, 0x00, 0x00, 0x00, 0x00, 0x00, 0x00, 0x00, 0x00, 0x00, 0x00, 0x00, 0x00, 0x00, 0x00,
    0x00, 0x00, 0x00, 0x00, 0x00, 0x00, 0x00, 0x00, 0x00, 0x00, 0x00, 0x00, 0x00, 0x00, 0x00, 0x00, 0x00, 0x00, 0x00, 0x00, 0x00, 0x00, 0x00, 0x00,
    0x00, 0x00, 0x00, 0x00, 0x00, 0x00, 0x00, 0x00, 0x00, 0x00, 0x00, 0x00, 0x00, 0x00, 0x00, 0x00, 0x00, 0x00, 0x00, 0x00, 0x00, 0x00, 0x00, 0x00,
    0x00, 0x00, 0x00, 0x00, 0x00, 0x00, 0x00, 0x00, 0x00, 0x00, 0x00, 0x00, 0x00, 0x00, 0x00, 0x00, 0x00, 0x00, 0x00, 0x00, 0x00, 0x00, 0x00, 0x00,
    0x00, 0x04, 0x00, 0x00, 0x00, 0x1b, 0xff, 0xfd, 0x00, 0x00, 0xbf, 0xff, 0xff, 0xc0, 0x02, 0xff, 0xff, 0xff, 0xc0, 0x07, 0xff, 0xff, 0xff, 0xc0,
    0x0b, 0xff, 0xea, 0xff, 0xc0, 0x0f, 0xfd, 0x00, 0x07, 0xc0, 0x0f, 0xfc, 0x00, 0x00, 0x00, 0x0f, 0xfc, 0x00, 0x00, 0x00, 0x0f, 0xff, 0x90, 0x00,
    0x00, 0x0b, 0xff, 0xff, 0x80, 0x00, 0x03, 0xff, 0xff, 0xf8, 0x00, 0x01, 0xff, 0xff, 0xff, 0x40, 0x00, 0x2f, 0xff, 0xff, 0xc0, 0x00, 0x01, 0xff,
    0xff, 0xe0, 0x00, 0x00, 0x06, 0xff, 0xf0, 0x00, 0x00, 0x00, 0x7f, 0xf0, 0x00, 0x00, 0x00, 0x3f, 0xf0, 0x0f, 0x80, 0x00, 0x7f, 0xf0, 0x0f, 0xfe,
    0x56, 0xff, 0xf0, 0x0f, 0xff, 0xff, 0xff, 0xd0, 0x0f, 0xff, 0xff, 0xff, 0x80, 0x0f, 0xff, 0xff, 0xfe, 0x00, 0x01, 0xff, 0xff, 0xf4, 0x00, 0x00,
    0x05, 0x65, 0x00, 0x00, 0x00, 0x00, 0x00, 0x00, 0x00, 0x00, 0x00, 0x00, 0x00, 0x00, 0x00, 0x00, 0x00, 0x00, 0x00, 0x00, 0x00, 0x00, 0x00, 0x00,
    0x00, 0x00, 0x00, 0x00, 0x00, 0x00, 0x00, 0x00, 0x00, 0x00, 0x00, 0x00, 0x00, 0x00, 0x00, 0x00, 0x00, 0x00, 0x00, 0x00, 0x00, 0x00, 0x00, 0x00,
    0x00, 0x00, 0x00, 0x00, 0x00, 0x00, 0x00, 0x00, 0x01, 0xaa, 0x00, 0x00, 0x03, 0xff, 0x00, 0x00, 0x03, 0xff, 0x40, 0x00, 0x03, 0xff, 0x40, 0x00,
    0x03, 0xff, 0x40, 0x00, 0x03, 0xff, 0x40, 0x00, 0x2f, 0xff, 0xff, 0xe0, 0x3f, 0xff, 0xff, 0xf8, 0x3f, 0xff, 0xff, 0xf8, 0x3f, 0xff, 0xff, 0xf8,
    0x2f, 0xff, 0xff, 0xf4, 0x03, 0xff, 0x40, 0x00, 0x03, 0xff, 0x40, 0x00, 0x03, 0xff, 0x40, 0x00, 0x03, 0xff, 0x40, 0x00, 0x03, 0xff, 0x40, 0x00,
    0x03, 0xff, 0x40, 0x00, 0x03, 0xff, 0x40, 0x00, 0x03, 0xff, 0x40, 0x00, 0x03, 0xff, 0x40, 0x00, 0x03, 0xff, 0x40, 0x00, 0x03, 0xff, 0x40, 0x00,
    0x03, 0xff, 0x40, 0x00, 0x02, 0xff, 0x80, 0x00, 0x01, 0xff, 0xff, 0xf4, 0x00, 0xff, 0xff, 0xf8, 0x00, 0xbf, 0xff, 0xf8, 0x00, 0x3f, 0xff, 0xf8,
    0x00, 0x06, 0xff, 0xf4, 0x00, 0x00, 0x00, 0x00, 0x00, 0x00, 0x00, 0x00, 0x00, 0x00, 0x00, 0x00, 0x00, 0x00, 0x00, 0x00, 0x00, 0x00, 0x00, 0x00,
    0x00, 0x00, 0x00, 0x00, 0x00, 0x00, 0x00, 0x00, 0x00, 0x00, 0x00, 0x00, 0x00, 0x00, 0x00, 0x00, 0x00, 0x00, 0x00, 0x00, 0x00, 0x00, 0x00, 0x00,
    0x00, 0x00, 0x00, 0x00, 0x00, 0x00, 0x00, 0x00, 0x00, 0x00, 0x00, 0x00, 0x00, 0x00, 0x00, 0x00, 0x00, 0x00, 0x00, 0x00, 0x00, 0x00, 0x00, 0x00,
    0x00, 0x00, 0x00, 0x00, 0x00, 0x00, 0x00, 0x00, 0x00, 0x00, 0x00, 0x00, 0x00, 0x00, 0x00, 0x00, 0x00, 0x00, 0x00, 0x00, 0x00, 0x00, 0x00, 0x00,
    0x00, 0x00, 0x00, 0x00, 0x00, 0x00, 0x00, 0x00, 0x00, 0x00, 0x00, 0x00, 0x02, 0xfd, 0x00, 0x00, 0xbe, 0x00, 0x03, 0xff, 0x00, 0x01, 0xff, 0x80,
    0x03, 0xff, 0x00, 0x02, 0xff, 0x80, 0x03, 0xff, 0x00, 0x02, 0xff, 0x80, 0x03, 0xff, 0x00, 0x02, 0xff, 0x80, 0x03, 0xff, 0x00, 0x02, 0xff, 0x80,
    0x03, 0xff, 0x00, 0x02, 0xff, 0x80, 0x03, 0xff, 0x00, 0x02, 0xff, 0x80, 0x03, 0xff, 0x00, 0x02, 0xff, 0x80, 0x03, 0xff, 0x00, 0x02, 0xff, 0x80,
    0x03, 0xff, 0x00, 0x02, 0xff, 0x80, 0x03, 0xff, 0x00, 0x02, 0xff, 0x80, 0x03, 0xff, 0x00, 0x02, 0xff, 0x80, 0x03, 0xff, 0x00, 0x02, 0xff, 0x80,
    0x03, 0xff, 0x00, 0x02, 0xff, 0x80, 0x03, 0xff, 0x00, 0x03, 0xff, 0x80, 0x03, 0xff, 0x40, 0x07, 0xff, 0x80, 0x02, 0xff, 0xc0, 0x0f, 0xff, 0x80,
    0x01, 0xff, 0xf9, 0xbf, 0xff, 0x80, 0x00, 0xff, 0xff, 0xff, 0xff, 0x80, 0x00, 0x7f, 0xff, 0xff, 0xff, 0x80, 0x00, 0x2f, 0xff, 0xff, 0xff, 0x80,
    0x00, 0x07, 0xff, 0xf5, 0xff, 0x40, 0x00, 0x00, 0x59, 0x40, 0x00, 0x00, 0x00, 0x00, 0x00, 0x00, 0x00, 0x00, 0x00, 0x00, 0x00, 0x00, 0x00, 0x00,
    0x00, 0x00, 0x00, 0x00, 0x00, 0x00, 0x00, 0x00, 0x00, 0x00, 0x00, 0x00, 0x00, 0x00, 0x00, 0x00, 0x00, 0x00, 0x00, 0x00, 0x00, 0x00, 0x00, 0x00,
    0x00, 0x00, 0x00, 0x00, 0x00, 0x00, 0x00, 0x00, 0x00, 0x00, 0x00, 0x00, 0x00, 0x00, 0x00, 0x00, 0x00, 0x00, 0x00, 0x00, 0x00, 0x00, 0x00, 0x00,
    0x00, 0x00, 0x00, 0x00, 0x00, 0x00, 0x00, 0x00, 0x00, 0x00, 0x00, 0x00, 0x00, 0x00, 0x00, 0x00, 0x00, 0x00, 0x00, 0x00, 0x00, 0x00, 0x00, 0x00,
    0x00, 0x00, 0x00, 0x00, 0x00, 0x00, 0x00, 0x00, 0x00, 0x00, 0x00, 0x00, 0x00, 0x00, 0x00, 0x00, 0x00, 0x00, 0x00, 0x00, 0x00, 0x00, 0x00, 0x00,
    0x1f, 0xe0, 0x00, 0x00, 0xbf, 0x80, 0x3f, 0xf4, 0x00, 0x00, 0xff, 0xc0, 0x2f, 0xfc, 0x00, 0x02, 0xff, 0xc0, 0x1f, 0xfc, 0x00, 0x03, 0xff, 0x80,
    0x0f, 0xfd, 0x00, 0x03, 0xff, 0x00, 0x0b, 0xff, 0x00, 0x0b, 0xff, 0x00, 0x07, 0xff, 0x00, 0x0f, 0xfd, 0x00, 0x03, 0xff, 0x40, 0x0f, 0xfc, 0x00,
    0x02, 0xff, 0xc0, 0x2f, 0xfc, 0x00, 0x01, 0xff, 0xc0, 0x3f, 0xf4, 0x00, 0x00, 0xff, 0xd0, 0x3f, 0xf0, 0x00, 0x00, 0xbf, 0xf0, 0xbf, 0xf0, 0x00,
    0x00, 0x3f, 0xf0, 0xff, 0xd0, 0x00, 0x00, 0x3f, 0xf4, 0xff, 0xc0, 0x00, 0x00, 0x2f, 0xfe, 0xff, 0xc0, 0x00, 0x00, 0x0f, 0xff, 0xff, 0x40, 0x00,
    0x00, 0x0f, 0xff, 0xff, 0x00, 0x00, 0x00, 0x0b, 0xff, 0xff, 0x00, 0x00, 0x00, 0x03, 0xff, 0xfd, 0x00, 0x00, 0x00, 0x03, 0xff, 0xfc, 0x00, 0x00,
    0x00, 0x02, 0xff, 0xfc, 0x00, 0x00, 0x00, 0x00, 0xff, 0xf4, 0x00, 0x00, 0x00, 0x00, 0xbf, 0xf0, 0x00, 0x00, 0x00, 0x00, 0x00, 0x00, 0x00, 0x00,
    0x00, 0x00, 0x00, 0x00, 0x00, 0x00, 0x00, 0x00, 0x00, 0x00, 0x00, 0x00, 0x00, 0x00, 0x00, 0x00, 0x00, 0x00, 0x00, 0x00, 0x00, 0x00, 0x00, 0x00,
    0x00, 0x00, 0x00, 0x00, 0x00, 0x00, 0x00, 0x00, 0x00, 0x00, 0x00, 0x00, 0x00, 0x00, 0x00, 0x00, 0x00, 0x00, 0x00, 0x00, 0x00, 0x00, 0x00, 0x00,
    0x00, 0x00, 0x00, 0x00, 0x00, 0x00, 0x00, 0x00, 0x00, 0x00, 0x00, 0x00, 0x00, 0x00, 0x00, 0x00, 0x00, 0x00, 0x00, 0x00, 0x00, 0x00, 0x00, 0x00,
    0x00, 0x00, 0x00, 0x00, 0x00, 0x00, 0x00, 0x00, 0x00, 0x00, 0x00, 0x00, 0x00, 0x00, 0x00, 0x00, 0x00, 0x00, 0x00, 0x00, 0x00, 0x00, 0x00, 0x00,
    0x00, 0x00, 0x00, 0x00, 0x00, 0x00, 0x00, 0x00, 0x00, 0x00, 0x00, 0x00, 0x00, 0x00, 0x00, 0x00, 0x00, 0x00, 0x00, 0x00, 0x00, 0x00, 0x00, 0x00,
    0x00, 0x00, 0x00, 0x00, 0x00, 0x00, 0x00, 0x00, 0x00, 0x00, 0x00, 0x00, 0x00, 0x00, 0x00, 0x00, 0x0b, 0xe0, 0x00, 0x7f, 0xd0, 0x00, 0xbe, 0x00,
    0x1f, 0xf8, 0x00, 0xff, 0xf0, 0x02, 0xff, 0x40, 0x1f, 0xfc, 0x00, 0xff, 0xf0, 0x03, 0xff, 0x40, 0x0f, 0xfc, 0x01, 0xff, 0xf4, 0x03, 0xff, 0x00,
    0x0f, 0xfd, 0x02, 0xff, 0xf8, 0x07, 0xff, 0x00, 0x0b, 0xfe, 0x03, 0xff, 0xfc, 0x0b, 0xfe, 0x00, 0x07, 0xff, 0x03, 0xff, 0xfc, 0x0f, 0xfd, 0x00,
    0x03, 0xff, 0x07, 0xff, 0xfd, 0x0f, 0xfc, 0x00, 0x03, 0xff, 0x4b, 0xff, 0xfe, 0x1f, 0xfc, 0x00, 0x02, 0xff, 0x4f, 0xff, 0xff, 0x2f, 0xf8, 0x00,
    0x01, 0xff, 0x8f, 0xfa, 0xff, 0x3f, 0xf4, 0x00, 0x00, 0xff, 0xdf, 0xf5, 0xff, 0x7f, 0xf0, 0x00, 0x00, 0xff, 0xef, 0xf1, 0xff, 0xbf, 0xf0, 0x00,
    0x00, 0xbf, 0xff, 0xf0, 0xff, 0xff, 0xe0, 0x00, 0x00, 0x7f, 0xff, 0xf0, 0xff, 0xff, 0xd0, 0x00, 0x00, 0x3f, 0xff, 0xe0, 0xbf, 0xff, 0xc0, 0x00,
    0x00, 0x3f, 0xff, 0xd0, 0x7f, 0xff, 0xc0, 0x00, 0x00, 0x3f, 0xff, 0xc0, 0x3f, 0xff, 0x80, 0x00, 0x00, 0x2f, 0xff, 0xc0, 0x3f, 0xff, 0x40, 0x00,
    0x00, 0x1f, 0xff, 0x80, 0x2f, 0xff, 0x40, 0x00, 0x00, 0x0f, 0xff, 0x40, 0x1f, 0xff, 0x00, 0x00, 0x00, 0x0f, 0xff, 0x00, 0x0f, 0xff, 0x00, 0x00,
    0x00, 0x07, 0xfe, 0x00, 0x0b, 0xfd, 0x00, 0x00, 0x00, 0x00, 0x00, 0x00, 0x00, 0x00, 0x00, 0x00, 0x00, 0x00, 0x00, 0x00, 0x00, 0x00, 0x00, 0x00,
    0x00, 0x00, 0x00, 0x00, 0x00, 0x00, 0x00, 0x00, 0x00, 0x00, 0x00, 0x00, 0x00, 0x00, 0x00, 0x00, 0x00, 0x00, 0x00, 0x00, 0x00, 0x00, 0x00, 0x00,
    0x00, 0x00, 0x00, 0x00, 0x00, 0x00, 0x00, 0x00, 0x00, 0x00, 0x00, 0x00, 0x00, 0x00, 0x00, 0x00, 0x00, 0x00, 0x00, 0x00, 0x00, 0x00, 0x00, 0x00,
    0x00, 0x00, 0x00, 0x00, 0x00, 0x00, 0x00, 0x00, 0x00, 0x00, 0x00, 0x00, 0x00, 0x00, 0x00, 0x00, 0x00, 0x00, 0x00, 0x00, 0x00, 0x00, 0x00, 0x00,
    0x00, 0x00, 0x00, 0x00, 0x00, 0x00, 0x00, 0x00, 0x00, 0x00, 0x00, 0x00, 0x00, 0x00, 0x00, 0x00, 0x00, 0x00, 0x00, 0x00, 0x00, 0x00, 0x00, 0x00,
    0x00, 0x00, 0x00, 0x00, 0x00, 0x00, 0x00, 0x00, 0x00, 0x00, 0x00, 0x00, 0x0b, 0xf8, 0x00, 0x01, 0xff, 0x40, 0x1f, 0xfe, 0x00, 0x07, 0xff, 0x80,
    0x0b, 0xff, 0x40, 0x0f, 0xff, 0x00, 0x03, 0xff, 0xc0, 0x2f, 0xfd, 0x00, 0x01, 0xff, 0xe0, 0x7f, 0xfc, 0x00, 0x00, 0xbf, 0xf4, 0xff, 0xf0, 0x00,
    0x00, 0x3f, 0xfe, 0xff, 0xd0, 0x00, 0x00, 0x1f, 0xff, 0xff, 0xc0, 0x00, 0x00, 0x0b, 0xff, 0xff, 0x00, 0x00, 0x00, 0x03, 0xff, 0xfd, 0x00, 0x00,
    0x00, 0x01, 0xff, 0xfc, 0x00, 0x00, 0x00, 0x00, 0xff, 0xf4, 0x00, 0x00, 0x00, 0x03, 0xff, 0xfc, 0x00, 0x00, 0x00, 0x0b, 0xff, 0xfe, 0x00, 0x00,
    0x00, 0x0f, 0xff, 0xff, 0x40, 0x00, 0x00, 0x3f, 0xff, 0xff, 0xc0, 0x00, 0x00, 0xbf, 0xf5, 0xff, 0xe0, 0x00, 0x00, 0xff, 0xf0, 0xbf, 0xf4, 0x00,
    0x03, 0xff, 0xc0, 0x3f, 0xfc, 0x00, 0x0b, 0xff, 0x40, 0x1f, 0xfe, 0x00, 0x0f, 0xff, 0x00, 0x0b, 0xff, 0x40, 0x3f, 0xfc, 0x00, 0x03, 0xff, 0xc0,
    0x3f, 0xf4, 0x00, 0x01, 0xff, 0xc0, 0x00, 0x00, 0x00, 0x00, 0x00, 0x00, 0x00, 0x00, 0x00, 0x00, 0x00, 0x00, 0x00, 0x00, 0x00, 0x00, 0x00, 0x00,
    0x00, 0x00, 0x00, 0x00, 0x00, 0x00, 0x00, 0x00, 0x00, 0x00, 0x00, 0x00, 0x00, 0x00, 0x00, 0x00, 0x00, 0x00, 0x00, 0x00, 0x00, 0x00, 0x00, 0x00,
    0x00, 0x00, 0x00, 0x00, 0x00, 0x00, 0x00, 0x00, 0x00, 0x00, 0x00, 0x00, 0x00, 0x00, 0x00, 0x00, 0x00, 0x00, 0x00, 0x00, 0x00, 0x00, 0x00, 0x00,
    0x00, 0x00, 0x00, 0x00, 0x00, 0x00, 0x00, 0x00, 0x00, 0x00, 0x00, 0x00, 0x00, 0x00, 0x00, 0x00, 0x00, 0x00, 0x00, 0x00, 0x00, 0x00, 0x00, 0x00,
    0x00, 0x00, 0x00, 0x00, 0x00, 0x00, 0x00, 0x00, 0x00, 0x00, 0x00, 0x00, 0x00, 0x00, 0x00, 0x00, 0x00, 0x00, 0x00, 0x00, 0x00, 0x00, 0x00, 0x00,
    0x1f, 0xe0, 0x00, 0x00, 0xbf, 0x80, 0x3f, 0xf4, 0x00, 0x00, 0xff, 0xc0, 0x2f, 0xfc, 0x00, 0x02, 0xff, 0xc0, 0x0f, 0xfc, 0x00, 0x03, 0xff, 0x40,
    0x0f, 0xfe, 0x00, 0x07, 0xff, 0x00, 0x07, 0xff, 0x00, 0x0b, 0xfe, 0x00, 0x03, 0xff, 0x00, 0x0f, 0xfd, 0x00, 0x02, 0xff, 0x80, 0x1f, 0xfc, 0x00,
    0x01, 0xff, 0xc0, 0x2f, 0xf8, 0x00, 0x00, 0xff, 0xd0, 0x3f, 0xf4, 0x00, 0x00, 0xbf, 0xe0, 0x7f, 0xf0, 0x00, 0x00, 0x3f, 0xf0, 0xff, 0xe0, 0x00,
    0x00, 0x3f, 0xf4, 0xff, 0xc0, 0x00, 0x00, 0x1f, 0xfa, 0xff, 0xc0, 0x00, 0x00, 0x0f, 0xff, 0xff, 0x40, 0x00, 0x00, 0x0f, 0xff, 0xff, 0x00, 0x00,
    0x00, 0x07, 0xff, 0xff, 0x00, 0x00, 0x00, 0x03, 0xff, 0xfd, 0x00, 0x00, 0x00, 0x02, 0xff, 0xfc, 0x00, 0x00, 0x00, 0x01, 0xff, 0xf8, 0x00, 0x00,
    0x00, 0x00, 0xff, 0xf4, 0x00, 0x00, 0x00, 0x00, 0xbf, 0xf0, 0x00, 0x00, 0x00, 0x00, 0xff, 0xe0, 0x00, 0x00, 0x00, 0x00, 0xff, 0xc0, 0x00, 0x00,
    0x00, 0x02, 0xff, 0xc0, 0x00, 0x00, 0x00, 0x03, 0xff, 0x40, 0x00, 0x00, 0x03, 0xff, 0xff, 0x00, 0x00, 0x00, 0x07, 0xff, 0xfe, 0x00, 0x00, 0x00,
    0x00, 0x00, 0x00, 0x00, 0x00, 0x00, 0x00, 0x00, 0x00, 0x00, 0x00, 0x00, 0x00, 0x00, 0x00, 0x00, 0x00, 0x00, 0x00, 0x00, 0x00, 0x00, 0x00, 0x00,
    0x00, 0x00, 0x00, 0x00, 0x00, 0x00, 0x00, 0x00, 0x00, 0x00, 0x00, 0x00, 0x00, 0x00, 0x00, 0x00, 0x00, 0x00, 0x00, 0x00, 0x00, 0x00, 0x00, 0x00,
    0x00, 0x00, 0x00, 0x00, 0x00, 0x00, 0x00, 0x00, 0x00, 0x00, 0x00, 0x00, 0x00, 0x00, 0x00, 0x00, 0x00, 0x00, 0x00, 0x00, 0x00, 0x00, 0x0b, 0xff,
    0xff, 0xff, 0xe0, 0x0f, 0xff, 0xff, 0xff, 0xf4, 0x0f, 0xff, 0xff, 0xff, 0xf4, 0x0f, 0xff, 0xff, 0xff, 0xf4, 0x0f, 0xff, 0xff, 0xff, 0xf4, 0x00,
    0x00, 0x01, 0xff, 0xf0, 0x00, 0x00, 0x03, 0xff, 0xc0, 0x00, 0x00, 0x0f, 0xff, 0x40, 0x00, 0x00, 0x2f, 0xfe, 0x00, 0x00, 0x00, 0xbf, 0xf8, 0x00,
    0x00, 0x01, 0xff, 0xf0, 0x00, 0x00, 0x03, 0xff, 0xc0, 0x00, 0x00, 0x0f, 0xff, 0x40, 0x00, 0x00, 0x2f, 0xfe, 0x00, 0x00, 0x00, 0x7f, 0xfc, 0x00,
    0x00, 0x00, 0xff, 0xf0, 0x00, 0x00, 0x03, 0xff, 0xd0, 0x00, 0x00, 0x0b, 0xff, 0x80, 0x00, 0x00, 0x1f, 0xff, 0xea, 0xaa, 0xa0, 0x2f, 0xff, 0xff,
    0xff, 0xf4, 0x2f, 0xff, 0xff, 0xff, 0xf4, 0x2f, 0xff, 0xff, 0xff, 0xf4, 0x1f, 0xff, 0xff, 0xff, 0xf0, 0x00, 0x00, 0x00, 0x00, 0x00, 0x00, 0x00,
    0x00, 0x00, 0x00, 0x00, 0x00, 0x00, 0x00, 0x00, 0x00, 0x00, 0x00, 0x00, 0x00, 0x00, 0x00, 0x00, 0x00, 0x00, 0x00, 0x00, 0x00, 0x00, 0x00, 0x00,
    0x00, 0x00, 0x00, 0x00, 0x00, 0x00, 0x00, 0x00, 0x00, 0x00, 0x00, 0x00, 0x00, 0x00, 0x00, 0x00, 0x00, 0x00, 0x00, 0x00, 0x00, 0x00, 0x00, 0x00,
    0x00, 0x00, 0x00, 0x00, 0x00, 0x00, 0x00, 0x00, 0x00, 0x1b, 0xfc, 0x00, 0x00, 0x00, 0x01, 0xff, 0xfd, 0x00, 0x00, 0x00, 0x07, 0xff, 0xfd, 0x00,
    0x00, 0x00, 0x0f, 0xff, 0xfd, 0x00, 0x00, 0x00, 0x0f, 0xff, 0xf8, 0x00, 0x00, 0x00, 0x1f, 0xfc, 0x00, 0x00, 0x00, 0x00, 0x1f, 0xf8, 0x00, 0x00,
    0x00, 0x00, 0x2f, 0xf8, 0x00, 0x00, 0x00, 0x00, 0x2f, 0xf8, 0x00, 0x00, 0x00, 0x00, 0x2f, 0xf8, 0x00, 0x00, 0x00, 0x00, 0x2f, 0xf8, 0x00, 0x00,
    0x00, 0x00, 0x2f, 0xf8, 0x00, 0x00, 0x00, 0x00, 0x2f, 0xf8, 0x00, 0x00, 0x00, 0x00, 0x2f, 0xf8, 0x00, 0x00, 0x00, 0x00, 0x2f, 0xf4, 0x00, 0x00,
    0x00, 0x00, 0x3f, 0xf4, 0x00, 0x00, 0x00, 0x2b, 0xff, 0xf0, 0x00, 0x00, 0x00, 0xbf, 0xff, 0xe0, 0x00, 0x00, 0x00, 0xbf, 0xff, 0xc0, 0x00, 0x00,
    0x00, 0xbf, 0xff, 0xd0, 0x00, 0x00, 0x00, 0x7f, 0xff, 0xf0, 0x00, 0x00, 0x00, 0x00, 0xbf, 0xf0, 0x00, 0x00, 0x00, 0x00, 0x3f, 0xf4, 0x00, 0x00,
    0x00, 0x00, 0x2f, 0xf8, 0x00, 0x00, 0x00, 0x00, 0x2f, 0xf8, 0x00, 0x00, 0x00, 0x00, 0x2f, 0xf8, 0x00, 0x00, 0x00, 0x00, 0x2f, 0xf8, 0x00, 0x00,
    0x00, 0x00, 0x2f, 0xf8, 0x00, 0x00, 0x00, 0x00, 0x2f, 0xf8, 0x00, 0x00, 0x00, 0x00, 0x2f, 0xf8, 0x00, 0x00, 0x00, 0x00, 0x1f, 0xf8, 0x00, 0x00,
    0x00, 0x00, 0x1f, 0xfc, 0x00, 0x00, 0x00, 0x00, 0x0f, 0xfe, 0x94, 0x00, 0x00, 0x00, 0x0f, 0xff, 0xfd, 0x00, 0x00, 0x00, 0x0b, 0xff, 0xfd, 0x00,
    0x00, 0x00, 0x02, 0xff, 0xfd, 0x00, 0x00, 0x00, 0x00, 0x00, 0x00, 0x00, 0x00, 0x00, 0x00, 0x00, 0x00, 0x00, 0x00, 0x00, 0x00, 0x00, 0x00, 0x00,
    0x00, 0x00, 0x00, 0x00, 0x00, 0x00, 0x00, 0x7f, 0xc0, 0x00, 0x00, 0xbf, 0xc0, 0x00, 0x00, 0xbf, 0xc0, 0x00, 0x00, 0xbf, 0xc0, 0x00, 0x00, 0xbf,
    0xc0, 0x00, 0x00, 0xbf, 0xc0, 0x00, 0x00, 0xbf, 0xc0, 0x00, 0x00, 0xbf, 0xc0, 0x00, 0x00, 0xbf, 0xc0, 0x00, 0x00, 0xbf, 0xc0, 0x00, 0x00, 0xbf,
    0xc0, 0x00, 0x00, 0xbf, 0xc0, 0x00, 0x00, 0xbf, 0xc0, 0x00, 0x00, 0xbf, 0xc0, 0x00, 0x00, 0xbf, 0xc0, 0x00, 0x00, 0xbf, 0xc0, 0x00, 0x00, 0xbf,
    0xc0, 0x00, 0x00, 0xbf, 0xc0, 0x00, 0x00, 0xbf, 0xc0, 0x00, 0x00, 0xbf, 0xc0, 0x00, 0x00, 0xbf, 0xc0, 0x00, 0x00, 0xbf, 0xc0, 0x00, 0x00, 0xbf,
    0xc0, 0x00, 0x00, 0xbf, 0xc0, 0x00, 0x00, 0xbf, 0xc0, 0x00, 0x00, 0xbf, 0xc0, 0x00, 0x00, 0xbf, 0xc0, 0x00, 0x00, 0xbf, 0xc0, 0x00, 0x00, 0xbf,
    0xc0, 0x00, 0x00, 0xbf, 0xc0, 0x00, 0x00, 0xbf, 0xc0, 0x00, 0x00, 0xbf, 0xc0, 0x00, 0x00, 0xbf, 0xc0, 0x00, 0x00, 0xbf, 0xc0, 0x00, 0x00, 0xbf,
    0xc0, 0x00, 0x00, 0xbf, 0xc0, 0x00, 0x00, 0x00, 0x00, 0x00, 0x00, 0x00, 0x00, 0x00, 0x00, 0x00, 0x00, 0x00, 0x00, 0x00, 0x00, 0x00, 0x00, 0x00,
    0x00, 0x00, 0x00, 0x00, 0x00, 0x00, 0x00, 0x00, 0x00, 0x00, 0x00, 0x00, 0x00, 0x00, 0x00, 0x00, 0x00, 0x00, 0x00, 0x7f, 0xa4, 0x00, 0x00, 0x00,
    0x00, 0xbf, 0xff, 0x00, 0x00, 0x00, 0x00, 0xbf, 0xff, 0xc0, 0x00, 0x00, 0x00, 0xbf, 0xff, 0xe0, 0x00, 0x00, 0x00, 0x7f, 0xff, 0xf0, 0x00, 0x00,
    0x00, 0x00, 0x3f, 0xf0, 0x00, 0x00, 0x00, 0x00, 0x3f, 0xf0, 0x00, 0x00, 0x00, 0x00, 0x3f, 0xf4, 0x00, 0x00, 0x00, 0x00, 0x3f, 0xf4, 0x00, 0x00,
    0x00, 0x00, 0x3f, 0xf4, 0x00, 0x00, 0x00, 0x00, 0x3f, 0xf4, 0x00, 0x00, 0x00, 0x00, 0x3f, 0xf4, 0x00, 0x00, 0x00, 0x00, 0x3f, 0xf4, 0x00, 0x00,
    0x00, 0x00, 0x3f, 0xf4, 0x00, 0x00, 0x00, 0x00, 0x2f, 0xf4, 0x00, 0x00, 0x00, 0x00, 0x2f, 0xfc, 0x00, 0x00, 0x00, 0x00, 0x1f, 0xff, 0xe8, 0x00,
    0x00, 0x00, 0x0f, 0xff, 0xfd, 0x00, 0x00, 0x00, 0x03, 0xff, 0xfd, 0x00, 0x00, 0x00, 0x0b, 0xff, 0xfd, 0x00, 0x00, 0x00, 0x0f, 0xff, 0xfc, 0x00,
    0x00, 0x00, 0x1f, 0xfd, 0x00, 0x00, 0x00, 0x00, 0x2f, 0xf8, 0x00, 0x00, 0x00, 0x00, 0x3f, 0xf4, 0x00, 0x00, 0x00, 0x00, 0x3f, 0xf4, 0x00, 0x00,
    0x00, 0x00, 0x3f, 0xf4, 0x00, 0x00, 0x00, 0x00, 0x3f, 0xf4, 0x00, 0x00, 0x00, 0x00, 0x3f, 0xf4, 0x00, 0x00, 0x00, 0x00, 0x3f, 0xf4, 0x00, 0x00,
    0x00, 0x00, 0x3f, 0xf4, 0x00, 0x00, 0x00, 0x00, 0x3f, 0xf0, 0x00, 0x00, 0x00, 0x00, 0x3f, 0xf0, 0x00, 0x00, 0x00, 0x16, 0xff, 0xf0, 0x00, 0x00,
    0x00, 0xbf, 0xff, 0xe0, 0x00, 0x00, 0x00, 0xbf, 0xff, 0xd0, 0x00, 0x00, 0x00, 0xbf, 0xff, 0x80, 0x00, 0x00, 0x00, 0x00, 0x00, 0x00, 0x00, 0x00,
    0x00, 0x00, 0x00, 0x00, 0x00, 0x00, 0x00, 0x00, 0x00, 0x00, 0x00, 0x00, 0x00, 0x00, 0x00, 0x00, 0x00, 0x00, 0x00, 0x00, 0x00, 0x00, 0x00, 0x00,
    0x00, 0x00, 0x00, 0x00, 0x00, 0x00, 0x00, 0x00, 0x00, 0x00, 0x00, 0x00, 0x00, 0x00, 0x00, 0x00, 0x00, 0x00, 0x00, 0x00, 0x00, 0x00, 0x00, 0x00,
    0x00, 0x00, 0x00, 0x00, 0x00, 0x00, 0x00, 0x00, 0x00, 0x00, 0x00, 0x00, 0x00, 0x00, 0x00, 0x00, 0x00, 0x00, 0x00, 0x00, 0x00, 0x00, 0x00, 0x00,
    0x00, 0x00, 0x00, 0x00, 0x00, 0x00, 0x00, 0x00, 0x00, 0x00, 0x00, 0x00, 0x00, 0x00, 0x00, 0x00, 0x00, 0x00, 0x00, 0x00, 0x00, 0x00, 0x00, 0x00,
    0x00, 0x00, 0x00, 0x00, 0x00, 0x00, 0x00, 0x00, 0x00, 0x00, 0x00, 0x00, 0x00, 0x00, 0x00, 0x00, 0x00, 0x00, 0x00, 0x00, 0x00, 0x00, 0x00, 0x00,
    0x00, 0x00, 0x00, 0x00, 0x00, 0x00, 0x00, 0x00, 0x00, 0x00, 0x00, 0x00, 0x00, 0x00, 0x00, 0x00, 0x00, 0x00, 0x00, 0x00, 0x00, 0x00, 0x00, 0x00,
    0x00, 0x00, 0x00, 0x00, 0x00, 0x00, 0x00, 0x00, 0x00, 0x00, 0x00, 0x00, 0x6a, 0x90, 0x00, 0x00, 0x3c, 0x00, 0x00, 0x07, 0xff, 0xfe, 0x00, 0x01,
    0xfc, 0x00, 0x00, 0x3f, 0xff, 0xff, 0xf4, 0x1f, 0xfc, 0x00, 0x00, 0xff, 0xff, 0xff, 0xff, 0xff, 0xfc, 0x00, 0x01, 0xff, 0xff, 0xff, 0xff, 0xff,
    0xfc, 0x00, 0x01, 0xff, 0xe5, 0xbf, 0xff, 0xff, 0xf0, 0x00, 0x01, 0xfd, 0x00, 0x07, 0xff, 0xff, 0x40, 0x00, 0x01, 0xf0, 0x00, 0x00, 0x6f, 0xe4,
    0x00, 0x00, 0x00, 0x40, 0x00, 0x00, 0x00, 0x00, 0x00, 0x00, 0x00, 0x00, 0x00, 0x00, 0x00, 0x00, 0x00, 0x00, 0x00, 0x00, 0x00, 0x00, 0x00, 0x00,
    0x00, 0x00, 0x00, 0x00, 0x00, 0x00, 0x00, 0x00, 0x00, 0x00, 0x00, 0x00, 0x00, 0x00, 0x00, 0x00, 0x00, 0x00, 0x00, 0x00, 0x00, 0x00, 0x00, 0x00,
    0x00, 0x00, 0x00, 0x00, 0x00, 0x00, 0x00, 0x00, 0x00, 0x00, 0x00, 0x00, 0x00, 0x00, 0x00, 0x00, 0x00, 0x00, 0x00, 0x00, 0x00, 0x00, 0x00, 0x00,
    0x00, 0x00, 0x00, 0x00, 0x00, 0x00, 0x00, 0x00, 0x00, 0x00, 0x00, 0x00, 0x00, 0x00, 0x00, 0x00, 0x00, 0x00, 0x00, 0x00, 0x00, 0x00, 0x00, 0x00,
    0x00, 0x00, 0x00, 0x00, 0x00, 0x00, 0x00, 0x00, 0x00, 0x00, 0x00, 0x00, 0x00, 0x00, 0x00, 0x00, 0x00, 0x00,
};
static const glyph_t cond40_glyphs[95] = {
    {13, 12, -1, 0}, /* ' ' */
    {16, 15, -1, 168}, /* '!' */
    {18, 17, -1, 336}, /* '"' */
    {31, 30, -1, 546}, /* '#' */
    {24, 23, -1, 882}, /* '$' */
    {34, 33, -1, 1134}, /* '%' */
    {29, 28, -1, 1512}, /* '&' */
    {11, 10, -1, 1848}, /* ''' */
    {15, 14, -1, 1974}, /* '(' */
    {15, 14, -1, 2142}, /* ')' */
    {19, 18, -1, 2310}, /* '*' */
    {31, 30, -1, 2520}, /* '+' */
    {13, 12, -1, 2856}, /* ',' */
    {14, 13, -1, 3024}, /* '-' */
    {13, 12, -1, 3192}, /* '.' */
    {14, 13, -1, 3360}, /* '/' */
    {24, 23, -1, 3528}, /* '0' */
    {24, 23, -1, 3780}, /* '1' */
    {24, 23, -1, 4032}, /* '2' */
    {24, 23, -1, 4284}, /* '3' */
    {24, 23, -1, 4536}, /* '4' */
    {24, 23, -1, 4788}, /* '5' */
    {24, 23, -1, 5040}, /* '6' */
    {24, 23, -1, 5292}, /* '7' */
    {24, 23, -1, 5544}, /* '8' */
    {24, 23, -1, 5796}, /* '9' */
    {14, 13, -1, 6048}, /* ':' */
    {14, 13, -1, 6216}, /* ';' */
    {31, 30, -1, 6384}, /* '<' */
    {31, 30, -1, 6720}, /* '=' */
    {31, 30, -1, 7056}, /* '>' */
    {20, 19, -1, 7392}, /* '?' */
    {36, 35, -1, 7602}, /* '@' */
    {26, 24, -1, 7980}, /* 'A' */
    {25, 24, -1, 8274}, /* 'B' */
    {26, 25, -1, 8568}, /* 'C' */
    {28, 27, -1, 8862}, /* 'D' */
    {24, 23, -1, 9156}, /* 'E' */
    {22, 21, -1, 9408}, /* 'F' */
    {29, 28, -1, 9660}, /* 'G' */
    {28, 27, -1, 9996}, /* 'H' */
    {12, 11, -1, 10290}, /* 'I' */
    {14, 11, -3, 10416}, /* 'J' */
    {26, 23, -1, 10584}, /* 'K' */
    {21, 20, -1, 10878}, /* 'L' */
    {32, 31, -1, 11130}, /* 'M' */
    {28, 27, -1, 11466}, /* 'N' */
    {29, 28, -1, 11760}, /* 'O' */
    {23, 22, -1, 12096}, /* 'P' */
    {29, 28, -1, 12348}, /* 'Q' */
    {26, 25, -1, 12684}, /* 'R' */
    {24, 23, -1, 12978}, /* 'S' */
    {24, 22, -2, 13230}, /* 'T' */
    {27, 26, -1, 13482}, /* 'U' */
    {26, 24, -1, 13776}, /* 'V' */
    {36, 35, -1, 14070}, /* 'W' */
    {25, 24, -1, 14448}, /* 'X' */
    {24, 22, -2, 14742}, /* 'Y' */
    {25, 24, -1, 14994}, /* 'Z' */
    {15, 14, -1, 15288}, /* '[' */
    {14, 13, -1, 15456}, /* 'backslash' */
    {15, 14, -1, 15624}, /* ']' */
    {31, 30, -1, 15792}, /* '^' */
    {21, 18, -2, 16128}, /* '_' */
    {19, 18, -1, 16380}, /* '`' */
    {23, 22, -1, 16590}, /* 'a' */
    {24, 23, -1, 16842}, /* 'b' */
    {21, 20, -1, 17094}, /* 'c' */
    {24, 23, -1, 17346}, /* 'd' */
    {23, 22, -1, 17598}, /* 'e' */
    {15, 13, -1, 17850}, /* 'f' */
    {24, 23, -1, 18018}, /* 'g' */
    {24, 23, -1, 18270}, /* 'h' */
    {12, 11, -1, 18522}, /* 'i' */
    {13, 11, -2, 18648}, /* 'j' */
    {22, 21, -1, 18816}, /* 'k' */
    {12, 11, -1, 19068}, /* 'l' */
    {35, 34, -1, 19194}, /* 'm' */
    {24, 23, -1, 19572}, /* 'n' */
    {23, 22, -1, 19824}, /* 'o' */
    {24, 23, -1, 20076}, /* 'p' */
    {24, 23, -1, 20328}, /* 'q' */
    {17, 15, -1, 20580}, /* 'r' */
    {20, 19, -1, 20790}, /* 's' */
    {15, 14, -1, 21000}, /* 't' */
    {24, 23, -1, 21168}, /* 'u' */
    {22, 21, -1, 21420}, /* 'v' */
    {30, 29, -1, 21672}, /* 'w' */
    {22, 21, -1, 22008}, /* 'x' */
    {22, 21, -1, 22260}, /* 'y' */
    {20, 19, -1, 22512}, /* 'z' */
    {24, 23, -1, 22722}, /* '{' */
    {14, 13, -1, 22974}, /* '|' */
    {24, 23, -1, 23142}, /* '}' */
    {31, 30, -1, 23394}, /* '~' */
};
static const font_t cond40 = { cond40_bits, cond40_glyphs, 42, 36 };
#endif
